date,open,high,low,close,volume,ma5,volume_ma5,volatility_range_5d,volatility_range_20d,volume_ratio_5d,ma5_acceleration,close_acceleration,volume_ratio_5d_acceleration,up_days_20d,gap_up_ratio_20d
2014-09-22,5865.166,5865.166,5804.845,5820.683,87634502,,,,,,,,,,
2014-09-23,5819.082,5905.165,5819.082,5905.165,83779800,,,,,,,,,,
2014-09-24,5897.941,5984.145,5885.268,5984.145,99190384,,,,,,,-5.501999999999498,,,
2014-09-25,6000.951,6043.622,5970.594,5989.877,105241453,,,,,,,-73.2480000000005,,,
2014-09-26,5983.134,6015.45,5963.249,6015.45,89931943,5943.064,93155616.4,0.0124667362181266,,0.9653947499401656,,19.84099999999944,,,
2014-09-29,6033.637,6081.611,6033.637,6080.097,96461886,5994.9468,94921093.2,0.0119721597819446,,1.016232354138121,,39.07400000000053,,,
2014-09-30,6090.732,6127.134,6075.662,6127.134,87239052,6039.3406,95612943.6,0.0107367772920679,,0.9124188495332552,-7.4889999999986685,-17.609999999999673,-0.1546511088028214,,
2014-10-08,6146.768,6214.97,6117.74,6214.97,95468883,6085.5056,94868643.4,0.010561041641724,,1.0063270600114853,1.7711999999992258,40.79899999999998,0.1977217150830961,,
2014-10-09,6227.4,6246.086,6146.356,6238.262,118732869,6135.182599999999,97566926.6,0.0113200259276374,,1.216937676911512,3.5119999999988067,-64.54400000000078,0.1167024064217966,,
2014-10-10,6221.252,6247.032,6179.098,6216.978,107165548,6175.4882,101013647.6,0.0117698964606749,,1.0609016756266507,-9.371399999998175,-44.57599999999911,-0.3666466181848882,,
2014-10-13,6195.371,6216.669,6115.989,6216.669,98766283,6202.8026,101474527.0,0.0134308631686323,,0.9733110951086276,-12.99120000000039,20.97499999999945,0.0684454207668382,,
2014-10-14,6209.94,6262.341,6165.053,6203.997,94780843,6218.1752,102982885.2,0.0148870308517538,,0.920355288317364,-11.941800000000512,-12.362999999999374,0.0346347737267596,,
2014-10-15,6200.051,6222.795,6140.251,6222.795,89678626,6219.7402,101824833.8,0.0144110897966843,,0.8807146808227837,-13.807599999999184,31.469999999999345,0.0133151992966832,,
2014-10-16,6190.178,6253.087,6134.74,6134.74,100008396,6199.0358,98079939.2,0.0150719813112247,,1.0196620921233197,-22.26940000000104,-106.85300000000008,0.1785880187951163,,
2014-10-17,6118.979,6140.119,5943.592,6058.668,97125862,6167.3738,96072002.0,0.0193740120845487,,1.010969480994057,-10.95759999999882,11.983000000000176,-0.1476400224297986,,
2014-10-20,6068.776,6154.685,6068.517,6154.52,79024982,6154.944,92123741.8,0.0189351318309295,,0.8578134198192111,19.232199999999462,171.9240000000009,-0.1444634500455832,,
2014-10-21,6153.02,6176.069,6097.366,6103.008,79548408,6134.7462,89077254.8,0.0183779855629273,,0.8930271614073136,-7.768000000000939,-147.3640000000014,0.1883698027629484,,
2014-10-22,6102.464,6131.886,6024.404,6027.51,73558799,6095.6892,85853289.4,0.019291411251256,,0.8567965131455988,-18.859199999998964,-23.985999999998967,-0.0714443898498173,,
2014-10-23,6009.84,6032.613,5899.89,5930.483,74296958,6054.8378,80711001.8,0.0199091140390242,,0.9205307373597734,-1.7943999999997686,-21.52900000000045,0.0999648724758894,,
2014-10-24,5930.571,5980.336,5917.556,5941.926,59431259,6031.4894,73172081.2,0.0155347680280857,0.014786353197859,0.8122122266490898,17.5029999999997,108.47000000000024,-0.1720527349248582,0.55,0.4
2014-10-27,5927.149,6007.159,5899.772,6006.838,61642426,6001.953,69695570.0,0.0163101064427289,0.0151620653060588,0.884452569940959,-6.188000000000102,53.46899999999914,0.1805588540025529,0.55,0.4
2014-10-28,6021.653,6163.672,6021.638,6163.672,84583163,6014.0858,70702521.0,0.0183396982472322,0.0155853729884953,1.1963245695298474,41.66919999999936,91.92200000000048,0.2396316562970192,0.55,0.4
2014-10-29,6179.458,6269.957,6179.16,6246.699,111427173,6057.9236,78276195.8,0.0176803561548784,0.0154859747111357,1.4235128810386055,31.70500000000084,-73.80699999999979,-0.0846836880801301,0.55,0.4
2014-10-30,6248.47,6284.7,6222.814,6241.588,103958948,6120.1446,84208593.8,0.0151874179330928,0.0153721348027448,1.2345408385147505,18.383199999999302,-88.13799999999992,-0.4161603540326137,0.5,0.45
2014-10-31,6242.84,6261.706,6158.802,6208.61,92561304,6173.4814,90834602.8,0.0163891788466813,0.0157669638549977,1.0190092888257778,-8.88419999999951,-27.86700000000019,-0.026559507165117,0.45,0.4
2014-11-03,6217.097,6276.232,6216.876,6275.993,91731125,6227.3124,96852342.6,0.0147052124217905,0.0158453284660203,0.9471234514052942,0.4942000000000917,100.3610000000008,0.1436457122684888,0.45,0.35
2014-11-04,6274.997,6280.834,6207.398,6231.816,89067834,6240.941199999999,97749276.8,0.0124532752012324,0.0160144974657864,0.911186628850844,-40.20220000000063,-111.56000000000132,0.0359490148660333,0.4,0.35
2014-11-05,6222.944,6241.068,6188.344,6227.245,78088754,6237.0504,91081593.0,0.0112395689064159,0.0156556065273087,0.8573494536925809,-17.519599999998718,39.60600000000068,-0.0179003526038127,0.35,0.3
2014-11-06,6223.078,6289.828,6201.274,6289.192,76807817,6246.5712,85651366.8,0.0120726171372389,0.0155602826051451,0.896749460862077,13.411599999999453,66.51800000000003,0.0932371823277591,0.4,0.35
2014-11-07,6297.351,6319.085,6204.807,6228.167,91712220,6250.4826,85481550.0,0.0124274520160657,0.0159313527438454,1.0728890620256653,-5.609400000000278,-122.97199999999977,0.1367395939940922,0.4,0.4
2014-11-10,6236.195,6247.719,6196.991,6246.612,77106878,6244.6064,82556700.6,0.0121601030766699,0.0155276384430297,0.9339869137163652,-9.787600000000566,79.46999999999935,-0.3150417494728882,0.45,0.35
2014-11-11,6252.391,6253.217,5973.742,6023.004,101830341,6202.844,85109202.0,0.019083546926239,0.0170636264844077,1.1964668755794468,-35.88619999999901,-242.05299999999988,0.4013821101723813,0.4,0.4
2014-11-12,6005.863,6120.249,5992.895,6120.058,66379154,6181.4066,82767282.0,0.0215520698215461,0.0174408515335241,0.8019975091123568,20.324999999999815,320.66200000000026,-0.6569493283301714,0.45,0.4
2014-11-13,6116.978,6117.105,5986.999,6023.782,83136020,6128.3246,84032922.6,0.0230557452419487,0.0175562235878261,0.9893267713147468,-31.644600000000537,-193.32999999999996,0.5817986286694798,0.45,0.45
2014-11-14,6002.051,6024.372,5965.807,6009.446,61066376,6084.5804,77903753.8,0.021335128035235,0.0164216317315169,0.783869493076982,9.337800000000245,81.9399999999996,-0.3927865404401546,0.4,0.45
2014-11-17,6016.541,6118.006,5992.797,6100.833,64869968,6055.4246,75456371.8,0.0238156041958361,0.0167477565342563,0.8597016587537543,14.588400000000547,105.72299999999996,0.281289443914537,0.45,0.45
2014-11-18,6095.869,6139.763,6094.605,6139.522,63801908,6078.7282,67850685.2,0.0160064104995078,0.0164707327185528,0.9403281309825298,52.45939999999882,-52.69799999999941,0.0047943065520031,0.5,0.5
2014-11-19,6134.374,6206.815,6134.054,6193.562,71495027,6093.429,68873859.8,0.0141941233112741,0.0161665295485286,1.0380575040750075,-8.602799999998751,15.350999999999658,0.0171029008637022,0.55,0.55
2014-11-20,6174.89,6189.443,6158.344,6185.919,65048454,6125.8564,65256346.6,0.0108798557890989,0.0152989090253448,0.996814216381522,17.726599999999053,-61.68299999999999,-0.1389726607859632,0.5,0.6
2014-11-21,6183.472,6240.784,6183.335,6240.774,71436627,6172.122,67330396.8,0.0107718433897201,0.0152309005719255,1.0609862765579303,13.838200000001052,62.4980000000005,0.105415347869894,0.5,0.65
2014-11-24,6281.558,6304.448,6253.737,6293.023,96363989,6210.56,73629201.0,0.0082788486585596,0.014739942088214,1.3087740691359668,-7.82760000000053,-2.6060000000006767,0.1836157324016277,0.5,0.65
2014-11-25,6295.683,6392.799,6290.373,6392.442,101629030,6261.144,81194625.4,0.0100123864396437,0.0143889047666557,1.2516718871394656,12.14599999999973,47.17000000000007,-0.3048899745745375,0.5,0.65
2014-11-26,6400.587,6435.335,6381.889,6435.14,108408198,6309.4596,88577259.6,0.0093238848483559,0.014077411721898,1.223882952459279,-2.2683999999999287,-56.72099999999955,0.0293132473163144,0.55,0.65
2014-11-27,6450.506,6472.788,6420.725,6472.587,113636694,6366.7932,98294907.6,0.0099271307971429,0.0139838372413574,1.1560791578586316,9.018000000000027,-5.251000000000204,-0.0400148599204606,0.6,0.7
2014-11-28,6476.57,6499.2,6419.198,6478.108,118216945,6414.26,107650971.2,0.0105559637461561,0.0137725967967942,1.0981502877514215,-9.866799999999785,-31.926000000000386,0.0098749244934372,0.6,0.75
2014-12-01,6477.995,6477.995,6360.929,6392.464,106276380,6434.1482000000005,109633449.4,0.012606931124376,0.0142153717638604,0.9693791500826388,-27.578599999999824,-91.16499999999996,-0.0708422675615726,0.6,0.75
2014-12-02,6385.949,6466.689,6382.65,6457.556,97590434,6447.171,108825730.2,0.0120051455379383,0.0142768723508322,0.8967588255153284,-6.865400000000591,150.73599999999988,0.0561508131014721,0.65,0.75
2014-12-03,6465.46,6514.307,6393.726,6513.957,131922968,6462.9344,113528684.2,0.014046313397393,0.0147790978446423,1.162023227254139,2.740600000000086,-8.690999999998894,0.3378847263061212,0.65,0.75
2014-12-04,6517.677,6608.226,6515.225,6605.322,135021971,6489.4814,117805739.6,0.0152535317803739,0.0147790659021411,1.146140854074312,10.783599999999751,34.96399999999903,-0.2811467749186377,0.7,0.75
2014-12-05,6612.186,6612.186,6294.194,6462.089,149610293,6486.277599999999,124084409.2,0.0226253840757281,0.0163220798117099,1.2057138682012598,-29.7507999999998,-234.598,0.0754553873067747,0.65,0.8
2014-12-08,6445.512,6494.321,6390.902,6457.511,129043526,6499.286999999999,128637838.4,0.0221658195803574,0.0167168008897823,1.003153719038239,16.213200000000143,138.65500000000063,-0.2621331632899686,0.65,0.75
2014-12-09,6435.574,6435.675,6153.779,6161.367,158101979,6440.0492,140740147.4,0.0287134451460231,0.0166843469057782,1.1233609024911395,-72.24719999999888,-291.5660000000007,0.3227673326159215,0.6,0.75
2014-12-10,6137.272,6367.07,6111.762,6366.81,102951530,6410.6198,134945859.8,0.0330311761263286,0.0176488744208379,0.7629098821748364,29.808399999998983,501.5870000000005,-0.4806582037692037,0.65,0.7
2014-12-11,6361.339,6463.716,6335.855,6463.316,111619808,6382.2186,130265427.2,0.0341717486407044,0.01755806675183,0.8568644067671702,1.0281999999997424,-108.9370000000008,0.454405544908637,0.7,0.75
2014-12-12,6469.268,6549.42,6455.974,6545.19,104460717,6398.8388,121235512.0,0.0271853875098079,0.0177846446803531,0.8616346421665626,45.02140000000054,-14.631999999999609,-0.0891842891929415,0.7,0.75
2014-12-15,6528.867,6664.252,6510.357,6658.145,114471533,6438.9656,118321113.4,0.0286050858057022,0.0179141712922488,0.9674649748520706,23.506599999999708,31.08100000000104,0.1010600972861156,0.7,0.75
2014-12-16,6663.473,6678.409,6590.841,6635.255,106863793,6533.7432,108073476.2,0.0220941254514404,0.0182062756437614,0.9888068447269952,54.65079999999944,-135.84500000000116,-0.0844884628105835,0.65,0.75
2014-12-17,6613.966,6613.966,6494.305,6551.119,110482238,6570.6050000000005,109579617.8,0.0177273062986583,0.018532170167684,1.0082371176147686,-57.91579999999885,-61.246000000000095,-0.0019115969871509,0.65,0.7
2014-12-18,6538.885,6581.062,6529.341,6540.881,88667391,6586.118,104989134.4,0.0153522612541872,0.0186761681181021,0.8445387373343274,-21.348800000000665,73.89800000000105,-0.1831286531682148,0.6,0.65
2014-12-19,6524.554,6524.759,6346.303,6438.042,100389366,6564.688400000001,104174864.2,0.018040648725824,0.019601846014379,0.9636620769408212,-36.9425999999994,-92.60100000000055,0.282821719886935,0.55,0.6
2014-12-22,6406.507,6406.552,6097.914,6120.582,116794188,6457.1758,104639395.2,0.0235031397468997,0.0217202440643338,1.1161588594502885,-86.08300000000145,-214.6210000000001,0.0333734429029735,0.5,0.55
2014-12-23,6087.268,6153.647,6012.568,6023.366,74189417,6334.798,98104520.0,0.0255480539475206,0.0220901925207306,0.7562283266866807,-14.865199999999277,220.2439999999997,-0.5124273152730751,0.45,0.5
2014-12-24,6045.09,6155.291,6045.09,6154.878,68493930,6255.5498,89706858.4,0.0254758391248691,0.0225701587368122,0.763530584189982,43.12960000000021,228.7280000000001,0.367232790266909,0.45,0.45
2014-12-25,6166.467,6222.655,6159.037,6222.506,68349427,6191.8748,85643265.6,0.0259391412360882,0.0226791707278384,0.7980712379561575,15.573199999999815,-63.88399999999911,0.0272383962628742,0.45,0.45
2014-12-26,6218.913,6233.964,6196.217,6233.936,78209171,6151.053600000001,81207226.6,0.0216063605171733,0.0223644452071333,0.9630814186677324,22.853800000001684,-56.19800000000123,0.1304695269453992,0.5,0.45
2014-12-29,6222.939,6222.939,6068.545,6098.979,91938614,6146.733,76236111.8,0.0165840562359333,0.0227145253422232,1.205971970884276,36.500599999997576,-146.3869999999988,0.0778803715049688,0.45,0.5
2014-12-30,6083.956,6088.871,5967.82,5982.636,79477247,6138.587,77293677.8,0.0159464100939019,0.0230755086597215,1.0282502950066637,-3.825399999998808,18.613999999999574,-0.420612228094156,0.4,0.45
2014-12-31,5981.124,6027.52,5945.722,6027.52,70597816,6113.115400000001,77714455.0,0.0150796291203368,0.0228284876675482,0.9084258005798278,-17.325600000000122,161.22699999999986,0.0578971814507764,0.4,0.4
2015-01-05,6025.746,6052.441,5948.272,6049.786,94805191,6078.5714,83005607.8,0.0164785832076754,0.0229854335846638,1.1421540485364654,-9.072400000000926,-22.618000000000396,0.3535527423834734,0.45,0.4
2015-01-06,6021.449,6172.643,5986.401,6172.391,93992033,6066.2624000000005,86162180.2,0.0213022458720871,0.0220336606562231,1.0908734294074884,22.23500000000149,100.33899999999994,-0.2850088670856145,0.5,0.4
2015-01-07,6161.482,6171.145,6118.14,6166.769,80620124,6079.8204,83898482.2,0.0179583526446071,0.0216626586082856,0.9609247019250604,25.86699999999837,-128.22699999999895,-0.0786681083534509,0.5,0.45
2015-01-08,6161.552,6211.46,6126.965,6164.111,81315646,6116.115400000001,84266162.0,0.0166531225832882,0.0200604280190378,0.9649857554922224,22.7370000000019,2.9639999999990323,0.1340097810495897,0.45,0.5
2015-01-09,6148.109,6214.288,6128.011,6128.011,73267839,6136.2136,84800166.6,0.0167547954168467,0.0187593924901777,0.864005837931927,-16.19680000000153,-33.4419999999991,-0.1050409711274571,0.4,0.45
2015-01-12,6098.814,6102.436,6033.711,6062.282,66088789,6138.7128,79056886.2,0.0155783683240357,0.0183370885054966,0.835964988967653,-17.59899999999925,-29.62900000000081,0.0729390685960214,0.35,0.4
2015-01-13,6059.381,6167.352,6058.595,6167.117,60714313,6137.658,72401342.2,0.0130706855442956,0.018504985164845,0.8385799372653067,-3.5540000000000878,170.5640000000003,0.0306557972619275,0.35,0.35
2015-01-14,6167.746,6170.906,6114.236,6139.29,58690607,6132.162200000001,68015438.8,0.0131977748078968,0.0178108308588342,0.8629012476502614,-4.440999999999804,-132.66200000000026,0.0217063620873011,0.35,0.35
2015-01-15,6136.555,6177.051,6136.099,6168.657,54697305,6133.0714,62691770.6,0.0117840046914601,0.0174828978290427,0.8724798243296067,6.404999999998836,57.194000000000415,-0.0147427337056095,0.4,0.35
2015-01-16,6172.958,6252.142,6169.051,6252.075,68559022,6157.8842,61750007.2,0.0116262102984457,0.0172341184901246,1.1102674332967526,23.90360000000146,54.05099999999948,0.2282090322878006,0.45,0.4
2015-01-19,6133.544,6296.612,6033.878,6109.285,93416976,6167.284799999999,67215644.6,0.0179600497233497,0.0189890356227872,1.389810014557236,-15.412200000001576,-226.20799999999963,0.0417549722933375,0.45,0.4
2015-01-20,6135.606,6336.71,6135.606,6336.63,86835548,6201.187400000001,72439891.6,0.0207804019049244,0.0191899234596201,1.1987255375738304,24.502000000002223,370.1350000000002,-0.4706270582438892,0.5,0.45
2015-01-21,6358.017,6465.831,6357.682,6465.733,103809604,6266.476000000001,81463691.0,0.0222795575190836,0.0175049353018802,1.2743051870802171,31.385999999998603,-98.2420000000002,0.2666641264897924,0.55,0.5
2015-01-22,6472.165,6569.902,6466.646,6568.635,103663936,6346.4716,91257017.2,0.0240957235012981,0.0171198152174871,1.1359557783135608,14.706999999999423,-26.201000000000025,-0.2139290582730431,0.55,0.55
2015-01-23,6576.98,6577.376,6481.211,6502.067,104475111,6396.469999999999,98440235.0,0.0243956764056111,0.0169640778103101,1.0613049735202278,-29.997199999999797,-169.47000000000023,0.0636986039733233,0.5,0.55
2015-01-26,6508.733,6642.718,6508.087,6642.612,98178612,6503.1354,99392562.2,0.0198480949975365,0.0174662740631493,0.9877863074144596,56.66700000000128,207.11300000000028,0.0011321386875647,0.5,0.5
2015-01-27,6652.204,6694.818,6582.438,6693.805,109774966,6574.5704,103980445.8,0.0168584778424131,0.0180029527909301,1.055727018242886,-35.23040000000128,-89.35199999999986,0.1414593769341945,0.55,0.5
2015-01-28,6680.081,6725.665,6649.187,6666.263,93994268,6614.676399999999,102017378.6,0.0158076593412512,0.0173108360782097,0.9213554522758538,-31.328999999999724,-78.73500000000058,-0.2023122767954585,0.55,0.55
2015-01-29,6620.23,6661.727,6594.445,6625.004,76681462,6625.950200000001,96620883.8,0.0146949024151755,0.0168069382978055,0.7936323803322528,-28.83219999999801,-13.716999999999643,0.0066484940234311,0.5,0.55
2015-01-30,6629.278,6655.605,6546.138,6546.597,82176298,6634.856199999999,92161121.2,0.0150811612672193,0.0169644608470307,0.8916590524291494,-2.3678000000036263,-37.14800000000014,0.2257497440404976,0.45,0.55
2015-02-02,6485.155,6567.402,6449.566,6535.902,68269625,6613.5142000000005,86179323.8,0.0146334120453254,0.0170049812725618,0.7921810242841567,-30.247999999996864,67.71200000000044,-0.1975047002418893,0.4,0.55
2015-02-03,6547.753,6661.891,6547.621,6654.548,76220862,6605.6628,79468503.0,0.0147100234794998,0.0163548971927833,0.959132978760151,13.490599999998269,129.34099999999944,0.266429982620987,0.45,0.55
2015-02-04,6665.879,6692.315,6645.19,6653.338,79437504,6603.077800000001,76557150.2,0.0138321267215385,0.0162792795974425,1.0376235765369437,5.26640000000134,-119.85599999999975,-0.0884613566992016,0.45,0.55
2015-02-05,6685.76,6729.509,6649.216,6654.082,90406834,6608.893400000001,79302224.6,0.0142143189035404,0.0161972373778685,1.14002897719467,8.40059999999903,1.954000000000633,0.0239148028809337,0.5,0.6
2015-02-06,6637.537,6658.951,6503.593,6526.949,79270860,6604.9638,78721137.0,0.0156305866961763,0.0166834086668631,1.006983168954991,-9.745200000000295,-127.87700000000132,-0.2354512088974054,0.5,0.6
2015-02-09,6508.376,6541.718,6458.176,6474.817,57602370,6592.746799999999,76587686.0,0.0146053006857051,0.0167617143629792,0.7521100715851371,-8.287400000001071,75.00100000000111,-0.1218272891301749,0.45,0.6
2015-02-10,6468.519,6556.066,6458.43,6555.817,51108336,6573.000599999999,71565180.8,0.0141495643699506,0.016624616899197,0.7141508681830928,-7.529199999998127,133.1319999999996,0.2169138939678097,0.5,0.55
2015-02-11,6563.872,6645.977,6563.734,6645.51,60970631,6571.435,67871806.2,0.0152081270694647,0.0167818676628345,0.8983204428114954,18.180600000000595,8.693000000000211,0.2221287780304468,0.5,0.6
2015-02-12,6652.563,6707.653,6652.472,6703.814,67541873,6581.3814,63298814.0,0.0144410382888108,0.0168614957772062,1.0670322037945292,11.511999999998809,-31.389000000000124,-0.0154578136453686,0.5,0.6
2015-02-13,6732.302,6824.594,6731.719,6815.847,87051568,6639.161,64854955.6,0.0124057957792423,0.0168783050370622,1.3422500593000175,47.83320000000003,53.72899999999936,0.1065060945224544,0.55,0.65
2015-02-16,6831.259,6965.462,6831.085,6965.3,87515654,6737.2576,70837612.4,0.013683744814067,0.0156926381356585,1.2354404818985685,40.31700000000001,37.42000000000098,-0.3820274329069375,0.55,0.65
2015-02-17,6987.392,7020.201,6948.217,7020.053,82909248,6830.104800000001,77197794.8,0.0127559489087069,0.0146185036501426,1.073984667758929,-5.249399999998786,-94.70000000000071,-0.0546462367381896,0.55,0.65
2015-02-25,7037.959,7060.066,6984.165,7004.664,84447188,6901.9356,81893106.2,0.0124479600913348,0.0143239683058973,1.031187995162406,-21.01640000000225,-70.14199999999983,0.1186591415431155,0.5,0.65
2015-02-26,7001.178,7045.527,6967.939,7045.267,90364869,6970.2262,86457705.4,0.0130042598945169,0.0140886298755109,1.0451916180509688,-3.540199999998549,55.99200000000019,0.0568002954850863,0.55,0.6
2015-02-27,7045.791,7142.26,7042.144,7141.888,100041339,7035.4344,89055659.6,0.0130826217171989,0.0140500413649592,1.123357453634536,-3.0824000000002343,56.01800000000003,0.0641622126950041,0.55,0.65
2015-03-02,7187.526,7317.872,7172.745,7317.677,130745604,7105.909799999999,97701649.6,0.0131906292135675,0.0140282716896663,1.338212860635262,5.26719999999932,79.16799999999967,0.1366895714171592,0.55,0.65
2015-03-03,7306.437,7386.82,7272.461,7282.108,141157279,7158.3208,109351255.8,0.0142806397977013,0.0139740441389646,1.2908610693796898,-18.064399999998383,-211.3579999999993,-0.2622071982562985,0.55,0.65
2015-03-04,7277.542,7411.266,7277.542,7411.034,120372109,7239.594800000001,116536240.0,0.0157222649196449,0.0143026197004957,1.0329156749865964,28.86299999999937,164.49499999999898,-0.210593603137521,0.6,0.65
2015-03-05,7417.53,7451.239,7375.111,7450.906,125691364,7320.722599999999,123601539.0,0.0155631644162611,0.0143056953757823,1.0169077587294444,-0.1462000000019543,-89.05399999999918,0.2419374781359413,0.65,0.65
2015-03-06,7454.921,7467.427,7330.449,7338.404,114322835,7360.0258,126457838.2,0.0164927183304463,0.0144029306307659,0.904039137686287,-41.82459999999719,-152.3739999999998,-0.0968607047860053,0.65,0.7
2015-03-09,7314.93,7450.816,7284.733,7450.816,100410773,7386.6536,120390872.0,0.0169843567192436,0.0146160078581458,0.8340397517845041,-12.6754000000019,224.91399999999885,0.0428692351413745,0.65,0.65
2015-03-10,7460.61,7577.374,7458.681,7566.481,109149118,7443.528200000001,113989239.8,0.0169808723017379,0.0145417563445242,0.9575387834106776,30.246800000001716,3.253000000000611,0.1934984175279565,0.7,0.65
2015-03-11,7573.261,7573.744,7538.485,7566.311,109467191,7474.5836,111808256.2,0.0143040908801451,0.0144206107401474,0.9790617859578066,-25.81920000000173,-115.83500000000004,-0.1019760290790446,0.65,0.65
2015-03-12,7566.488,7592.533,7455.08,7514.444,110024337,7487.2912,108674850.8,0.0159190024930984,0.0147318662731718,1.0124176494383557,-18.347799999999552,-51.69699999999921,0.0118328609334201,0.65,0.65
2015-03-13,7530.209,7649.757,7530.209,7649.345,97658951,7549.479399999999,105342074.0,0.0153115257168771,0.0143231653859411,0.9270650110799984,49.48059999999987,186.76799999999912,-0.1187085018389064,0.7,0.65
2015-03-16,7707.401,7903.622,7706.946,7903.363,144325530,7639.988800000001,114125025.4,0.0158304305301066,0.0149222903192462,1.2646264874347182,28.321200000002136,119.1170000000002,0.4229141147130772,0.7,0.7
2015-03-17,7946.126,8031.465,7896.748,7993.243,171200489,7725.3412,126535299.6,0.0160638656743139,0.015020331670615,1.352986001070013,-5.157000000002881,-164.13799999999992,-0.249201962719425,0.7,0.7
2015-03-18,7992.92,8150.962,7968.121,8150.95,164707604,7842.269,137583382.2,0.0196182386731793,0.015523138641076,1.1971475142293748,31.575400000001537,67.82699999999932,-0.2441980004759329,0.7,0.7
2015-03-19,8149.478,8217.376,8103.787,8216.624,168089569,7982.705,149196428.6,0.0187247290389158,0.015802788960698,1.1266326585514528,23.508199999999302,-92.03299999999945,0.0853236311627161,0.7,0.7
2015-03-20,8216.303,8336.827,8213.723,8318.829,153792550,8116.601799999999,160423148.4,0.0185586708300138,0.015861384148634,0.9586680696262908,-6.539200000001074,36.53099999999995,-0.0974497332472398,0.7,0.7
2015-03-23,8360.92,8560.765,8360.92,8560.441,178375850,8248.0174,167233212.4,0.0182506854466042,0.0160640254773805,1.0666293342099311,-2.4811999999965337,139.40700000000106,0.275925853508802,0.7,0.7
2015-03-24,8593.782,8665.248,8319.355,8655.38,211379800,8380.444800000001,175269074.6,0.0228724683278705,0.0175494615254059,1.2060302165822014,1.0117999999984022,-146.6730000000025,0.0314396177886301,0.75,0.7
2015-03-25,8662.765,8834.245,8604.238,8784.909,182163305,8507.2366,178760214.8,0.023622507242922,0.0183167754289728,1.019037178959577,-5.635600000001432,34.590000000001965,-0.3263939199948951,0.75,0.75
2015-03-26,8730.363,8786.737,8523.364,8611.864,172182140,8586.284599999999,179578729.0,0.026974164614277,0.0192952651406381,0.9588114414152024,-47.74380000000019,-302.5740000000005,0.1267673000782504,0.7,0.75
2015-03-27,8586.403,8715.285,8578.526,8710.29,131913472,8664.576799999999,175202913.4,0.027154688282073,0.0193794007898525,0.752918255981467,-0.7557999999989988,271.47100000000137,-0.145667447889361,0.7,0.7
2015-03-30,8721.208,8758.753,8663.827,8719.22,156089903,8696.3326,170745724.0,0.0246630497257104,0.0189321306054162,0.9141658095051328,-46.53639999999905,-89.49600000000282,0.3671407389574013,0.75,0.7
2015-03-31,8734.95,8859.414,8676.627,8780.738,156648225,8721.404199999999,159799409.0,0.0208338578400613,0.0191877660359959,0.9802803776326856,-6.684200000001511,52.58800000000156,-0.0951329853961131,0.75,0.75
2015-04-01,8785.125,9015.014,8782.128,9008.201,149793978,8766.0626,153325543.6,0.0207679791108424,0.0195782039767722,0.9769668802922152,19.58680000000095,165.9449999999997,-0.0694280654680233,0.75,0.75
2015-04-02,9061.496,9238.351,9061.496,9238.052,178430172,8891.300200000001,154575150.0,0.0184803010771944,0.0200245493058714,1.154326371347529,80.57920000000195,2.388000000000829,0.1806729883957843,0.8,0.75
2015-04-03,9204.839,9422.843,9159.571,9419.2,176106329,9033.0822,163413721.4,0.0209302438941258,0.0204887821807724,1.0776716146677263,16.54439999999704,-48.70299999999952,-0.2540142477351164,0.8,0.8
2015-04-07,9457.735,9600.831,9457.653,9600.722,180856036,9209.3826,168366948.0,0.0217354979719496,0.0201199159185927,1.0741777893366578,34.51840000000084,0.3739999999979773,0.073160931348734,0.8,0.8
2015-04-08,9625.207,9628.225,9264.543,9455.589,187491504,9344.3528,174535603.8,0.0252645589636209,0.0212586877014666,1.07423070088809,-41.33020000000033,-326.65499999999884,0.0035467368825008,0.8,0.8
2015-04-09,9446.683,9446.683,8988.708,9369.657,174096974,9416.644,179396203.0,0.0298697307266497,0.0234696139383984,0.9704607516135668,-62.67900000000009,59.20099999999911,-0.1038228608259556,0.8,0.8
2015-04-10,9325.424,9621.503,9276.954,9600.4,147301783,9489.1136,173170525.2,0.0332186983099369,0.024349473260081,0.8506169443666964,0.1784000000006926,316.6750000000011,-0.0160738579723469,0.8,0.8
2015-04-13,9652.53,9838.875,9616.395,9813.596,171137997,9567.9928,172176858.8,0.0321627022687055,0.0247015763187295,0.9939663099487328,6.409599999999045,-17.54700000000048,0.2631931728289065,0.8,0.8
2015-04-14,9830.531,9926.393,9741.7,9830.062,175412073,9613.8608,171088066.2,0.0329377694954525,0.0243967506599292,1.025273573406022,-33.01119999999901,-196.7299999999996,-0.112042102124747,0.8,0.8
2015-04-15,9800.639,9800.639,9434.623,9441.192,157667548,9610.9814,165123275.0,0.0329989426850981,0.0254924569541627,0.9548475101405298,-48.7474000000002,-405.3360000000012,-0.1017333267227812,0.75,0.75
2015-04-16,9319.96,9654.154,9209.409,9541.765,135211844,9645.403,157346249.0,0.0325453078507654,0.0267013812327949,0.8593267704780175,37.30099999999948,489.4430000000011,-0.0250946763970202,0.75,0.7
2015-04-17,9612.733,9663.935,9526.086,9567.695,161823147,9638.862,160250521.8,0.028249053644869,0.0267305544115693,1.009813541836467,-40.96260000000075,-74.64300000000003,0.2460075110209618,0.75,0.7
2015-04-20,9541.258,9591.214,9317.302,9353.611,175439660,9546.865,161110854.4,0.0295717541678979,0.0274548471532005,1.0889375557802268,-85.45599999999831,-240.0139999999992,-0.0713627574146898,0.7,0.65
2015-04-21,9364.307,9716.607,9362.867,9716.349,151818225,9524.1224,156392084.8,0.0330953720799664,0.0281079223182697,0.970753892015384,69.2543999999998,576.8219999999983,-0.1973076777086023,0.7,0.6
2015-04-22,9798.162,9995.598,9798.162,9995.261,180965492,9634.9362,161051673.6,0.0292923670503363,0.0270974316347791,1.123648627517274,133.55639999999948,-83.82599999999911,0.2710783992667327,0.7,0.6
2015-04-23,10035.426,10157.038,9977.372,10105.274,188557277,9747.638,171720760.2,0.0235261829498756,0.0266773001595333,1.0980459018489717,1.8880000000008292,-168.89900000000125,-0.1784974611701925,0.75,0.6
2015-04-24,9990.334,10153.955,9909.478,10123.91,174194274,9858.881,174194985.6,0.0254743273105217,0.0263555950856305,0.9999959149225937,-1.4588000000021566,-91.3769999999986,-0.0724472612580756,0.75,0.6
2015-04-27,10202.033,10297.098,10093.249,10174.898,172488850,10023.1384,173604823.6,0.023624409136945,0.0265722773669186,0.993571759258422,53.01440000000184,32.35199999999895,0.0916258312622064,0.75,0.6
2015-04-28,10184.264,10184.264,9744.377,9847.893,169266059,10049.4472,177094390.4,0.0252767000342034,0.028261334895393,0.955795712205687,-137.94859999999971,-377.9929999999986,-0.0313518913885632,0.7,0.55
2015-04-29,9817.445,10111.91,9792.637,10107.402,134623435,10071.8754,167825979.0,0.0276437154790932,0.0287998960445371,0.8021608799910531,-3.880600000000413,586.5139999999992,-0.115858785161899,0.7,0.5
2015-04-30,10156.36,10298.489,10155.188,10180.487,140745122,10086.918,158263548.0,0.0269030388458161,0.0282110650932767,0.8893085222631304,-7.385600000001432,-186.4240000000009,0.2407824744867112,0.7,0.5
2015-05-04,10206.205,10281.709,10085.326,10270.129,132156751,10116.161799999998,149856043.4,0.0258976967309114,0.0282099439990598,0.8818913672186276,14.201199999999517,16.557000000002517,-0.09456479731658,0.7,0.5
2015-05-05,10273.567,10286.562,9950.573,10007.27,148578165,10082.6362,145073906.4,0.028605694881559,0.0284911401137769,1.0241549889084671,-62.76939999999559,-352.501000000002,0.1496807767343423,0.65,0.5
2015-05-06,10032.051,10264.644,9913.608,9973.99,133198975,10107.8556,137860489.6,0.0267110966788345,0.0295052345721142,0.9661867253371484,58.74499999999716,229.57899999999967,-0.2002318852611582,0.65,0.45
2015-05-07,9934.934,9989.861,9789.184,9806.507,113428136,10047.6766,133621429.8,0.0244862205377159,0.0286053114380609,0.8488768318807497,-85.39840000000004,-134.20299999999952,-0.05934162988508,0.65,0.45
2015-05-08,9913.854,10274.579,9913.854,10274.376,127807094,10066.4544,131033824.2,0.0286928490307294,0.0279168446692966,0.9753748299746258,78.95679999999993,635.3520000000008,0.2438078915502748,0.65,0.45
2015-05-11,10424.971,10772.061,10386.626,10771.621,160409623,10166.752799999998,136684398.6,0.0320249860878611,0.0279115159435408,1.1735766820720386,81.52059999999801,29.375999999998385,0.0717038540035367,0.65,0.45
2015-05-12,10871.477,11051.871,10782.195,11051.433,178092914,10375.5854,142587348.4,0.030190468489898,0.027998081669075,1.249009228367136,108.5342000000037,-217.4329999999973,-0.1227693058023152,0.65,0.45
2015-05-13,10969.326,11259.272,10834.984,11137.303,176980538,10608.248,151343661.0,0.030770663409913,0.0289634580507293,1.1693951159275842,23.82999999999811,-193.94200000000276,-0.1550466587346495,0.7,0.5
2015-05-14,11158.422,11272.842,11093.572,11211.1,169815190,10889.1666,162621071.8,0.0298760123943211,0.0278245788653666,1.0442385363739806,48.25600000000122,-12.0729999999985,-0.0455424671140516,0.7,0.55
2015-05-15,11165.967,11316.891,11000.633,11217.927,160382705,11077.8768,169136194.0,0.0284926140252959,0.0269036712129292,0.9482459147685444,-92.20840000000136,-66.97000000000116,0.0291639579481675,0.7,0.55
2015-05-18,11234.72,11557.17,11222.201,11542.279,152855850,11232.0084,167625439.4,0.0271403328669877,0.0276343357490705,0.9118893322346154,-34.578599999998914,317.52500000000146,0.059636039071507,0.75,0.6
2015-05-19,11624.303,11837.653,11525.344,11831.364,162963108,11387.9946,164599478.2,0.0275392927690658,0.027489966319367,0.9900584727370054,1.8545999999987544,-35.267000000001644,0.114525723036319,0.75,0.65
2015-05-20,11912.376,12321.406,11909.243,12132.372,198115217,11587.0084,168826414.0,0.0267145032685107,0.0273682408478654,1.1734847190440236,43.02760000000126,11.923000000000684,0.1052571058046282,0.75,0.65
2015-05-21,12214.483,12586.644,12213.725,12586.054,191956135,11861.9992,173254603.0,0.0294423309466857,0.027862069839454,1.107942482774902,75.97699999999895,152.6740000000009,-0.2489684825761398,0.75,0.65
2015-05-22,12782.054,12848.226,12386.939,12687.287,228746994,12155.8712,186927460.8,0.0310755329772363,0.0287910087197694,1.223720650893258,18.881199999999808,-352.4490000000005,0.1813204043874776,0.75,0.7
2015-05-25,12513.18,12894.444,12408.099,12877.87,222812989,12422.9894,200918888.6,0.0328245140321195,0.0294718824294699,1.1089698462526734,-26.75379999999859,89.35000000000036,-0.2305289727589408,0.75,0.65
2015-05-26,12962.674,13402.181,12960.292,13401.312,228034571,12736.979,213933181.2,0.0341398859767459,0.0301188355293172,1.0659149259638083,46.871399999998175,332.85899999999856,0.0716958843517197,0.8,0.7
2015-05-27,13484.77,13642.135,13174.123,13582.547,230412223,13027.014,220392582.4,0.0342368252158855,0.0296082721432859,1.045462694301639,-23.95459999999912,-342.2069999999985,0.0226026886266956,0.8,0.75
2015-05-28,13610.781,13806.205,12816.463,12818.986,256655917,13073.6004,233332538.8,0.0437527312604308,0.0318893237847883,1.0999576755130218,-243.4485999999997,-944.7960000000004,0.0749472128735522,0.75,0.75
2015-05-29,12775.085,13250.945,12237.603,13027.209,210025558,13141.5848,229588251.6,0.0520384054328199,0.0350748503665204,0.9147922706686096,21.398000000001048,971.7839999999997,-0.2396603860557952,0.75,0.7
2015-06-01,13146.122,13691.599,13146.073,13691.171,188014377,13304.245,222628529.2,0.0524542342140596,0.036111016800257,0.8445205907599376,94.67579999999909,455.7389999999996,0.1148937249357404,0.8,0.7
2015-06-02,13805.721,14277.332,13763.635,14276.32,212235506,13479.246600000002,219468716.2,0.0530560121084549,0.0362314148360411,0.9670421811124624,12.341400000001158,-78.8130000000001,0.1927932702611967,0.85,0.75
2015-06-03,14381.022,14461.294,13928.163,14356.595,216560312,13634.0562,216698334.0,0.0535916228419988,0.036328403684077,0.9993630684765672,-20.192000000002736,-504.8739999999998,-0.0902007029884202,0.9,0.8
2015-06-04,14366.777,14424.356,13459.878,14308.65,203077082,13931.989,205982567.0,0.0516308568226141,0.0386754828560129,0.9858945101893016,143.1232,-128.21999999999937,-0.0457894456513701,0.85,0.8
2015-06-05,14513.107,14656.253,14174.177,14465.749,228745894,14219.697,209726634.2,0.0427386093085421,0.0385862904359736,1.090685953515388,-10.22479999999814,205.04399999999987,0.1182600016133519,0.85,0.8
2015-06-08,14445.11,14445.11,13967.373,14099.726,213782197,14301.408,214880198.2,0.0415461334758274,0.0384913036472486,0.9948901703870452,-205.9970000000012,-523.1219999999994,-0.2005872264544295,0.8,0.75
2015-06-09,14018.54,14217.844,13899.357,14106.229,169875376,14267.3898,206408172.2,0.0388651943141764,0.0384000962921107,0.8230070262692826,-115.72919999999796,372.525999999998,-0.0760873609894194,0.8,0.7
2015-06-10,14047.112,14596.061,13918.593,14461.811,179123587,14288.433,198920827.2,0.0408072721397972,0.0388375558665481,0.9004767852684659,55.061399999998685,349.07900000000154,0.2493529031169458,0.8,0.7
2015-06-11,14486.942,14769.588,14478.84,14768.881,185505153,14380.479199999998,195406441.4,0.0312635297070687,0.0390223621841998,0.9493297747553168,71.00299999999697,-48.51200000000063,-0.0286167695123324,0.8,0.7
2015-06-12,14844.619,15086.443,14825.282,15006.338,205350949,14488.597,190727452.4,0.0280791377243742,0.0384829213607431,1.076672216904209,16.071600000004764,-69.61299999999937,0.0784894526620414,0.8,0.7
2015-06-15,15050.579,15076.494,14675.205,14707.778,222763962,14610.2074,192523805.4,0.0267594216840162,0.0383960758515057,1.1570722983434234,13.492599999997765,-536.0169999999998,-0.0469423607096777,0.75,0.7
2015-06-16,14514.849,14514.849,13981.677,14102.221,192589672,14609.4058,197066664.6,0.029805402762416,0.0389666237904483,0.9772818370418596,-122.41199999999844,-306.9970000000012,-0.2601905427407782,0.7,0.65
2015-06-17,14061.979,14446.512,13603.847,14407.313,180359316,14598.5062,197313810.4,0.0321340809223347,0.0401924502800041,0.9140734530156334,-10.098000000001775,910.6490000000013,0.1165820772753374,0.7,0.6
2015-06-18,14392.319,14499.874,13894.259,13934.214,169696188,14431.5728,194152017.4,0.0368892640402185,0.040884095457583,0.8740377270990952,-156.03379999999925,-778.1910000000007,0.0231726581096881,0.65,0.6
2015-06-19,13564.222,13688.944,12999.071,13024.715,150201723,14035.248200000002,183122172.2,0.0440018793679157,0.041714507958413,0.8202268529009946,-229.3911999999982,-436.3999999999997,-0.0137751482815624,0.6,0.6
2015-06-23,12955.753,13131.647,12168.348,13047.019,156528854,13703.0964,169875150.6,0.0533116285558609,0.043517854482441,0.9214346739186938,64.17279999999664,931.803,0.1550186952157998,0.6,0.55
2015-06-24,13176.063,13382.76,12935.569,13313.794,165156313,13545.410999999998,164388478.8,0.052467805694356,0.0435486037198508,1.0046708516655487,174.46639999999934,244.47099999999955,-0.0179716432708443,0.6,0.55
2015-06-25,13357.214,13361.765,12585.363,12760.478,172863828,13216.044,162889381.2,0.0529389202931305,0.0448679740493153,1.0612344815022234,-171.68159999999625,-820.0910000000003,-0.0266725479101801,0.6,0.55
2015-06-26,12309.799,12311.038,11710.777,11730.748,147403220,12775.350799999998,158430787.6,0.0544804079854305,0.0435660146388329,0.9303950465244042,-111.32620000000315,-476.4139999999989,-0.1874030648144939,0.55,0.55
2015-06-29,11923.423,11933.717,10787.159,10906.044,182273836,12351.6166,164845210.2,0.0649132192831379,0.0449332114209925,1.1057272199711146,16.95900000000256,205.02599999999984,0.3061716084245296,0.5,0.5
2015-06-30,10543.234,11389.191,10110.659,11381.472,216880947,12018.5072,176915628.8,0.0726135436927339,0.0485576818521096,1.2259004389328434,90.6247999999996,1300.1319999999996,-0.0551589544849815,0.5,0.45
2015-07-01,11264.866,11641.025,10685.37,10734.011,190361495,11502.5506,181956665.2,0.0837019460320625,0.0512100872007528,1.0461913818367783,-182.84720000000016,-1122.8889999999992,-0.2998822760577939,0.45,0.45
2015-07-02,10626.734,10696.419,9959.559,10002.358,169217315,10950.9266,181227362.6,0.0862668173299016,0.053036772671291,0.9337293914798714,-35.66740000000027,-84.19200000000092,0.0672470667391582,0.45,0.45
2015-07-03,9545.269,10055.571,9282.591,9358.732,164507668,10476.5234,184648252.2,0.0925517452593639,0.0537962367480204,0.890924587912238,77.22079999999914,88.02700000000004,0.0696571867892734,0.4,0.4
2015-07-06,9943.956,9943.956,8755.034,8858.911,202661177,10067.0968,188725720.4,0.0983669101791043,0.058840286638633,1.073839731916053,64.97659999999996,143.8050000000003,0.2257199475714484,0.4,0.45
2015-07-07,8517.291,8528.494,8352.937,8356.125,78383269,9462.0274,161026184.8,0.0801018854578868,0.0581966198476244,0.4867734343787296,-195.6427999999978,-2.965000000000145,-0.7699814415411385,0.35,0.45
2015-07-08,8057.109,8128.539,8056.458,8114.604,78507679,8938.146,138655421.6,0.064072348330649,0.0575118757048709,0.5662070627608261,81.18799999999828,261.2650000000003,0.6664999259194199,0.3,0.4
2015-07-09,7951.43,8349.731,7951.43,8348.874,134135907,8607.4492,131639140.0,0.0588800529205076,0.0575549678664686,1.0189667525934916,193.18459999999868,475.79099999999926,0.373326061450569,0.3,0.35
2015-07-10,8488.348,8621.385,8478.256,8620.271,82269986,8459.757,115191603.6,0.0456819025055393,0.057400829947638,0.7142012388826576,183.00460000000203,37.12700000000132,-0.7575252035434994,0.3,0.35
2015-07-13,8930.791,9034.352,8879.572,9032.556,132737568,8494.485999999999,101206881.8,0.0222677933766496,0.0573874505517019,1.3115468596523838,182.4211999999989,140.887999999999,0.90211113448056,0.35,0.35
2015-07-14,9311.511,9501.082,9236.838,9338.169,186540095,8690.894799999998,122838247.0,0.023725356739833,0.0574381036115786,1.5185831738546385,161.6797999999999,-106.67200000000048,-0.3903093065674717,0.4,0.4
2015-07-15,9424.222,9424.222,8918.928,8942.905,214098523,8856.554999999998,149956415.8,0.0332492263791117,0.0583728316090448,1.4277383322201276,-30.748599999998987,-700.8769999999986,-0.2978811558367651,0.35,0.45
2015-07-16,8615.931,9241.728,8470.126,9041.228,202674478,8995.0258,163664130.0,0.0407763181096313,0.0597155271632928,1.2383561260491227,-27.189399999999296,493.5869999999977,-0.0985373645364942,0.4,0.4
2015-07-17,9087.155,9588.172,9078.857,9541.258,187982797,9179.2232,184806692.2,0.0481316195459997,0.0602114188240833,1.0171860919222708,45.72659999999996,401.70700000000215,-0.031787827955847,0.45,0.45
2015-07-20,9657.623,9940.922,9579.163,9839.916,230396091,9340.695199999998,204338396.8,0.0520573491365033,0.0594013179938488,1.1275222601726902,-22.725400000002992,-201.3720000000012,0.3315062023772712,0.45,0.5
2015-07-21,9762.602,10139.152,9652.932,10062.893,208161377,9485.64,208662653.2,0.0560615324823398,0.0581255795931984,0.9975976716853134,-16.52719999999681,-75.68099999999868,-0.2402607567377961,0.45,0.5
2015-07-22,10082.955,10270.11,9923.162,10228.863,220861144,9742.8316,210015177.4,0.0515447942314514,0.0581420787433187,1.0516437275356652,112.24679999999898,-57.00700000000143,0.1839706443377284,0.5,0.5
2015-07-23,10251.556,10585.679,10197.655,10553.222,235207444,10045.2304,216521770.6,0.041829931508397,0.0569382799671094,1.0862992822764217,45.20720000000074,158.38900000000103,-0.0193905011095951,0.55,0.55
2015-07-24,10579.159,10782.594,10351.925,10449.749,258806921,10226.9286,230686595.4,0.039396542884209,0.056440452548778,1.12189839444828,-120.70060000000194,-427.83200000000033,0.0009435574311018,0.55,0.6
2015-07-27,10235.63,10556.475,9716.967,9719.55,227179702,10202.8554,230043317.6,0.0493182818241409,0.0555025836290995,0.9875518418449378,-205.7713999999978,-626.7260000000006,-0.1699456647752006,0.5,0.6
2015-07-28,9125.958,9769.622,9036.615,9284.541,219787328,10047.185,232368507.8,0.0554444974293317,0.0538333180273478,0.9458567775852456,-131.59720000000198,295.1900000000005,0.09265148834365,0.5,0.55
2015-07-29,9435.39,9727.529,9019.912,9727.231,186331068,9946.8586,225462492.6,0.0632099883529268,0.0530190893235347,0.8264393152548691,55.34400000000096,877.6990000000005,-0.0777223980706841,0.55,0.6
2015-07-30,9679.096,9910.54,9422.044,9460.728,201168533,9728.359799999998,218654710.4,0.0661831452554315,0.0519173619484918,0.920028352611241,-118.17240000000128,-709.1930000000011,0.2130064996867483,0.55,0.65
2015-07-31,9283.383,9512.494,9081.719,9223.636,149505420,9483.1372,196794410.2,0.0672811548709246,0.0501228049516681,0.7597035904020815,-26.723799999997937,29.41100000000188,-0.2539137995655315,0.55,0.6
2015-08-03,9076.072,9109.275,8656.513,8723.593,146175146,9283.945799999998,180593499.0,0.0603867004408675,0.0460075311945403,0.8094153267388656,46.031199999997625,-262.95100000000093,0.2100364985459437,0.55,0.6
2015-08-04,8720.241,9265.349,8720.241,9265.221,166394678,9280.0818,169914969.0,0.0563636188191458,0.0478987513676626,0.9792820431259356,195.32740000000376,1041.6709999999985,0.1201549800502858,0.6,0.6
2015-08-05,9285.294,9465.774,9131.797,9240.884,188591006,9182.8124,170366956.6,0.0490426696880003,0.0492616696628725,1.1069693898611324,-93.40540000000146,-565.9649999999983,-0.0421793696518731,0.55,0.65
2015-08-06,9025.668,9331.654,8996.404,9229.348,143823184,9136.5364,158897886.8,0.0459807219483065,0.0486925292054416,0.905129620641374,50.99339999999938,12.800999999999476,-0.3295271159549551,0.5,0.6
2015-08-07,9321.984,9585.511,9319.249,9585.136,185532771,9208.8364,166103357.0,0.0421957725690192,0.0492512724675381,1.1169718321827775,118.57599999999913,367.3240000000005,0.4136819807611618,0.5,0.6
2015-08-10,9704.077,10133.761,9680.441,10077.942,224007087,9479.7062,181669745.2,0.0408118812725229,0.0506435531685087,1.233045638685687,198.56980000000112,137.0179999999982,-0.095768405038494,0.5,0.6
2015-08-11,10093.875,10300.815,10050.235,10153.713,242343252,9657.4046,196859460.0,0.0339808561025903,0.0504626262083519,1.2310470220735137,-93.17140000000109,-417.0349999999981,-0.1180724231150827,0.55,0.6
2015-08-12,10053.47,10227.341,10003.361,10005.929,202560432,9810.4136,199653345.2,0.0312295538612632,0.0487567515334104,1.0145606716335651,-24.689399999999296,-223.5550000000003,-0.2144877338277753,0.5,0.6
2015-08-13,9946.407,10309.766,9893.157,10308.789,204653227,10026.3018,211819353.8,0.0320472835703606,0.0465102705706239,0.9661686872731834,62.8791999999994,450.6440000000002,0.1680943660795668,0.5,0.55
2015-08-14,10400.498,10505.916,10295.334,10377.978,234011253,10184.8702,221515050.2,0.0305498036374408,0.0448558184903984,1.0564124324226165,-57.3197999999993,-233.6710000000021,0.1386357295098148,0.5,0.55
2015-08-17,10339.257,10563.514,10267.226,10563.132,223077745,10281.9082,221329181.8,0.0271633737728665,0.0444200593275995,1.0079002831247983,-61.530399999999645,115.96500000000196,-0.1387558944472511,0.5,0.5
2015-08-18,10582.226,10603.359,9781.747,9806.701,257015167,10212.5058,224263564.8,0.0389837767831978,0.0461931872835664,1.146040674191584,-166.4403999999995,-941.585000000001,0.1866525403646035,0.45,0.5
2015-08-19,9442.91,10118.27,9224.173,10057.84,229399080,10222.888,229631294.4,0.0522859368171589,0.0489420371798373,0.9989887510732944,79.78459999999905,1007.5700000000016,-0.2851923141850752,0.45,0.45
2015-08-20,9947.822,10149.456,9734.621,9739.916,198712421,10109.113399999998,228443133.2,0.0527215845083791,0.0492331838206194,0.8698550847927173,-124.15680000000248,-569.0630000000019,0.0179182568377125,0.45,0.45
2015-08-21,9531.917,9661.604,9159.43,9208.154,168873775,9875.1486,215415637.6,0.0595704963483027,0.0498993068564218,0.78394389971622,-120.19019999999546,-213.83799999999792,0.0432224812040797,0.45,0.45
2015-08-24,8782.486,8833.714,8505.739,8506.723,109304976,9463.8668,192661083.8,0.0616716049355188,0.0475083901054439,0.5673433048548022,-177.31700000000274,-169.6690000000017,-0.1306894097849205,0.45,0.45
2015-08-25,7889.783,8073.073,7878.485,7882.112,112860368,9078.949,163830124.0,0.0498529289199218,0.0447952951562139,0.6888865444550356,26.3640000000014,76.82000000000062,0.3381438344616512,0.4,0.4
2015-08-26,7836.28,8103.104,7457.888,7543.784,201157358,8576.1378,158181779.6,0.0491797213150005,0.0454344704203557,1.2716847573005812,-117.89340000000084,286.28299999999945,0.4612549732453121,0.4,0.35
2015-08-27,7666.505,7794.849,7370.213,7793.538,165206427,8186.8622,151480580.8,0.0515586057846219,0.045577048952917,1.0906112593938508,113.53559999999923,588.0820000000003,-0.7638717107522759,0.45,0.35
2015-08-28,7912.79,8271.598,7861.963,8270.959,188872573,7999.4232,155480340.4,0.0505568277443678,0.0457182250747826,1.2147681984364886,201.83660000000145,227.66700000000128,0.3052304369493681,0.5,0.4
2015-08-31,8222.529,8222.529,7950.097,7950.459,161855872,7888.1704,165990519.6,0.0496991073790616,0.0448364918399925,0.9750910617668794,76.18619999999919,-797.9210000000021,-0.363834075712247,0.45,0.45
2015-09-01,7848.656,7848.656,7433.889,7441.338,135520184,7800.015600000001,170522482.8,0.055909294751679,0.0446817141393472,0.7947349919772573,23.098000000000862,-188.6209999999992,0.059321066879987,0.45,0.4
2015-09-02,7072.791,7619.511,7057.552,7129.969,142113580,7717.2526,158713727.2,0.0545666910462107,0.0468154757599083,0.8954082454438131,5.391799999998511,197.7520000000004,0.281029323256178,0.45,0.4
2015-09-07,7243.442,7465.766,7219.473,7291.468,130831510,7616.8386,151838743.8,0.0504252098340228,0.0466881709243461,0.8616477371041052,-17.65099999999893,472.8679999999995,-0.1344337618062637,0.45,0.4
2015-09-08,7247.574,7660.613,7204.36,7651.5,127749654,7492.9468,139614160.0,0.0524456734554192,0.0482807002963826,0.915019321822371,-23.47780000000057,198.5330000000004,0.0871320930579736,0.45,0.4
2015-09-09,7716.553,7980.588,7697.807,7956.728,189523444,7494.200599999999,145147674.4,0.0527004059335569,0.0478086230052509,1.3057284230245991,125.14559999999985,-54.80400000000009,0.3373375164839624,0.45,0.4
2015-09-10,7831.499,7999.54,7798.753,7842.999,146584420,7574.532799999999,147360521.6,0.0466729189297503,0.0478547298461372,0.994733313973286,79.07840000000033,-418.95700000000033,-0.7017042102535411,0.45,0.45
2015-09-11,7826.736,7975.509,7808.479,7952.135,129061754,7738.966,144750156.4,0.0351105090038112,0.0477857145455453,0.8916173716825082,84.10100000000148,222.8650000000007,0.207879166760535,0.45,0.45
2015-09-14,7997.34,8022.056,7391.904,7412.301,157164423,7763.1326,150016739.0,0.0453577311065793,0.0500157828084008,1.0476459097007835,-140.26660000000174,-648.9700000000003,0.2591444803090532,0.4,0.45
2015-09-15,7183.325,7351.996,7008.99,7034.899,128426049,7639.812400000001,150152018.0,0.0431834408587275,0.0514391096017043,0.8553068464254673,-147.48679999999877,162.4319999999998,-0.3483676012935915,0.35,0.45
2015-09-16,7062.838,7517.622,7049.416,7500.609,145459062,7548.5886,141339141.6,0.0485599484316581,0.0531577666699489,1.029149182267285,32.09639999999854,843.1120000000001,0.3661813991171339,0.4,0.4
2015-09-17,7516.355,7771.455,7428.566,7428.637,179202581,7465.716200000001,147862773.8,0.0526713351129951,0.0512766194285866,1.2119519767861948,8.351400000001377,-537.6820000000007,0.0089604586770922,0.35,0.45
2015-09-18,7484.282,7599.358,7386.122,7556.203,127467527,7386.529800000001,147543928.4,0.0541144494084718,0.0482428426933735,0.8639293285890305,3.6859999999996944,199.53800000000135,-0.5308254427160742,0.4,0.4
2015-09-21,7453.17,7850.806,7430.943,7847.884,146572488,7473.6464,145425541.4,0.0478116088347576,0.0487882888899954,1.0078868305316826,166.30299999999806,164.11499999999887,0.4919801501398164,0.45,0.4
2015-09-22,7868.638,7974.877,7765.782,7880.835,168127746,7642.8336,153365880.8,0.0433664718807161,0.0473881034848077,1.0962526027496984,82.07060000000183,-258.7299999999996,-0.0555917297246363,0.5,0.45
2015-09-23,7734.278,7924.523,7716.131,7824.066,146837149,7707.525,153641498.2,0.0362089412162376,0.0467921007401286,0.9557128166561968,-104.4958000000006,-89.72000000000025,-0.2289055583115172,0.5,0.45
2015-09-24,7856.023,7951.787,7814.336,7928.824,143692058,7807.5624,146539393.6,0.0304445177635964,0.0464245166395052,0.9805694869478428,35.34600000000046,161.52700000000004,0.1653964563851474,0.55,0.5
2015-09-25,7877.925,7934.522,7585.15,7640.173,146334824,7824.3564,150312853.0,0.0339461758318298,0.0444344563225809,0.9735350043552164,-83.24340000000029,-393.4089999999997,-0.0318911528842724,0.5,0.55
2015-09-28,7643.16,7841.219,7536.816,7839.617,108647169,7822.702999999999,142727789.2,0.0310119071238153,0.0436516142247938,0.7612194486369863,-18.44740000000093,488.09500000000025,-0.2052810731256035,0.5,0.5
2015-09-29,7702.646,7824.227,7658.196,7720.677,111153312,7790.671399999999,131332902.4,0.0300064337953167,0.0422505049975449,0.8463477922802687,-30.378199999998287,-318.3840000000009,0.2974438993615124,0.5,0.5
2015-09-30,7753.352,7794.639,7642.699,7727.509,95677235,7771.360000000001,121100919.6,0.0286119293318148,0.0415203062283168,0.7900620021385866,12.72020000000066,125.77200000000084,-0.1414141337849644,0.55,0.55
2015-10-08,7961.002,8099.15,7902.548,8056.278,140742785,7796.8508,120511065.0,0.0300255227349488,0.0399535736353226,1.1678826753377376,44.802199999998265,321.9369999999999,0.4341064633408331,0.6,0.6
2015-10-09,8045.772,8213.56,8028.609,8180.396,155003131,7904.895399999999,122244726.4,0.0254016763902466,0.0371432026585898,1.2679739696321166,82.55379999999968,-204.65100000000075,-0.277729378904772,0.6,0.6
2015-10-12,8226.546,8590.911,8225.242,8522.629,209461900,8041.4978,142407672.6,0.026217045843362,0.0375995732271286,1.470861058085995,28.557800000001407,218.1150000000016,0.1027957941594996,0.6,0.6
2015-10-13,8447.741,8672.868,8420.639,8651.052,189675916,8227.5728,158112193.4,0.0277472769824186,0.0360759058792947,1.199628642935517,49.47259999999915,-213.81000000000225,-0.474119503604357,0.6,0.6
2015-10-14,8610.348,8682.823,8515.649,8534.725,186002676,8389.016,176177281.6,0.0277323342523656,0.035278288308019,1.0557699285104647,-24.631800000000112,-244.74999999999815,0.1273737007254261,0.6,0.6
2015-10-15,8476.312,8808.899,8476.312,8808.464,194661645,8539.4532,186961053.6,0.0304031511184607,0.0358861316825002,1.0411882114040465,-11.005999999999403,390.0659999999989,0.1292769973186338,0.6,0.6
2015-10-16,8866.793,8948.617,8742.428,8943.017,228040227,8691.9774,201568472.8,0.0304925138473704,0.0359887038694796,1.13132884241409,2.0869999999995343,-139.1859999999997,0.104722348116462,0.65,0.6
2015-10-19,8961.659,9008.607,8806.431,8935.39,221277634,8774.5296,203931619.6,0.0264366688970537,0.0328693076747472,1.0850579936256242,-69.97199999999975,-142.1800000000003,-0.1364114797985094,0.65,0.65
2015-10-20,8915.866,9117.305,8891.941,9116.538,203106482,8867.626800000002,206617732.8,0.0255495634601211,0.0316674365296431,0.9830060530022424,10.545000000001892,188.77500000000143,-0.0557810918349158,0.65,0.65
2015-10-21,9116.475,9157.918,8515.134,8541.607,258802567,8869.0032,221177711.0,0.036682719054034,0.032308980963613,1.1701114268245592,-91.7208000000046,-756.0790000000015,0.2891573144456982,0.65,0.65
2015-10-22,8531.691,8901.216,8525.977,8894.756,203631358,8886.2616,222971653.6,0.0375684952550651,0.0321104217180178,0.9132611913319908,15.882000000003243,928.08,-0.4439556093148848,0.65,0.65
2015-10-23,8977.877,9220.983,8942.331,9182.552,228775169,8934.168599999999,223118642.0,0.0390264845630531,0.032216712658125,1.0253521039268427,30.648599999998623,-65.35299999999916,0.36894114808742,0.65,0.7
2015-10-26,9296.188,9347.636,9126.578,9262.889,242221817,8999.668399999999,227307478.6,0.0392741797677543,0.0307349504079963,1.0656130563405053,17.592800000000352,-207.45900000000077,-0.0718299601811892,0.65,0.7
2015-10-27,9183.787,9398.734,8882.217,9345.966,222131674,9045.554,231112517.0,0.0453833708304137,0.0321716612670675,0.9611408195601971,-19.614199999998164,2.7400000000016007,-0.1447331891939707,0.7,0.7
2015-10-28,9277.728,9406.347,9091.557,9131.87,205456498,9163.6066,220443303.2,0.037227029780085,0.0325635031045748,0.9320151486461667,72.16699999999764,-297.1730000000007,0.0753465658662777,0.65,0.7
2015-10-29,9197.467,9320.225,9058.939,9214.587,176350290,9227.5728,214987089.6,0.0344608599234947,0.0331145072579923,0.8202831636453765,-54.08639999999832,296.8129999999983,-0.0826063140867598,0.7,0.65
2015-10-30,9183.494,9332.907,9031.78,9188.265,184262793,9228.7154,206084614.4,0.0349462972584861,0.032466743014789,0.8941123214678951,-62.823600000001534,-109.03899999999884,0.1855611428233089,0.65,0.65
2015-11-02,8946.882,9236.418,8915.767,8944.683,168322277,9165.0742,191304706.4,0.0373429603292302,0.03231771370935,0.8798647987679618,-64.78379999999925,-217.2599999999984,-0.0880766805224519,0.65,0.6
2015-11-03,8963.773,9033.581,8837.314,8924.415,140358089,9080.764,174949989.4,0.0306881278455742,0.0323420847796319,0.8022754930215503,-20.66899999999987,223.3139999999985,-0.063341783046478,0.6,0.6
2015-11-04,8973.155,9396.991,8973.155,9396.842,204045838,9133.7584,174667857.4,0.032814629411407,0.0336141781244729,1.1681933988159174,137.3046000000013,492.6949999999997,0.4435072115407785,0.6,0.6
2015-11-05,9416.493,9525.221,9295.371,9391.446,245075764,9169.1302,188412952.2,0.0320383706860416,0.0336177192457656,1.3007373492022594,-17.62260000000242,-477.8230000000003,-0.2333739554080252,0.55,0.6
2015-11-06,9396.095,9640.435,9395.73,9629.28,216520262,9257.3332,194864446.0,0.0305662900284959,0.0337578964243514,1.1111327204347992,52.831200000000536,243.23000000000135,-0.3221485791538021,0.55,0.55
2015-11-09,9560.538,9861.105,9473.457,9816.034,236496323,9431.603400000002,208499255.2,0.0312949063749595,0.0335871788422494,1.1342789823068875,86.06720000000314,-51.08000000000175,0.2127508906395485,0.55,0.55
2015-11-10,9770.132,9958.154,9739.169,9911.24,235822028,9628.968400000002,227592043.0,0.0313154003734124,0.0332341156273803,1.0361611280056922,23.09479999999712,-91.54799999999886,-0.1212641161732837,0.6,0.55
2015-11-11,9910.118,10106.023,9873.236,10100.51,223200520,9769.702,231422979.4,0.0269039933403678,0.0334070928964734,0.9644699959298856,-56.63140000000203,94.0640000000003,0.0264267222253887,0.6,0.6
2015-11-12,10137.459,10223.712,9990.755,10135.082,230272673,9918.4292,228462361.2,0.0266061557018623,0.0326684703916159,1.0079238951680765,7.9936000000034255,-154.69800000000032,0.1151450313139974,0.6,0.6
2015-11-13,10030.152,10102.648,9813.033,9934.768,220846360,9979.5268,229327580.8,0.0273539689764075,0.0329732602066107,0.9630170048870108,-87.62960000000203,-234.8860000000004,-0.0883607895192564,0.6,0.55
2015-11-16,9749.108,10195.716,9736.48,10194.777,182064082,10055.275400000002,218441132.6,0.0284649485374957,0.0340942487523599,0.8334697766532273,14.651000000003478,460.3230000000003,-0.084640337952718,0.6,0.55
2015-11-17,10308.23,10361.303,10088.025,10109.398,235707297,10094.907,218418186.4,0.0294524410849267,0.0342098350335817,1.0791560029178962,-36.117000000005646,-345.38800000000083,0.3752334544984524,0.6,0.55
2015-11-18,10116.713,10203.403,9902.834,9928.663,178331593,10060.5376,209444401.0,0.0308976017696833,0.0319608135753858,0.8514507532717478,-74.00099999999657,-95.35599999999796,-0.4733914759108172,0.55,0.55
2015-11-19,9954.656,10235.828,9944.381,10235.348,172873938,10080.5908,197964654.0,0.031995470934792,0.0312752143115476,0.8732565865015479,54.42259999999988,487.4199999999983,0.2495110828759484,0.55,0.5
2015-11-20,10272.347,10477.221,10265.664,10440.351,220410689,10181.7074,197877519.8,0.0302178183483835,0.0307710936529433,1.1138743260112358,81.06339999999909,-101.68199999999888,0.2188119062798877,0.55,0.5
2015-11-23,10447.808,10546.74,10297.143,10341.449,229338424,10211.0418,207332388.2,0.0260356961570216,0.0307846278496768,1.106138920170891,-71.78219999999783,-303.90500000000065,-0.2483531453500326,0.5,0.55
2015-11-24,10324.039,10460.345,10204.417,10459.598,168607354,10281.0818,193912399.6,0.025522930131141,0.0292447248587636,0.8695026947621766,40.7055999999975,217.05099999999948,-0.2289008195683698,0.55,0.5
2015-11-25,10470.927,10707.771,10468.338,10696.308,201271485,10434.6108,198500378.0,0.0239452865613623,0.0286403777707051,1.01396021019164,83.4890000000014,118.56100000000151,0.381093740838178,0.55,0.55
2015-11-26,10745.06,10772.615,10595.101,10620.831,214649939,10511.7074,206855578.2,0.0215931267792418,0.0280582810254844,1.0376802060056798,-76.43240000000151,-312.1870000000017,-0.1207375196154237,0.55,0.6
2015-11-27,10560.39,10619.711,9859.021,9933.495,222809138,10410.336200000002,207335268.0,0.0328561037165635,0.0302485452674626,1.07463211709838,-178.4677999999967,-611.8589999999986,0.0132319152786604,0.55,0.6
2015-11-30,9935.401,10058.656,9406.724,10001.187,197454471,10342.2838,200958477.4,0.0410660776928656,0.0317154071905856,0.982563530310665,33.31879999999546,755.0279999999984,-0.129020497880415,0.6,0.55
2015-12-01,9985.79,10101.511,9832.26,9955.204,164580513,10241.405,200153109.2,0.041581680098537,0.0319681129220043,0.8222730771348917,-32.82639999999628,-113.67499999999929,-0.0682218663880583,0.55,0.55
2015-12-02,9928.269,9954.862,9506.1,9822.054,148946435,10066.5542,189688099.2,0.046242596455524,0.0319973695317343,0.7852176052592339,-73.97200000000157,-87.16699999999946,0.1232349813001154,0.55,0.5
2015-12-03,9833.301,10103.484,9832.952,10102.892,146324450,9962.9664,176023001.4,0.0482553806592747,0.0321125335187927,0.831280280623598,71.26299999999901,413.9879999999994,0.0831181472400219,0.55,0.5
2015-12-04,10073.67,10199.945,9996.293,10081.573,161440115,9992.582,163749196.8,0.0369798077081108,0.0318519246873663,0.9858986679316646,133.20340000000215,-302.15699999999924,0.1085557119437024,0.5,0.5
2015-12-07,10105.787,10238.788,10038.575,10238.019,151512379,10039.9484,154560778.4,0.0278538820099578,0.0308551510993352,0.9802770183253684,17.75079999999798,177.76499999999942,-0.1602400369143628,0.5,0.5
2015-12-08,10189.873,10210.75,10022.618,10057.737,163772258,10060.455,154399127.4,0.0261856710832154,0.030685680599455,1.0607071474938918,-26.85979999999836,-336.728000000001,0.0860517787748198,0.45,0.5
2015-12-09,10002.728,10111.555,9945.789,10034.193,142173279,10102.8828,153044496.2,0.0203518493549966,0.0303593335353915,0.9289669509853306,21.921199999998866,156.7380000000012,-0.2121703256770848,0.4,0.45
2015-12-10,10024.186,10145.985,10008.744,10035.449,140759649,10089.3942,151931536.0,0.017731437792182,0.0298938540413726,0.9264676228903524,-55.91639999999825,24.80000000000109,0.1292408684135831,0.45,0.5
2015-12-11,10003.759,10043.535,9915.111,9946.121,124486374,10062.3038,144540787.8,0.0162737476468639,0.0290818693549804,0.8612542929560537,-13.601800000002186,-90.58400000000256,-0.0627140018393206,0.4,0.5
2015-12-14,9845.072,10119.677,9829.337,10118.902,118085397,10038.4804,137855391.4,0.0181011481351375,0.0282642009987456,0.8565888921773428,3.2670000000016444,262.1090000000022,0.0605479291555878,0.45,0.45
2015-12-15,10137.463,10312.421,10136.87,10278.469,131733827,10082.6268,131447705.2,0.0177760056144268,0.02776657173183,1.0021766968055066,67.96979999999894,-13.21400000000176,0.1502532054068747,0.5,0.5
2015-12-16,10319.562,10438.446,10314.857,10374.229,141451444,10150.634,131303338.2,0.0168545986728853,0.026848582761192,1.07728749275622,23.86080000000038,-63.80699999999888,-0.0704770086774504,0.5,0.55
2015-12-17,10436.804,10680.39,10436.804,10679.962,186572135,10279.5366,140465835.4,0.0186810262256324,0.0265652428640827,1.328238531944117,60.89539999999943,209.973,0.1758402432371837,0.5,0.55
2015-12-18,10678.374,10721.661,10562.675,10629.97,173091610,10416.3064,150186882.6,0.0190899109793124,0.0262998925127126,1.1525081751713515,7.867200000000594,-355.7250000000004,-0.4266813959606625,0.5,0.55
2015-12-21,10596.406,10712.042,10579.917,10699.613,159785363,10532.4486,158526875.8,0.0158210591855194,0.0257105417558701,1.0079386362321787,-20.6275999999998,119.63500000000022,0.0311608178335927,0.5,0.55
2015-12-22,10724.022,10809.844,10652.005,10809.242,153991000,10638.6032,162978310.4,0.0153256066513492,0.0252172408618821,0.9448557886141884,-9.987600000000384,39.98600000000079,0.0814866913211825,0.5,0.55
2015-12-23,10817.279,10828.969,10613.425,10638.159,169423349,10691.3892,168572691.4,0.0169952711356798,0.0251110789047714,1.0050462360951544,-53.36859999999979,-280.7120000000013,0.1232732950989561,0.5,0.55
2015-12-24,10600.468,10662.432,10413.924,10633.189,129950765,10682.0346,157248417.4,0.0171079144323282,0.0254439397773543,0.8264042789660533,-62.14059999999881,166.1130000000012,-0.238832404610067,0.5,0.55
2015-12-25,10651.663,10760.153,10645.439,10726.991,123800665,10701.4388,147390228.4,0.0162554277634377,0.0221497235244312,0.8399516463467261,28.75879999999779,98.77199999999904,0.192189324509774,0.5,0.6
2015-12-28,10765.905,10859.827,10515.36,10515.36,169848140,10664.588200000002,149402783.8,0.0203374042710242,0.0205283734004097,1.136847223860095,-56.254799999996976,-305.4329999999991,0.283348210132696,0.5,0.6
2015-12-29,10499.5,10654.418,10406.062,10653.708,129304324,10633.4814,144465448.6,0.0220792981298905,0.0203416453697205,0.8950536287608911,5.743799999996554,349.97899999999936,-0.5386891726125729,0.55,0.6
2015-12-30,10678.114,10813.016,10661.28,10806.704,139096428,10667.1904,138400064.4,0.0208352008038977,0.0187592299918648,1.0050315265604746,64.81580000000031,14.647999999999229,0.3517714928987874,0.55,0.65
2015-12-31,10810.35,10839.044,10614.378,10614.378,129979474,10663.4282,138405806.2,0.0203942447991432,0.0184786558123214,0.9391186509341688,-37.47119999999813,-345.3219999999983,-0.1758907734258892,0.55,0.65
2016-01-04,10598.271,10602.646,9694.629,9694.836,117304144,10456.997200000002,137106502.0,0.0369874253968195,0.0221516279466084,0.8555695192340331,-202.66879999999944,-727.2160000000022,-0.0176362560738299,0.5,0.6
2016-01-05,9140.672,9680.155,9084.872,9452.04,168628044,10244.3332,136862482.8,0.0430315962994543,0.0243228019727838,1.232098384817552,-6.233000000003813,676.7460000000028,0.4600779972836545,0.5,0.55
2016-01-06,9511.734,9710.117,9404.066,9709.569,139630139,10055.5054,138927645.8,0.0446733680641443,0.0249635696149527,1.0050565400137226,23.836200000003373,500.3249999999971,-0.6035707103873482,0.55,0.6
2016-01-07,9511.141,9511.141,8850.149,8856.491,40495428,9665.4628,119207445.8,0.0567919096568869,0.0278692450673374,0.3397055253405991,-201.2148000000016,-1110.6069999999982,-0.438309169869294,0.5,0.55
2016-01-08,9049.766,9141.572,8404.504,8876.252,156924299,9317.8376,124596410.8,0.0691663108059921,0.031337374065774,1.259460830311494,42.41740000000209,872.8389999999999,1.5851063196440185,0.55,0.55
2016-01-11,8651.329,8754.358,8203.431,8205.122,143568813,9019.8948,129849344.6,0.0638631942251958,0.0340489895911914,1.1056568166921654,49.68239999999787,-690.8910000000014,-1.0735593185902237,0.5,0.55
2016-01-12,8164.335,8304.141,7968.748,8187.959,121171242,8767.078599999999,120357984.2,0.0594596781566778,0.0346624344781689,1.0067569908669174,45.1265999999996,653.9670000000015,0.0549041877940805,0.45,0.5
2016-01-13,8230.082,8311.725,7836.057,7836.122,113177530,8392.3892,115067462.4,0.0652959601464414,0.0368435582479564,0.9835754403496778,-121.87319999999818,-334.674,0.0757182753080084,0.4,0.5
2016-01-14,7548.027,8174.305,7534.04,8157.737,122934077,8252.6384,131555192.2,0.066066358647532,0.0401721850609991,0.934467693324536,234.9385999999995,673.4519999999993,-0.0259261965079021,0.4,0.45
2016-01-15,8092.868,8202.341,7813.258,7868.167,119230953,8051.0214,124016523.0,0.0593487728391982,0.0415043107191654,0.9614118354213173,-61.86620000000039,-611.1849999999995,0.0760518891219229,0.4,0.45
2016-01-18,7689.658,8158.563,7685.471,8060.879,106505827,8022.1728,116603925.8,0.0576578925325166,0.0436909849794924,0.913398294862556,172.76840000000084,482.2819999999992,-0.0749576826555424,0.4,0.45
2016-01-19,8041.863,8400.601,8018.637,8388.383,127304224,8062.2576,117830522.2,0.0585725213802829,0.0453503000268598,1.0804010847369392,68.93339999999898,134.79200000000037,0.2150163304331445,0.4,0.45
2016-01-20,8328.722,8468.793,8244.729,8321.392,129081048,8159.311600000001,121011225.8,0.0518173813184698,0.0459665019147365,1.0666865585952936,56.969200000001365,-394.4949999999999,-0.1807173160160288,0.4,0.45
2016-01-21,8167.95,8410.154,7944.566,7944.566,120472896,8116.6774,120518989.6,0.0478411756174326,0.0478836611814373,0.9996175407696912,-139.68820000000233,-309.83500000000004,-0.0533544916839566,0.4,0.45
2016-01-22,8036.324,8115.402,7787.618,8074.285,101116759,8157.901,116896150.8,0.0460703292524886,0.0487449144242055,0.8650135894808266,83.85780000000159,506.5450000000001,-0.0675349334632624,0.4,0.4
2016-01-25,8153.348,8256.16,8076.396,8180.503,96248174,8181.8258,114844620.2,0.0387272913515076,0.0493089508765099,0.8380729879413193,-17.298800000000483,-23.501000000000204,0.1076633497493574,0.45,0.4
2016-01-26,8071.363,8093.237,7526.593,7545.544,120673951,8013.258,113518565.6,0.04463961712651,0.0514258532407312,1.0630327326828026,-192.4925999999996,-741.1769999999997,0.2519003462809905,0.4,0.4
2016-01-27,7557.455,7585.828,7047.788,7466.745,124251577,7842.328599999999,112552671.4,0.0536659987953819,0.0538631770811094,1.1039416075556605,-2.36160000000109,556.1599999999999,-0.1840508698686256,0.35,0.35
2016-01-28,7344.025,7438.694,7067.549,7100.901,96362166,7673.595600000001,107730525.4,0.0523985438034358,0.0557744969313218,0.8944741116058829,2.1964000000025408,-287.0450000000001,-0.2503763708226351,0.35,0.3
2016-01-29,7071.752,7459.368,7037.828,7385.758,102285179,7535.8902,107964209.4,0.0556942778338029,0.0575699226828705,0.9473989534906,31.02759999999762,650.701,0.2623923378344945,0.4,0.3
2016-02-01,7358.754,7420.484,7163.913,7292.613,86843686,7358.3122,106083311.8,0.0583358030486485,0.0546460452894672,0.8186366406407761,-39.87259999999878,-378.0019999999995,-0.181687154734541,0.4,0.35
2016-02-02,7296.222,7600.076,7295.801,7576.065,97978432,7364.416399999999,101544208.0,0.0513490356304971,0.0535052130734919,0.9648844964155908,183.6821999999984,376.5969999999989,0.2750101686246384,0.4,0.3
2016-02-03,7480.3,7665.653,7428.899,7630.458,94483564,7397.159,95590605.4,0.043142900176727,0.053480560109255,0.9884189309674568,26.63840000000164,-229.0589999999993,-0.1227134212229486,0.45,0.35
2016-02-04,7661.647,7839.282,7661.647,7807.4,108295716,7538.4588,97977315.4,0.0372398645218369,0.0508864856475593,1.105314179694293,108.5572000000002,122.54899999999998,0.09336081417497,0.45,0.4
2016-02-05,7828.61,7856.734,7716.206,7718.708,86297862,7605.0488,94779852.0,0.0294661535620308,0.0476448833718801,0.9105085118723334,-74.70980000000145,-265.634,-0.3117009165487953,0.45,0.45
2016-02-15,7434.274,7772.488,7432.403,7726.37,78794684,7691.800200000001,93170051.6,0.0312329191984903,0.0464884765327908,0.8457082790753763,20.161400000001777,96.35400000000028,0.1300054350250021,0.5,0.45
2016-02-16,7767.03,8088.711,7767.03,8069.594,115565925,7790.505999999999,96687550.2,0.0311730539200001,0.0464335570143225,1.1952513509852067,11.954399999997804,335.5619999999999,0.4143433047067876,0.55,0.45
2016-02-17,8060.911,8214.938,8010.818,8202.146,129697950,7904.8436,103730427.4,0.0299447888597791,0.0446427672875895,1.250336600849675,15.631800000001933,-210.6719999999996,-0.2944578220453622,0.55,0.5
2016-02-18,8256.951,8282.909,8155.075,8176.139,134063477,7978.5914,108883979.6,0.028521363973781,0.0415002369791216,1.2312507082538706,-40.58980000000065,-158.5590000000011,-0.0741711424602726,0.55,0.5
2016-02-19,8146.062,8289.207,8133.495,8239.255,112787021,8082.7008,114181811.4,0.0286598920384005,0.0399726631716807,0.987784478255352,30.36159999999927,89.12299999999959,-0.2243803374027143,0.55,0.5
2016-02-22,8350.284,8407.881,8303.21,8407.852,133158051,8218.997200000002,125054484.8,0.0223465028739634,0.0376606291181525,1.0648002845556483,32.18700000000263,105.4810000000025,0.3204820362988152,0.55,0.5
2016-02-23,8414.674,8437.155,8230.982,8357.355,130530937,8276.5494,128047487.2,0.0193077635676381,0.0366173675611613,1.019394756229156,-78.74420000000373,-219.0940000000028,-0.1224213346267887,0.55,0.5
2016-02-24,8316.832,8399.431,8160.996,8364.662,136094745,8309.052599999999,129326846.2,0.0200315369655531,0.0366963061993603,1.0523317393013176,-25.04899999999907,57.80400000000191,0.0783425113986537,0.6,0.5
2016-02-25,8340.456,8340.591,7673.215,7702.591,157436163,8214.343,134001383.4,0.0342331459266203,0.0380982295564185,1.174884609437547,-127.21279999999751,-669.3780000000006,0.0896158870640677,0.55,0.55
2016-02-26,7750.734,7799.294,7487.27,7666.822,121574171,8099.8564000000015,135758813.4,0.0385929783194887,0.0381033254384307,0.8955158634290185,-19.777000000000957,626.3019999999997,-0.4019216161447577,0.5,0.5
2016-02-29,7614.157,7614.157,7113.073,7183.676,115344403,7855.0212,132196083.8,0.050053768236194,0.0404922483393241,0.8725251133347114,-130.34860000000208,-447.3769999999995,0.2563779959142214,0.5,0.5
2016-03-01,7183.113,7402.305,7038.612,7345.085,115563408,7652.5672,129202578.0,0.0550228691750348,0.0392131805732925,0.8944357751127845,42.38120000000163,644.5549999999994,0.0449014118723801,0.55,0.5
2016-03-02,7324.49,7724.295,7323.365,7711.886,147164819,7522.012,131416592.8,0.0597195777116528,0.038209700928428,1.1198343821313863,71.89879999999903,205.39200000000076,0.2034879452405287,0.6,0.55
2016-03-03,7711.297,7875.948,7693.901,7727.159,157062423,7526.9256,131341844.8,0.0471028411717342,0.0367743038984931,1.195829274662358,135.46880000000056,-351.5280000000012,-0.1494037144876301,0.6,0.6
2016-03-04,7684.923,7735.547,7321.555,7418.8,141152405,7477.3212,135257491.6,0.0501238685332261,0.0367107231132865,1.0435828975553765,-54.51799999999912,-323.6319999999987,-0.2282412696379532,0.6,0.55
2016-03-07,7494.038,7670.956,7494.038,7600.437,110951408,7560.6734,134378892.6,0.0408287085093722,0.036115474704505,0.8256609788433396,132.95659999999862,489.9959999999992,-0.0656755416050554,0.6,0.55
2016-03-08,7585.862,7670.99,7276.674,7670.689,131822526,7625.794199999999,137630716.2,0.0412067884565137,0.0366776187797967,0.9577987359190973,-18.231399999999667,-111.38499999999932,0.3500596757877945,0.6,0.55
2016-03-09,7486.949,7634.001,7430.433,7500.17,101761865,7583.451000000001,128550125.4,0.0362374294724156,0.0364833332523501,0.7916123355255785,-107.46399999999812,-240.77100000000064,-0.2983241574692762,0.55,0.5
2016-03-10,7503.42,7568.242,7364.287,7376.697,87401499,7513.358600000001,114617940.6,0.0370552660738872,0.0367281542865057,0.7625464088996204,-27.74920000000111,47.04600000000028,0.1371204737675605,0.55,0.5
2016-03-11,7284.948,7401.512,7239.558,7349.567,75245882,7499.512,101436636.0,0.0303018183038368,0.036919639298738,0.7418018278918477,56.24579999999787,96.34299999999983,0.0083213456181853,0.5,0.5
2016-03-14,7441.092,7715.641,7441.038,7640.13,120335729,7507.450600000001,103313500.2,0.0328347870442803,0.0365159416659525,1.1647628699738894,21.785200000002988,317.6930000000002,0.4437056230898145,0.5,0.5
2016-03-15,7612.97,7668.847,7537.789,7571.819,99636094,7487.676600000001,96876213.8,0.0260154076295595,0.0353882072071865,1.0284887289845757,-27.712600000001657,-358.8739999999998,-0.5592351830713556,0.45,0.5
2016-03-16,7633.747,7659.053,7426.951,7484.225,91359384,7484.4876,94795717.6,0.0267894831219028,0.0356945068178811,0.963750117758484,16.585000000000036,-19.28300000000036,0.0715355297632222,0.45,0.5
2016-03-17,7514.679,7795.707,7514.575,7779.875,133550636,7565.1232,104025545.0,0.0284869322862553,0.0367195463646242,1.2838253911575277,83.82459999999992,383.2439999999997,0.3848138846251352,0.45,0.5
2016-03-18,7823.567,8118.705,7820.287,8097.204,181322736,7714.650599999999,125240915.8,0.031450651089321,0.0376173290614681,1.4477915211795345,68.89179999999942,21.679000000000087,-0.1561091433770368,0.45,0.5
2016-03-21,8206.527,8326.381,8172.851,8325.977,191675070,7851.8200000000015,139508784.0,0.0279501887935868,0.0379168631458583,1.3739283255454366,-12.357999999996537,-88.55599999999868,-0.2378293256561046,0.5,0.5
2016-03-22,8248.53,8387.553,8203.085,8311.211,164074441,7999.698399999999,152396453.4,0.0289274740348115,0.0377931348239798,1.0766289985066018,10.708999999995283,-243.5390000000025,-0.223436131404737,0.45,0.55
2016-03-23,8279.881,8408.947,8262.26,8408.638,146117448,8184.581,163348066.2,0.0262140013906069,0.0372401229241445,0.8945159339755931,37.00420000000304,112.19300000000294,0.1151862625078262,0.5,0.55
2016-03-24,8324.851,8453.302,8247.285,8279.649,160637356,8284.535800000001,168765410.2,0.0239633085687755,0.034152087025163,0.951838151014668,-84.92779999999948,-226.4160000000029,0.2394352815700835,0.5,0.6
2016-03-25,8252.424,8353.015,8211.835,8343.242,124555552,8333.743400000001,157411973.4,0.0199767145044925,0.0329632631077191,0.7912711422751275,-50.74720000000161,192.58200000000213,-0.2178892257786154,0.55,0.6
2016-03-28,8400.214,8482.572,8266.553,8298.778,142988613,8328.303600000001,147674682.0,0.0214947824957404,0.0307771167107449,0.9682676208505396,-54.64739999999984,-108.0570000000007,0.3375634873149525,0.5,0.65
2016-03-29,8274.094,8292.431,8040.759,8118.996,124650562,8289.8606,139789906.2,0.023255350611875,0.0298512551831899,0.8916993035366957,-33.003200000001016,-135.3180000000002,-0.2535647958892558,0.45,0.6
2016-03-30,8187.449,8439.088,8187.449,8438.683,139635610,8295.8696,138493538.6,0.0257303309142098,0.0287428112247838,1.008246387604396,44.452000000001135,499.46900000000096,0.1931154013815442,0.45,0.55
2016-03-31,8475.43,8541.456,8414.885,8447.179,150139445,8329.3756,136393956.4,0.023750627688304,0.0283140336543055,1.1007778420891967,27.49699999999939,-311.1910000000016,-0.0240156295828998,0.5,0.6
2016-04-01,8399.177,8426.46,8240.872,8389.286,127161059,8338.5844,136915057.8,0.0247907368797045,0.0266299801943387,0.92875875775294,-24.297199999999066,-66.38899999999921,-0.2645505388210573,0.45,0.6
2016-04-05,8401.342,8642.981,8380.456,8635.666,156308363,8405.962,139579007.8,0.0256647107443176,0.0269861172694813,1.1198558111544334,58.16879999999946,304.27299999999923,0.3631161377377501,0.45,0.6
2016-04-06,8601.658,8699.521,8579.428,8691.229,159968936,8520.408599999999,146642682.6,0.0222286711792179,0.0251067258638659,1.0908756793296688,47.06899999999951,-190.8169999999991,-0.220077185226258,0.5,0.65
2016-04-07,8715.005,8733.504,8549.512,8549.512,158150556,8542.574400000001,150345671.8,0.0205688831681363,0.0248256746487139,1.051912929095708,-92.28079999999682,-197.27999999999884,-0.009982618409196,0.5,0.65
2016-04-08,8465.831,8511.871,8359.534,8484.174,133415289,8549.973399999999,147000840.6,0.0211632055764541,0.0243410185299472,0.9075818101138124,-14.766800000004878,76.378999999999,-0.1053683687479349,0.5,0.65
2016-04-11,8560.092,8719.221,8560.092,8677.409,143629779,8607.598,150294584.6,0.0204064620740168,0.0241561411368837,0.9556550515925908,50.2256000000034,258.5729999999985,0.192404360460674,0.5,0.65
2016-04-12,8664.277,8688.711,8501.044,8608.373,132072149,8602.1394,145447341.8,0.0186865484406682,0.0234490576185782,0.9080409952187932,-63.08320000000094,-262.2709999999988,-0.0956872978525759,0.5,0.65
2016-04-13,8655.194,8831.586,8655.194,8729.84,174063296,8609.8616,148266213.8,0.0199641316237363,0.0235939068624101,1.1739916434016338,13.18080000000009,190.5030000000006,0.3135647045566381,0.55,0.6
2016-04-14,8780.547,8837.438,8711.788,8837.018,139648321,8667.362799999999,144565766.8,0.0185036989808815,0.0227542286134586,0.9659847147160152,49.77899999999863,-14.28900000000067,-0.4739575768684591,0.55,0.65
2016-04-15,8840.529,8866.012,8777.972,8841.094,131207613,8738.746799999999,144124231.6,0.0169042215316698,0.0214453408413008,0.9103785778657364,13.882800000001223,-103.10200000000076,0.1524007918353396,0.55,0.65
2016-04-18,8780.455,8780.455,8646.332,8715.85,126184987,8746.435000000001,140635273.2,0.0163142402239885,0.0203720384205506,0.897249915535415,-63.69579999999769,-129.3199999999979,0.0424774745199576,0.5,0.6
2016-04-19,8755.251,8784.326,8678.968,8754.504,112831795,8775.6612,136787202.4,0.0143610803041006,0.0200517804962067,0.8248709895392963,21.537999999996828,163.89799999999923,-0.0592502636657974,0.55,0.55
2016-04-20,8784.645,8798.778,8158.819,8312.201,180286506,8692.1334,138031844.4,0.0257180160441858,0.0227915423647537,1.306122560222777,-112.753999999999,-480.95700000000215,0.5536304966795995,0.5,0.55
2016-04-21,8268.022,8382.268,8185.37,8198.51,121190772,8564.4318,134340334.6,0.0276775596223474,0.0231201181713937,0.9021175387187104,-44.17380000000048,328.6120000000028,-0.8852565921875475,0.5,0.5
2016-04-22,8130.899,8282.901,8112.33,8282.424,95979533,8452.6978,127294718.6,0.0298048175422054,0.0229057180846583,0.7539946201664333,15.967599999999948,197.6049999999996,0.2558821029517896,0.5,0.5
2016-04-25,8246.028,8261.944,8106.07,8232.477,89622024,8356.0232,119982126.0,0.0305139440382008,0.0230063458039776,0.7469614599094535,15.059400000000096,-133.8610000000008,0.1410897582952973,0.5,0.5
2016-04-26,8218.469,8343.712,8202.152,8343.421,88430554,8273.8066,115101877.8,0.0315003324416181,0.0225531679826761,0.7682807239136111,14.458000000000538,160.89099999999962,0.0283524242611373,0.55,0.5
2016-04-27,8357.259,8426.833,8307.387,8323.457,102936177,8276.057799999999,99631812.0,0.0189723743342656,0.0217207982953514,1.033165762357107,84.46779999999853,-130.90799999999945,0.2435657744393385,0.5,0.55
2016-04-28,8319.219,8336.126,8130.926,8303.556,104958785,8297.067000000001,96385414.6,0.0191115720986387,0.021465428467501,1.0889488356260075,18.75800000000345,0.0630000000001018,-0.2091019651745957,0.45,0.5
2016-04-29,8253.484,8340.579,8239.793,8291.698,81485851,8298.9218,93486678.2,0.0174237153569534,0.0213239900018207,0.8716306169920154,-19.15440000000308,8.042999999999665,-0.2731012919028928,0.45,0.5
2016-05-03,8290.792,8558.578,8256.677,8558.578,115718540,8364.142,98705981.4,0.0206918422012885,0.0219816221343737,1.1723559034488258,63.36540000000059,278.7379999999994,0.5180435050908028,0.45,0.5
2016-05-04,8526.31,8632.702,8514.491,8565.114,117296052,8408.4806,104479081.0,0.0200588000703451,0.021151690314183,1.1226749974954315,-20.8815999999988,-260.34399999999914,-0.3504061924102046,0.45,0.5
2016-05-05,8549.329,8631.98,8522.145,8628.74,102759921,8469.5372,104443829.8,0.019734489171208,0.0210972527933489,0.9838773740562318,16.717999999998938,57.09000000000015,-0.0891167174858055,0.5,0.5
2016-05-06,8632.452,8663.07,8275.965,8276.033,146570763,8464.0326,112766225.4,0.0241468726583808,0.0223599258400621,1.299775375828089,-66.5612000000001,-416.3330000000005,0.454695625211057,0.5,0.55
2016-05-09,8180.629,8180.695,7876.168,7918.148,115454407,8389.3226,119559936.6,0.0294077371624905,0.0233851228983298,0.965661326722383,-69.20540000000074,-5.177999999998974,-0.6500120508775632,0.45,0.5
2016-05-10,7898.65,7961.584,7855.291,7898.662,73811219,8257.3394,111178472.4,0.0250442213670429,0.0231410619576302,0.6638984814833631,-57.27319999999781,338.39899999999943,0.0323512038666859,0.45,0.45
2016-05-11,7950.379,7973.599,7800.97,7823.979,81092251,8109.1124,103937712.2,0.0266967497872941,0.0231542406508395,0.7802004612527925,-16.24380000000201,-55.19700000000012,0.4180648250084494,0.4,0.5
2016-05-12,7706.126,7822.759,7570.916,7821.912,86855484,7947.746799999999,100756824.8,0.0305903781474546,0.0237538144242785,0.8620307772938077,-13.138600000000224,72.61599999999999,-0.0344716637284142,0.35,0.45
2016-05-13,7794.619,7901.999,7758.263,7806.956,78814837,7853.931399999999,87205639.6,0.0249177885096963,0.0239634482222658,0.9037814224115844,67.55020000000059,-12.889000000000124,-0.0400796709232383,0.3,0.45
2016-05-16,7783.295,7961.426,7744.883,7961.146,83332776,7862.531,80781313.4,0.0226659097957508,0.02482554496435,1.0315848120389683,102.41500000000178,169.14599999999973,0.0860527445096069,0.35,0.45
2016-05-17,7964.512,8040.204,7901.183,7961.502,99759675,7875.099,85971004.6,0.0234668229025356,0.024929207627267,1.1603874523062163,3.968399999998837,-153.83399999999892,0.0009992506398641,0.35,0.5
2016-05-18,7886.25,7886.498,7614.204,7711.954,96022202,7852.694,88956994.8,0.0261156128204794,0.0260928737799342,1.0794227279809143,-34.97299999999996,-249.90400000000136,-0.2097673645925499,0.35,0.45
2016-05-19,7707.325,7868.72,7707.325,7767.315,85485602,7841.7746,88683018.4,0.0238319373389616,0.0232822947479724,0.9639455618709524,11.485599999999067,304.90900000000056,-0.03451244178466,0.4,0.45
2016-05-20,7699.073,7860.127,7665.861,7860.127,85485430,7852.4088,90017137.0,0.0250927580404887,0.0233172478268011,0.9496572858121448,21.553600000001097,37.45100000000093,0.1011888900511546,0.4,0.45
2016-05-23,7876.118,7995.992,7876.118,7995.581,95304781,7859.2958,92411538.0,0.0226512686412944,0.0230371577391223,1.0313082442151325,-3.747200000000703,42.64199999999892,0.095939234461795,0.45,0.45
2016-05-24,7981.006,7981.221,7852.689,7913.675,86831645,7849.7304,89825932.0,0.0224072894171398,0.0229025439720017,0.9666656728927676,-16.452399999999216,-217.35999999999967,-0.1462935297253523,0.4,0.5
2016-05-25,7965.746,8012.159,7848.525,7889.729,84806900,7885.285399999999,87582871.6,0.0194937067765982,0.0230912173636792,0.9683046290982767,45.12039999999797,57.96000000000004,0.0662815275278738,0.4,0.45
2016-05-26,7864.03,7929.672,7703.522,7929.467,93572769,7917.7158,89200305.0,0.0210419996478776,0.0237997010763754,1.0490184871004644,-3.124599999997372,63.68399999999929,0.0790749017966784,0.45,0.45
2016-05-27,7904.767,7976.51,7879.64,7912.863,84973823,7928.263000000001,89097983.6,0.0185473427807597,0.0231761904973314,0.9537120770486214,-21.883200000000212,-56.341999999998734,-0.1760202680540306,0.45,0.5
2016-05-30,7863.313,7946.133,7787.464,7867.596,75242813,7902.666,85085590.0,0.019582317610275,0.0235768083024527,0.8843191073835182,-36.14420000000155,-28.66300000000137,0.0259134403867398,0.4,0.45
2016-05-31,7872.311,8197.641,7872.311,8197.556,137392339,7959.442199999999,95197728.8,0.0242712095993166,0.0237973858215087,1.4432312696098692,82.37319999999909,375.2270000000017,0.6283051318914543,0.4,0.45
2016-06-01,8207.251,8324.089,8202.717,8270.516,144266879,8035.5996,107089724.6,0.0230582363909951,0.0238410764438417,1.3471589318103447,19.381200000002536,-257.0000000000018,-0.6549845000258756,0.4,0.45
2016-06-02,8261.599,8369.668,8255.959,8369.432,133157989,8123.592600000001,115006768.6,0.0200714413339336,0.0238839391170568,1.1578274098208166,11.83560000000034,25.95600000000195,-0.0932591841900036,0.45,0.45
2016-06-03,8370.785,8442.901,8336.958,8391.763,140387635,8219.3726,126089531.0,0.0201479511674288,0.0221764601245934,1.113396440502265,7.786999999998443,-76.58500000000095,0.1449005526709765,0.5,0.5
2016-06-06,8418.337,8443.567,8359.018,8422.471,117501278,8330.347600000001,134541224.0,0.0181221706284761,0.020755416668949,0.8733477703458384,15.195000000000618,8.376999999998588,-0.1956177008378748,0.55,0.55
2016-06-07,8421.61,8439.139,8363.411,8434.668,110744225,8377.77,129211601.2,0.0119805636634601,0.020531471395613,0.8570764851724475,-63.55260000000089,-18.510999999998603,0.2237773849830355,0.6,0.55
2016-06-08,8417.752,8481.654,8340.898,8431.891,114686485,8410.045000000002,123295522.4,0.0123841689610982,0.0202629312372927,0.9301755876253944,-15.147399999998015,-14.97400000000016,0.0893703876263379,0.6,0.55
2016-06-13,8307.187,8387.418,8000.648,8000.818,137074807,8336.3222,124078886.0,0.0193351850533696,0.0210701408435356,1.1047391818137375,-105.99780000000284,-428.29599999999937,0.1014644917353959,0.6,0.5
2016-06-14,7957.931,8053.537,7931.226,8038.589,96775234,8265.687399999999,115356405.8,0.0198533529846122,0.0209103512433223,0.8389237973293374,3.087999999999738,468.8439999999992,-0.4403789786727431,0.6,0.5
2016-06-15,7948.18,8369.939,7936.617,8340.539,135462801,8249.301000000001,118948710.4,0.028236395726188,0.0221480381515583,1.138833708616651,54.24840000000404,264.179000000001,0.5657252957717136,0.6,0.45
2016-06-16,8339.818,8421.331,8314.977,8358.034,144450018,8233.9742,125689869.0,0.0289857115136327,0.0219111935483873,1.1492574473126391,1.0595999999968626,-284.45500000000175,-0.2894861725913252,0.65,0.5
2016-06-17,8374.074,8480.65,8338.727,8414.507,141419118,8230.4974,131036395.6,0.029020346844017,0.0209891147431771,1.07923540900571,11.850000000000364,38.978000000000975,-0.0804457770029174,0.65,0.55
2016-06-20,8417.358,8476.467,8330.667,8457.931,120792726,8321.92,127779979.4,0.0227997371012083,0.0208120907840973,0.945318089478421,94.89940000000024,-13.048999999999069,-0.0638952812203597,0.65,0.6
2016-06-21,8510.752,8552.657,8305.549,8350.761,135449442,8384.3544,135514821.0,0.0256748559746911,0.021055875726873,0.9995175509252968,-28.98819999999978,-150.59400000000096,0.1881167809741648,0.6,0.6
2016-06-22,8323.874,8513.926,8316.098,8513.543,117220450,8418.9552,131866350.8,0.0199314844830079,0.0214680921119867,0.8889337521577946,-27.833599999999933,269.9519999999993,-0.1647832602143782,0.65,0.55
2016-06-23,8510.841,8547.393,8424.905,8495.78,132779327,8446.5044,129532212.6,0.0202700340882331,0.0213768797161606,1.0250680069059517,-7.05160000000069,-180.54499999999825,0.2467180535156594,0.65,0.6
2016-06-24,8477.033,8547.682,8153.162,8428.822,162435643,8449.3674,133735517.6,0.0262579540261031,0.0226801765555533,1.2146036140215306,-24.6862000000001,-49.19500000000153,0.0534013523674218,0.6,0.6
2016-06-27,8360.521,8646.368,8358.341,8646.161,139794183,8487.0134,137535809.0,0.0294728430993867,0.0229198016469746,1.0164202618679474,34.783000000001266,284.2970000000005,-0.3877189592691621,0.65,0.55
2016-06-28,8616.073,8737.816,8599.853,8730.197,158998677,8562.900599999999,142245656.0,0.0267152210352284,0.0230978452904901,1.1177752732217003,38.24119999999857,-133.30299999999988,0.2995383635073361,0.7,0.6
2016-06-29,8758.702,8784.945,8704.352,8745.815,153125293,8609.355,149426624.6,0.0239108563931559,0.022550226807707,1.024752405469246,-29.43279999999868,-68.41799999999967,-0.1943778791062071,0.7,0.6
2016-06-30,8753.846,8776.235,8692.258,8741.099,134709876,8658.4188,149812734.4,0.0229487831038658,0.0210462730922979,0.8991884203937205,2.6093999999993684,-20.334000000000746,-0.0325411173230713,0.65,0.55
2016-07-01,8747.788,8779.627,8680.083,8710.517,121163473,8714.757800000001,141558300.4,0.0158731747375465,0.0208839111421912,0.8559263049756141,7.27520000000186,-25.865999999999985,0.0823018696574191,0.6,0.5
2016-07-04,8661.272,8882.849,8653.857,8874.07,145919710,8760.339600000001,142783405.8,0.0143715578920674,0.021494830786508,1.0219654670823095,-10.75720000000183,194.13500000000025,0.2093012775248021,0.6,0.45
2016-07-05,8886.511,8925.088,8839.936,8914.84,158076817,8797.2682,142599033.8,0.0131213075921958,0.0213411843966819,1.1085405895646396,-8.653200000000652,-122.78299999999945,-0.0794640396243657,0.6,0.45
2016-07-06,8885.33,8957.577,8862.759,8947.137,145409658,8837.5326,141055906.8,0.0133978163910243,0.021369138248344,1.0308654298764892,3.335800000000745,-8.472999999999956,-0.1642502821704803,0.6,0.4
2016-07-07,8942.99,8988.324,8851.302,8954.275,167293291,8880.1678,147572589.8,0.0145368698016665,0.0216853496268495,1.1336339033334497,2.3707999999987805,-25.15900000000147,0.1804436331451107,0.65,0.45
2016-07-08,8941.49,8996.968,8904.588,8939.258,133166210,8925.916000000001,149973137.2,0.014318103149939,0.0213673946894014,0.8879337492447948,3.113000000003012,-22.15499999999884,-0.3484686275456149,0.65,0.45
2016-07-11,8953.868,9004.754,8865.591,8874.996,145652840,8926.1012,149919763.2,0.0122932482637468,0.0197343465891023,0.97153862100017,-45.56300000000374,-49.2450000000008,0.3293050258440296,0.6,0.5
2016-07-12,8862.368,8943.146,8719.876,8943.064,151324255,8931.746,148569250.8,0.015376048799011,0.0202218583502816,1.0185435693130651,5.459600000001956,132.33000000000175,-0.0365999234424795,0.6,0.5
2016-07-13,8963.437,9042.066,8926.762,9023.236,153686181,8946.9658,150224555.4,0.0158122456304066,0.0182631007243987,1.0230430077877934,9.575000000000728,12.10399999999936,-0.0425055098381673,0.6,0.5
2016-07-14,9011.392,9044.015,8976.519,9042.763,131381190,8964.663400000001,143042135.2,0.0142445814157952,0.0180000671023901,0.9184789489915276,2.4778000000005704,-60.64500000000044,-0.1090634972709938,0.6,0.5
2016-07-15,9039.877,9048.348,8952.61,8982.885,123145606,8973.3888,141038014.4,0.0143093078427092,0.0176896349390744,0.8731376893235672,-8.972200000001976,-79.40500000000065,0.0592227991283051,0.55,0.5
2016-07-18,8962.962,8990.285,8881.502,8937.855,119175003,8985.9606,135742447.0,0.0136074470313098,0.0174362740716277,0.8779494228507609,3.846400000000358,14.847999999999956,0.0501529931951543,0.55,0.45
2016-07-19,8928.643,8996.962,8883.772,8996.832,111464506,8996.7142,127770497.2,0.0111305227841531,0.0165857750526471,0.8723806234041953,-1.818199999999706,104.00700000000144,-0.0103805329737594,0.55,0.45
2016-07-20,8999.11,9044.37,8976.002,8997.89,113691762,8991.645,119771613.4,0.0100944551168835,0.0158038433828676,0.9492379602527756,-15.822799999999916,-57.91900000000169,0.0824261362951458,0.6,0.45
2016-07-21,8991.327,9065.686,8964.616,9007.553,123864175,8984.603,118268210.4,0.0108457537352995,0.0156439970141567,1.0473158812589929,-1.9728000000013708,8.605000000001382,0.0212205841576371,0.65,0.45
2016-07-22,9002.089,9022.062,8925.938,8931.965,119719642,8974.419,117583017.6,0.0108665486299607,0.0138417835900388,1.0181711988993891,-3.1419999999980064,-85.2510000000002,-0.1272226033658209,0.6,0.5
2016-07-25,8911.935,8969.595,8875.783,8925.34,110849151,8971.916000000001,115917847.2,0.0105344900322736,0.0127016858048494,0.9562733753047132,7.681000000000495,68.96299999999974,-0.0327531412350725,0.55,0.45
2016-07-26,8922.754,9035.883,8922.754,9035.557,108617970,8979.661,115348540.0,0.010522355685446,0.0125375587152015,0.9416501500582496,10.247999999997774,116.84200000000055,0.0472745983482124,0.55,0.45
2016-07-27,9037.497,9046.084,8488.954,8602.92,183550034,8900.667000000001,129320194.4,0.0219548244576002,0.0153148353989786,1.4193454846832492,-86.73899999999776,-542.8540000000012,0.4923185598714632,0.55,0.5
2016-07-28,8580.086,8636.487,8431.117,8571.564,124905321,8813.469200000001,129528423.6,0.0245025987249831,0.0160324509194361,0.9643081999185236,-8.203800000001138,401.28100000000086,-0.9327326193897252,0.55,0.5
2016-07-29,8565.252,8584.638,8457.973,8501.09,93736940,8727.2942,124331883.2,0.0253302099975377,0.0162060424050366,0.7539252007404647,1.0227999999988242,-39.11800000000039,0.2446542855866667,0.5,0.5
2016-08-01,8462.906,8462.906,8263.362,8363.61,92963396,8614.9482,120754732.2,0.0279997797766664,0.0161087412759991,0.7698530260994608,-26.170999999998457,-67.0059999999994,0.2263108245370551,0.45,0.45
2016-08-02,8353.422,8446.361,8353.14,8445.78,74035892,8496.992800000002,113838316.6,0.0277032117343449,0.0161830347507387,0.6503600387920705,-5.609399999999368,219.64999999999964,-0.1354208126663865,0.45,0.45
2016-08-03,8431.516,8491.26,8412.775,8482.198,90593224,8472.8484,95246954.6,0.0166016794544181,0.0161158011648271,0.9511403737836674,93.81099999999788,-45.75200000000041,0.4202733222989873,0.45,0.45
2016-08-04,8474.262,8564.839,8447.359,8553.005,96134386,8469.1366,89492767.6,0.0145568931721968,0.0160374567620687,1.0742140239721452,20.432600000000093,34.388999999999214,-0.1777066848031192,0.5,0.5
2016-08-05,8545.856,8571.18,8498.589,8505.363,92599575,8469.9912,89265294.6,0.0132838689150023,0.0159474838463025,1.037352483010794,4.566400000001522,-118.4489999999987,-0.159935191149829,0.5,0.5
2016-08-08,8480.792,8607.449,8426.644,8607.398,94418365,8518.7488,89556288.4,0.0127133029987482,0.0162137549597495,1.0542907336476888,47.90299999999843,149.67699999999968,0.0537997915982462,0.5,0.5
2016-08-09,8601.835,8699.693,8596.789,8699.388,111616974,8569.4704,97072504.8,0.012871561960941,0.0155569130412212,1.1498309869511063,1.9640000000017608,-10.044999999998254,0.0786020026665226,0.5,0.5
2016-08-10,8694.383,8725.446,8668.056,8671.778,107888605,8607.3864,100531581.0,0.0123445843019341,0.015248885832709,1.0731812225254869,-12.805600000001505,-119.60000000000218,-0.1721900177290369,0.45,0.5
2016-08-11,8647.115,8667.246,8531.691,8531.691,101674089,8603.1236,101639521.6,0.0127751615215018,0.0156701017884953,1.000340098019509,-42.17879999999786,-112.47699999999897,0.0038086399196415,0.45,0.45
2016-08-12,8515.517,8615.2,8507.654,8615.053,89999874,8625.0616,101119581.4,0.0135649146470263,0.0157613855473818,0.8900340839425191,26.200799999998708,223.4489999999987,-0.0374648895710119,0.5,0.45
2016-08-15,8628.631,8821.692,8590.064,8807.832,147277987,8665.148400000002,111691505.8,0.0146233528648329,0.0164677314181303,1.3186140337629866,18.148800000000847,109.41700000000128,0.5388859638974572,0.5,0.5
2016-08-16,8813.205,8903.486,8812.601,8877.065,139697287,8700.683800000003,117307568.4,0.0143052134894841,0.016350585717554,1.1908633765526078,-4.551400000000285,-123.54600000000028,-0.5563306070308462,0.5,0.5
2016-08-17,8867.455,8933.033,8846.315,8911.747,125914786,8748.677599999999,120912804.6,0.0149277598962716,0.016457212027556,1.0413685003548416,12.45839999999589,-34.551000000001295,-0.0217442189873873,0.5,0.55
2016-08-18,8899.185,8942.57,8880.262,8908.324,135852418,8824.0042,127748470.4,0.013148949441681,0.0162459007150907,1.0634367485937428,27.33280000000377,-38.104999999997744,0.1715631244366673,0.5,0.55
2016-08-19,8895.298,8945.167,8864.065,8923.362,113786262,8885.666000000001,132505748.0,0.0124699951440522,0.0161622471759046,0.8587269889605091,-13.66479999999865,18.46099999999751,-0.2267780078721348,0.55,0.55
2016-08-22,8921.913,8939.701,8809.22,8810.842,116515710,8886.268,126353292.6,0.0101722316191826,0.0163771668148575,0.9221422536954136,-61.05980000000272,-127.55799999999726,0.268125024368138,0.5,0.55
2016-08-23,8796.503,8847.645,8756.922,8820.21,102217501,8874.896999999999,118857335.4,0.0101817572833598,0.0162654361170325,0.8600016200598756,-11.972999999999956,121.8879999999972,-0.1255558983704422,0.55,0.5
2016-08-24,8824.718,8892.079,8815.466,8850.511,96568449,8862.6498,112988068.0,0.0099668741501681,0.013460224450698,0.8546782922246268,-0.8761999999987893,20.93300000000272,0.0568173058002891,0.6,0.55
2016-08-25,8799.762,8799.762,8681.193,8784.584,109264243,8837.9018,107670433.0,0.01126748170901,0.0129371214610974,1.0148026710359752,-12.5007999999998,-96.22800000000096,0.1654477066465972,0.6,0.55
2016-08-26,8799.491,8883.768,8794.913,8814.464,101766106,8816.1222,105266401.8,0.011465854387801,0.0126961582734704,0.9667482146235952,2.968399999999747,95.80699999999888,-0.2081788352237285,0.65,0.55
2016-08-29,8808.734,8860.044,8798.062,8836.993,92119543,8821.3524,100387168.4,0.0099068110833236,0.0118539246415218,0.9176426077976714,27.009799999999814,-7.3509999999987485,-0.0010511504135437,0.65,0.6
2016-08-30,8842.415,8886.008,8822.252,8838.463,91810803,8825.003,98305828.8,0.0092923434574208,0.0116627190478014,0.9339304100348524,-1.5795999999991182,-21.059000000001102,0.0653934090631048,0.65,0.6
2016-08-31,8833.208,8844.473,8772.953,8838.38,89379217,8822.5768,96867982.4,0.0091794723207678,0.0116046726672854,0.9226910149828824,-6.0768000000007305,-1.5529999999998836,-0.027527197289151,0.6,0.55
2016-09-01,8831.6,8851.748,8770.75,8770.75,98825372,8819.810000000001,94780208.2,0.00832699614626,0.0113796472046132,1.0426794145826743,-0.3405999999995401,-67.54699999999866,0.1312277946517619,0.6,0.5
2016-09-02,8750.936,8790.001,8675.922,8724.941,92456764,8801.9054,92918339.8,0.0089258871801914,0.0116066628397677,0.995032457521373,-15.137800000002244,21.820999999999916,-0.1676353566610932,0.55,0.5
2016-09-05,8743.743,8804.77,8739.652,8761.961,88919083,8786.899,92278247.8,0.00900948190901,0.0109279693690873,0.9635974362313368,2.8982000000014523,82.8289999999979,0.0162119357712651,0.55,0.45
2016-09-06,8761.415,8907.17,8689.646,8906.868,115145508,8800.579999999998,96945188.8,0.0124511981776115,0.011557628101969,1.1877382408068506,28.68739999999889,107.88700000000244,0.2555758258655499,0.6,0.45
2016-09-07,8908.506,8959.99,8886.785,8897.797,125540068,8812.463399999999,104177359.0,0.0124782655244008,0.0116380929729021,1.2050609576309186,-1.797599999998056,-153.97800000000095,-0.2068180877514458,0.6,0.5
2016-09-08,8888.014,8939.418,8880.395,8938.43,104444233,8845.9994,105301131.2,0.0119519196859064,0.0111738367457144,0.9918624027089272,21.652600000001257,49.70399999999972,-0.2305212717460592,0.6,0.5
2016-09-09,8934.274,8958.512,8872.313,8872.313,108190052,8875.4738,108447788.8,0.0112800115691398,0.0110354370702961,0.9976234019812492,-4.061600000002727,-106.75,0.218959554194313,0.55,0.5
2016-09-12,8705.745,8737.994,8585.866,8587.398,117367564,8840.5612,114137485.0,0.0133366842516443,0.0106063022157901,1.0282998963924954,-64.3869999999988,-218.79800000000068,0.0249154951389245,0.5,0.45
2016-09-13,8635.575,8664.909,8595.498,8656.679,88810715,8790.5234,108870526.4,0.0100559140845104,0.0104953032507256,0.8157461705815725,-15.125200000000405,354.19600000000173,-0.2432302202221692,0.5,0.4
2016-09-14,8612.695,8664.103,8579.349,8618.149,85065787,8734.593799999999,100775670.2,0.0103773230750898,0.0105004837676066,0.8441103575017455,-5.89180000000124,-107.81100000000151,0.2409179127310958,0.5,0.35
2016-09-19,8630.645,8716.981,8630.645,8716.485,79058353,8690.204800000001,95698494.2,0.0110376481045229,0.0106460114114248,0.8261190905969343,11.540600000003906,136.8660000000018,-0.046355453824984,0.5,0.4
2016-09-20,8721.384,8724.886,8685.97,8712.283,80607041,8658.1988,90181892.0,0.0099879065440494,0.0104149149202954,0.893827343963908,12.382999999996173,-102.53800000000228,0.0856995202717847,0.5,0.4
2016-09-21,8705.252,8756.13,8704.933,8731.999,76784213,8687.119,82065221.8,0.0076174838147663,0.0099676152646861,0.9356486379471408,60.9262000000017,23.918000000001484,-0.0258869593837408,0.5,0.4
2016-09-22,8779.889,8801.574,8760.153,8770.094,91791037,8709.802,82661286.2,0.0069584399238247,0.0096894739108419,1.1104477225035,-6.237200000001394,18.378999999999,0.1329777905731266,0.5,0.4
2016-09-23,8773.903,8781.246,8728.059,8729.61,89465761,8732.0942,83541281.0,0.0062101098641493,0.0095612926961019,1.0709167962124018,-0.3907999999992171,-78.5789999999979,-0.2143300108474577,0.5,0.4
2016-09-26,8711.883,8712.226,8544.176,8544.176,96348977,8697.632399999999,86999405.8,0.0081628015022484,0.0098698413597344,1.107467069619917,-56.754000000000815,-144.95000000000255,0.0760811996986134,0.45,0.4
2016-09-27,8521.013,8604.551,8477.802,8604.099,82333482,8675.9956,87344694.0,0.0102156889916187,0.0101023735712498,0.9426271732087126,12.825000000002548,245.3570000000018,-0.2013901698187195,0.45,0.35
2016-09-28,8604.236,8613.137,8575.03,8592.126,75728268,8648.020999999999,87133505.0,0.0099300808909133,0.0099734327165835,0.869106183666088,-6.337800000002972,-71.89600000000064,0.0913189068685798,0.4,0.35
2016-09-29,8597.291,8651.209,8597.253,8618.606,76203282,8617.723399999999,84015954.0,0.0102375662351691,0.0099257796052789,0.9070096615221438,-2.322999999998501,38.45299999999952,0.1114244673986802,0.45,0.35
2016-09-30,8607.972,8669.152,8606.381,8661.019,71987186,8604.0052,80520239.0,0.0104685299407543,0.0098835571010986,0.8940259851936108,16.579400000000533,15.933000000000902,-0.0508871541845887,0.5,0.4
2016-10-10,8699.705,8843.03,8687.747,8842.818,104310238,8663.7336,82112491.2,0.0100469267632992,0.0102998240139942,1.2703333740774387,73.44659999999931,139.3859999999986,0.389291065212361,0.55,0.45
2016-10-11,8845.229,8903.88,8834.114,8903.459,104427883,8723.605599999999,86531371.4,0.0086678460631159,0.0100378632919809,1.206821078996559,0.1435999999994237,-121.15799999999764,-0.4398196839647077,0.55,0.5
2016-10-12,8879.661,8915.914,8862.005,8915.44,102626587,8788.2684,91911035.2,0.0089901648212803,0.0099686034446511,1.1165861289309034,4.790800000002491,-48.66000000000167,-0.0267226549847758,0.55,0.5
2016-10-13,8914.564,8952.76,8905.261,8929.511,106486982,8850.449400000001,97967775.2,0.0088019486353831,0.0090134672197218,1.0869592759722075,-2.4818000000013853,2.090000000000145,0.0606080971069598,0.6,0.5
2016-10-14,8913.743,8918.766,8845.369,8913.695,102099828,8900.9846,103990303.6,0.0089992792141119,0.0090138105235263,0.9818206550557662,-11.645800000002057,-29.887000000000626,-0.0755117679577455,0.55,0.5
2016-10-17,8922.135,8940.04,8802.796,8832.094,106112258,8898.8398,104350707.6,0.0085950560982526,0.0094606081170808,1.0168810585046766,-52.67999999999847,-65.78499999999985,0.1401990243653517,0.55,0.5
2016-10-18,8822.788,8966.69,8822.788,8966.69,105622596,8911.486,104589650.2,0.0102375915839295,0.0097772582956783,1.009876176065459,14.791000000001077,216.19700000000196,-0.0420652858881276,0.6,0.5
2016-10-19,8976.848,8992.068,8926.891,8954.202,108631275,8919.238399999998,105790587.8,0.010484037169492,0.009255441674113,1.0268519842745405,-4.893800000003466,-147.08400000000256,0.0239806906482984,0.55,0.55
2016-10-20,8957.474,9006.842,8953.288,8995.409,116412953,8932.418,107775782.0,0.0106108677984912,0.009152205648217,1.0801401839979226,5.427200000003722,53.69500000000153,0.0363123915143008,0.6,0.55
2016-10-21,8987.24,8991.039,8857.102,8943.011,111821512,8938.281200000001,109720118.8,0.0119593757378749,0.0094093236892226,1.0191523051832496,-7.316399999999703,-93.60499999999956,-0.1142760785380549,0.55,0.55
2016-10-24,8940.544,9010.234,8918.209,9000.702,111382659,8972.0028,110774199.0,0.0108963688827128,0.0094252883116283,1.005492795303354,27.858399999997346,110.08899999999812,0.0473283689347772,0.6,0.5
2016-10-25,9003.38,9039.949,9001.105,9039.48,114219919,8986.5608,112493663.6,0.0085460971651322,0.009416805950949,1.015345356749498,-19.16359999999986,-18.912999999998647,0.0235120713260397,0.6,0.55
2016-10-26,9041.933,9042.355,8966.46,9000.759,124162316,8995.872200000002,115599871.8,0.0087767247134471,0.0095452518987832,1.0740696686481963,-5.246599999996761,-77.4989999999998,0.0488717504525546,0.55,0.55
2016-10-27,8989.697,8997.855,8956.635,8997.015,101499118,8996.1934,112617104.8,0.0085023323446204,0.0095381787534159,0.9012762153693726,-8.990200000003824,34.97699999999895,-0.2315177651775225,0.55,0.55
2016-10-28,8988.223,9006.218,8913.059,8914.616,112402190,8990.5144,112733240.4,0.0075970160428132,0.0097560502338886,0.9970634180404522,-6.0001999999985856,-78.65499999999884,0.2685806559499034,0.55,0.55
2016-10-31,8893.29,8920.659,8841.148,8910.508,101155494,8972.4756,110687807.4,0.0073368324869797,0.0092187960578111,0.913881089309571,-12.359800000000178,78.29099999999926,-0.1789695314019607,0.5,0.55
2016-11-01,8914.68,9006.789,8914.584,9006.789,106559327,8965.9374,109155689.0,0.0085248580558098,0.0089940982169968,0.9762141394206216,11.500600000001214,100.38900000000103,0.1455153788419316,0.55,0.55
2016-11-02,8990.467,9006.792,8939.548,8946.743,121370925,8955.134199999999,108597410.8,0.0083416509716996,0.0091481444189798,1.117622640410134,-4.265000000003056,-156.32700000000114,0.0790754508784619,0.5,0.6
2016-11-03,8922.04,9055.506,8914.684,9004.854,135517866,8956.702000000001,115401160.4,0.0105530379740508,0.0096170466881363,1.1743197861292909,12.371000000004642,118.15699999999924,-0.0847113552703554,0.5,0.55
2016-11-04,9000.486,9040.353,8960.581,8979.926,119656585,8969.764,116852039.4,0.0102396835265533,0.0096988386303383,1.0240008271520162,11.494199999995544,-83.03899999999885,-0.2070161046964316,0.45,0.55
2016-11-07,8981.426,9002.584,8946.764,8975.566,115234303,8982.775599999999,119667801.2,0.0096988478609661,0.0091317763322278,0.9629516197712172,-0.0503999999982625,20.56800000000112,0.0892697515964755,0.4,0.5
2016-11-08,8996.906,9042.724,8988.384,9030.73,112032650,8987.5638,120762465.8,0.0088548387794202,0.0090408463960729,0.9277108516941196,-8.223399999998946,59.52399999999761,0.0258084393037016,0.4,0.5
2016-11-09,9027.948,9038.976,8853.888,8967.596,143021034,8991.7344,125092487.6,0.0114795615746997,0.0097704936073346,1.143322326895672,-0.6176000000014028,-118.29799999999886,0.2508522432786497,0.35,0.5
2016-11-10,9028.671,9084.761,9028.671,9083.844,139759125,9007.5324,125940739.4,0.0095868104106587,0.0098132621319553,1.1097213313645196,11.627400000001217,179.3819999999996,-0.2492124707327048,0.4,0.55
2016-11-11,9080.435,9121.607,9064.246,9121.509,146580053,9035.849,131325433.0,0.0090678450927001,0.0097159800999854,1.116158916452992,12.518599999999424,-78.58299999999872,0.0400385806196248,0.45,0.55
2016-11-14,9105.928,9162.297,9093.459,9152.165,147471690,9071.1688,137772910.4,0.0093283236139672,0.0093150932111564,1.0703968550264435,7.003199999999197,-7.009000000000015,-0.0521996465150207,0.45,0.6
2016-11-15,9152.188,9198.236,9123.276,9197.86,132372898,9104.5948,141840960.0,0.0097548215160945,0.0089201538791142,0.9332487456373674,-1.8937999999980093,15.03899999999885,-0.0913860479625278,0.5,0.6
2016-11-16,9208.491,9236.677,9202.184,9211.948,138225702,9153.4652,140881893.6,0.0063757677352638,0.0087434262487776,0.981145968923859,15.444399999998495,-31.60699999999997,0.1850453326755677,0.5,0.65
2016-11-17,9197.922,9198.086,9131.904,9174.438,118432469,9171.584,136616562.4,0.0065835757632511,0.0088064391231452,0.8668968602301765,-30.7515999999996,-51.59799999999996,-0.162146331980174,0.5,0.6
2016-11-18,9176.331,9191.47,9132.731,9146.213,112850683,9176.5248,129870688.4,0.0066103113714855,0.008378714008388,0.8689465220390715,-13.178000000001704,9.284999999999854,0.1162987705025774,0.45,0.6
2016-11-21,9138.055,9181.956,9135.204,9167.492,106921569,9179.5902,121760664.2,0.0061259633728104,0.0081224918336808,0.8781289893784926,-1.875399999997171,49.504000000000815,0.007132805530526,0.45,0.55
2016-11-22,9176.55,9244.547,9174.559,9244.211,117043710,9188.8604,118694826.6,0.0060102207149596,0.008286184766571,0.9860893970925604,6.204799999997704,55.43999999999869,0.0987779403746468,0.5,0.55
2016-11-23,9250.04,9257.173,9161.52,9180.011,124025602,9182.473000000002,115854806.6,0.0073452863079463,0.0083855666474024,1.0705261666717936,-15.65759999999682,-140.91899999999805,-0.0235236381348348,0.5,0.6
2016-11-24,9166.576,9185.555,9096.001,9116.566,112366061,9170.8986,114641525.0,0.0078671818000826,0.0086476514870108,0.9801514852493456,-5.187000000003536,0.7549999999991996,-0.1748114510016809,0.5,0.6
2016-11-25,9109.166,9134.815,8957.159,9134.815,109498272,9168.619,113971042.8,0.0104723839957147,0.0090975559966134,0.960755199828706,9.294800000001487,81.6939999999995,0.0709783960018081,0.55,0.6
2016-11-28,9148.965,9163.651,9121.585,9133.909,103632039,9161.9024,113313136.8,0.0103735274208814,0.0088816655671563,0.914563323605741,-4.436999999999898,-19.15500000000065,-0.0267955908023251,0.5,0.6
2016-11-29,9120.589,9132.158,9031.289,9031.289,110035443,9119.318,111911483.4,0.0110930932385742,0.0089282435622621,0.9832363905561456,-35.86780000000181,-101.71399999999812,0.1148649431733694,0.5,0.55
2016-11-30,9013.147,9053.169,8983.7,9014.913,93976147,9086.2984,105901592.4,0.0105503541647504,0.0089377424456651,0.8873912551290399,9.564800000001924,86.24399999999878,-0.1645182023775101,0.45,0.55
2016-12-01,9021.967,9056.24,9021.967,9055.985,87812641,9074.1822,100990908.4,0.0093426246967457,0.0083450481676845,0.8695103588156258,20.90339999999924,57.44800000000032,0.0779642391136914,0.5,0.55
2016-12-02,9056.013,9060.631,8900.414,8900.414,100572332,9027.302,99205720.4,0.0090531928791511,0.0088009333347629,1.0137755322423927,-34.763999999999214,-196.64300000000003,0.1621460697401811,0.5,0.6
2016-12-05,8818.612,8908.109,8793.089,8851.516,83782214,8970.823400000001,95235755.4,0.0107309744981349,0.0091396972264485,0.8797348605899754,-9.598399999998946,106.67299999999886,-0.2783058450791842,0.45,0.55
2016-12-06,8865.34,8896.551,8853.911,8871.728,73750645,8938.911199999999,87978795.8,0.0094584627821191,0.0090791495629369,0.8382775000428001,24.566399999996065,69.11000000000058,0.0925833111052419,0.5,0.55
2016-12-07,8870.3,8969.341,8855.409,8969.135,83649893,8929.7556,85913545.0,0.0104577958432535,0.0086823010128035,0.9736519776945533,22.75660000000425,77.19500000000153,0.1768318381989284,0.5,0.55
2016-12-08,8973.096,8974.179,8908.307,8914.512,85521811,8901.461,85455379.0,0.0111787419663535,0.0087430310566082,1.0007773881618385,-19.13900000000285,-152.03000000000063,-0.1082490671844681,0.45,0.55
2016-12-09,8903.743,8920.306,8864.068,8881.342,83459736,8897.646600000002,82032859.8,0.0088449576454629,0.0087452114729536,1.01739395899983,24.48020000000361,21.45299999999952,-0.0105088396292932,0.4,0.5
2016-12-12,8875.59,8879.447,8391.027,8397.483,124182101,8806.84,90112837.2,0.0178786140222392,0.0112772698285165,1.3780733673315082,-86.99220000000423,-450.6890000000003,0.3440628374936865,0.35,0.45
2016-12-13,8371.367,8458.32,8299.279,8433.587,90004166,8719.2118,93363541.4,0.0206889680955017,0.0118126862077887,0.9640183378905118,3.1784000000006927,519.9629999999997,-0.7747344377726746,0.35,0.4
2016-12-14,8416.98,8464.953,8339.603,8378.056,89861967,8600.996000000001,94605956.2,0.0211407741941772,0.0123735526275319,0.9498552798306794,-30.58759999999711,-91.6349999999984,0.3998919713811639,0.35,0.45
2016-12-15,8347.605,8516.853,8340.853,8467.708,87825641,8511.6352,95066722.2,0.0238198833136862,0.013052107944217,0.9238315886734128,28.854999999997744,145.18299999999908,-0.0118606330974342,0.4,0.45
2016-12-16,8470.536,8565.786,8466.352,8559.99,87829367,8447.364800000001,95940648.4,0.024876680095875,0.0133118036540509,0.9154552159562016,25.090400000000955,2.6299999999992,0.0176473184400554,0.4,0.5
2016-12-19,8554.961,8556.437,8521.118,8551.325,83590215,8478.1332,87822271.2,0.0140701942967351,0.0132633275594977,0.9518111278361018,95.03879999999845,-100.9469999999983,0.0447322845971115,0.35,0.5
2016-12-20,8543.87,8561.337,8509.591,8546.19,77659679,8500.6538,85353373.8,0.0115095567978486,0.0131875202285109,0.9098606832106266,-8.247799999999188,3.529999999998836,-0.0783063565053754,0.35,0.45
2016-12-21,8558.28,8609.668,8558.28,8609.405,81903836,8546.9236,83761747.6,0.0097109801151329,0.0129649760793285,0.977819092208148,23.7492000000002,68.35000000000036,0.1099088536229964,0.4,0.5
2016-12-22,8602.354,8618.369,8560.967,8607.945,80737036,8574.971000000001,82344026.6,0.0068877091872479,0.0128072397910083,0.9804844301845206,-18.222399999998743,-64.67500000000109,-0.0652930710211485,0.35,0.55
2016-12-23,8602.669,8609.792,8502.048,8509.361,79636353,8564.845200000002,80705423.8,0.0070968462376618,0.0124679192145377,0.9867534206542388,-38.17320000000109,-97.12399999999798,0.0036036524933453,0.35,0.55
2016-12-26,8472.449,8547.251,8380.687,8547.097,76270136,8563.9996,79241408.0,0.0101683560764427,0.013212034723388,0.9625035436018502,9.28019999999742,136.3199999999979,-0.0305188675221065,0.4,0.55
2016-12-27,8541.001,8575.379,8534.148,8555.99,73504220,8565.959599999998,78410316.2,0.0099211763194219,0.0128945409987228,0.937430475506742,2.8056000000015047,-28.842999999998938,-0.0008231910427197,0.45,0.6
2016-12-28,8551.224,8568.128,8507.894,8521.375,75672018,8548.353599999999,77163952.6,0.0101411275676561,0.0128626694300549,0.9806653942711588,-19.56599999999889,-43.50799999999981,0.068307986859525,0.4,0.6
2016-12-29,8505.458,8551.189,8484.439,8488.297,70069228,8524.424,75030391.0,0.0103801830945513,0.0130666293904597,0.9338779535348548,-6.323599999997896,1.537000000000262,-0.0900223595007205,0.4,0.55
2016-12-30,8487.151,8516.607,8466.742,8490.861,68994180,8520.724,72901956.4,0.0090223760046903,0.0124602149959225,0.9463968239952472,20.229599999996932,35.641999999999825,0.0593063111966961,0.45,0.55
2017-01-03,8503.66,8565.337,8503.66,8565.136,72674829,8524.3318,72182895.0,0.0065650060300059,0.0121705426063557,1.0068151048804568,7.307800000000498,71.71099999999933,0.0478994104248171,0.45,0.55
2017-01-04,8567.228,8670.157,8554.127,8669.949,94103352,8547.1236,76302721.4,0.0082778150854071,0.0125993790745448,1.2332895901141476,19.184000000001102,30.538000000000466,0.1660562043484813,0.45,0.55
2017-01-05,8665.228,8694.444,8657.744,8670.761,94888573,8577.0008,80146032.4,0.0077106227357268,0.0121758761531732,1.1839459815854838,7.085399999998117,-104.0010000000002,-0.2758180937623546,0.5,0.55
2017-01-06,8661.692,8666.663,8603.911,8609.898,97656020,8601.321,85663390.8,0.0075955402556187,0.012170828962776,1.139997133991572,-5.55699999999888,-61.67500000000109,0.0053947609347519,0.5,0.55
2017-01-09,8595.91,8654.132,8578.987,8653.846,89797119,8633.918000000001,89823978.6,0.008157667757269,0.012288392523874,0.9997009751692296,8.276800000001458,104.81100000000151,-0.0963473112284306,0.55,0.55
2017-01-10,8646.081,8666.902,8604.117,8609.553,89114428,8642.8014,93111898.4,0.0081759766289564,0.009744883258035,0.9570681033391968,-23.71360000000277,-88.24099999999999,0.0976632869923097,0.5,0.6
2017-01-11,8592.748,8619.644,8514.633,8519.845,85553215,8612.780600000002,91401871.0,0.007964466750262,0.0094182537382349,0.9360116380987432,-38.90419999999722,-45.41500000000087,0.021576406589579,0.5,0.55
2017-01-12,8509.531,8536.592,8433.775,8443.26,79330448,8567.2804,88290246.0,0.0095534246723666,0.0092790387727206,0.8985188239253519,-15.479400000003809,13.123000000001412,-0.0164363489329375,0.45,0.55
2017-01-13,8433.995,8444.984,8277.788,8286.241,79257182,8502.549,84610478.4,0.0121312624970737,0.0092486737586229,0.9367301012684026,-19.231199999996534,-80.4340000000011,0.0757040915164419,0.4,0.5
2017-01-16,8263.198,8263.98,7715.432,7931.955,106208207,8358.1708,87892696.0,0.0242259222489977,0.0121257030621547,1.2083849037922332,-79.64680000000226,-197.26699999999985,0.2334435251807798,0.4,0.45
2017-01-17,7900.927,8031.988,7808.205,8028.651,77390492,8241.990399999999,85547908.8,0.0283420363181014,0.0133128437633766,0.9046450472673624,28.19779999999992,450.982,-0.5753946590487014,0.45,0.45
2017-01-18,8009.505,8036.381,7972.29,7989.14,64076272,8135.849400000001,81252520.2,0.0274813975685996,0.0134112139309227,0.7886065791224528,10.039400000003296,-136.20699999999945,0.1877013883799612,0.4,0.45
2017-01-19,7966.472,8000.824,7927.711,7955.391,60107254,8038.275599999999,77407881.4,0.0268839908188837,0.0135722914486583,0.7765004404318964,8.567199999995864,5.761999999998807,0.1039323294543531,0.4,0.4
2017-01-20,7945.187,8102.386,7944.392,8087.772,65199868,7998.5818,74596418.6,0.0267554663541197,0.0142156130503409,0.8740348293342867,57.88000000000284,166.13000000000102,0.1096405275929467,0.45,0.35
2017-01-23,8100.035,8185.728,8100.035,8169.108,68353735,8046.0124,67025524.2,0.0150220990418596,0.0141070162632041,1.0198164925355406,87.12439999999879,-51.04500000000007,0.0482472742988636,0.45,0.4
2017-01-24,8160.781,8163.779,8115.128,8123.586,62916847,8064.999400000001,64130795.2,0.0106452603375962,0.0134320698286649,0.9810707446209866,-28.443599999998696,-126.85800000000016,-0.1845274111158079,0.4,0.4
2017-01-25,8107.668,8160.437,8099.988,8150.595,54697164,8097.290400000001,62254973.6,0.0105241100453314,0.0135619473624,0.8785991036063985,13.303999999999178,72.53099999999995,-0.0637258931000341,0.45,0.35
2017-01-26,8157.016,8206.013,8157.016,8205.87,50228165,8147.386200000001,60279155.8,0.0098802296255022,0.0135070669631198,0.8332592640589038,17.804799999999886,28.26600000000053,0.0571318014670935,0.5,0.4
2017-02-03,8212.409,8217.694,8157.673,8182.278,45388793,8166.287400000001,56316940.8,0.0074403426552739,0.0134806529405215,0.8059527445070312,-31.19459999999981,-78.8670000000011,0.018033319995622,0.45,0.45
2017-02-06,8181.905,8280.008,8175.462,8280.008,64263077,8188.467399999999,55498809.2,0.0078676290009065,0.0138183295122582,1.1579181234036278,3.278799999997318,121.32200000000012,0.3792718984484691,0.45,0.4
2017-02-07,8271.762,8295.985,8233.798,8282.374,74017381,8220.225,57718916.0,0.0081715283726235,0.0138337004143193,1.282376491616717,9.577600000004168,-95.36399999999958,-0.2275070106835072,0.45,0.4
2017-02-08,8267.793,8342.523,8226.58,8342.433,78238751,8258.5926,62427233.4,0.0094678224113673,0.0138594491938901,1.253279165819961,6.609999999997854,57.69300000000112,-0.1535556940098454,0.45,0.35
2017-02-09,8337.999,8411.143,8330.799,8410.261,91724775,8299.470800000001,70726555.4,0.0101842469684706,0.0141254730213058,1.2968930054806542,2.510600000001432,7.768999999998414,0.0727111654574494,0.5,0.4
2017-02-10,8404.507,8414.183,8374.533,8380.786,98085517,8339.1724,81265900.2,0.0096633613856291,0.0139976082230241,1.2069701653289506,-1.1766000000025088,-97.30299999999988,-0.1335366798123969,0.45,0.45
2017-02-13,8373.754,8433.321,8363.251,8432.957,89710927,8369.762200000001,86355470.2,0.0087999114130456,0.0139788904262023,1.0388563317671564,-9.111799999996949,81.64600000000064,-0.0781909934100906,0.5,0.4
2017-02-14,8427.698,8433.136,8399.056,8423.835,84401361,8398.054399999999,88432266.2,0.0081073731728183,0.0138165495502848,0.9544181623607424,-2.297600000003513,-61.29300000000149,0.0836756641553803,0.5,0.45
2017-02-15,8415.573,8434.521,8331.356,8344.074,96558303,8398.3826,92096176.6,0.0078005492738051,0.0138184698247758,1.0484507236318863,-27.963999999996304,-70.6389999999974,0.1784707306775579,0.5,0.45
2017-02-16,8333.812,8401.708,8329.709,8397.562,89653901,8395.842800000002,91682001.8,0.0076046903976152,0.0136382894526179,0.9778789646802848,-2.868000000000393,133.24899999999798,-0.1646043202227457,0.55,0.45
2017-02-17,8390.12,8401.073,8307.234,8324.417,99137008,8384.569,91892300.0,0.0089130267078129,0.0131930492757089,1.078839119273323,-8.734000000004016,-126.6329999999998,0.1715319135446402,0.55,0.5
2017-02-20,8318.277,8397.434,8312.56,8397.243,93649509,8377.4262,92680016.4,0.0092726864199075,0.0102405814689298,1.0104606433798602,4.131000000003041,145.97100000000137,-0.1693386304865016,0.55,0.5
2017-02-21,8399.042,8479.608,8393.537,8479.607,103682214,8388.580600000001,96536187.0,0.0104936242597655,0.0093544465357009,1.0740243345223486,18.297200000000885,9.537999999998648,0.1319421670359515,0.6,0.5
2017-02-22,8477.745,8510.417,8457.629,8510.305,104126870,8421.8268,98049900.4,0.00926141795098,0.0092634749203709,1.0619783352681509,22.09179999999833,-51.66599999999926,-0.075609690396686,0.65,0.55
2017-02-23,8507.958,8515.45,8460.443,8512.704,113484936,8444.8552,102816107.4,0.0088390091782688,0.0091270440424642,1.1037661205991154,-10.217800000000352,-28.299000000000888,0.0538337845851621,0.65,0.6
2017-02-24,8500.698,8544.318,8487.5,8543.448,94768417,8488.6614,101942389.2,0.0079145561982138,0.0084828217367324,0.929627191825714,20.777800000001665,28.345000000001164,-0.2159267141043658,0.65,0.55
2017-02-27,8534.723,8546.619,8470.749,8476.906,90304755,8504.594000000001,101273438.4,0.0076831231017977,0.0084058374839143,0.8916923966116667,-27.87360000000081,-97.28600000000006,0.1362041335593539,0.65,0.55
2017-02-28,8470.437,8508.347,8460.482,8508.085,81385427,8510.2896,96814081.0,0.0067782176680104,0.0083876858683044,0.8406362603390306,-10.23700000000099,97.72099999999772,-0.0131213410585886,0.65,0.55
2017-03-01,8497.89,8548.82,8491.736,8526.471,93476812,8513.522799999999,94684069.4,0.0068766341172785,0.0083516059383577,0.9872496249089184,-2.4624000000003434,-12.792999999997846,0.1976695008425237,0.65,0.55
2017-03-02,8529.584,8539.107,8467.389,8471.44,90446682,8505.27,90076418.6,0.0072774547055447,0.0084763503124748,1.004110547530139,-11.485999999997148,-73.41699999999946,-0.1297524419486669,0.65,0.55
2017-03-03,8450.969,8509.879,8425.385,8505.451,85758079,8497.670600000001,88274351.0,0.0079341793908058,0.0086062809206154,0.9714948683111814,0.6533999999992375,89.04199999999764,-0.0494766018401784,0.65,0.55
2017-03-06,8513.206,8608.397,8513.206,8608.153,89786243,8523.92,88170648.6,0.0083557869798853,0.008527876978659,1.0183234945602977,33.84879999999794,68.69100000000253,0.0794443054680738,0.65,0.55
2017-03-07,8614.854,8625.518,8574.287,8624.465,94884636,8547.196,90870490.4,0.0084186608265413,0.0084494689817839,1.044174358279902,-2.9733999999989464,-86.39000000000124,-0.0209777625295116,0.65,0.6
2017-03-08,8622.114,8624.435,8563.965,8589.869,85651452,8559.875600000001,89305418.4,0.0084876154466498,0.0081065541971784,0.9590846057779624,-10.59639999999854,-50.90799999999945,-0.1109406162215438,0.6,0.6
2017-03-09,8578.885,8579.245,8513.647,8535.556,87844316,8572.6988,88784945.2,0.0083314968085609,0.0080131627724974,0.9894055326848362,0.1435999999976047,-19.717000000000557,0.1154106794088131,0.6,0.55
2017-03-10,8526.536,8561.522,8519.671,8537.78,75282220,8579.1646,86689773.4,0.0073250487736867,0.0080217027676298,0.8684094680076762,-6.357399999998961,56.53700000000026,-0.1513169915840337,0.6,0.55
2017-03-13,8529.171,8598.518,8477.701,8598.518,81584816,8577.2376,85049488.0,0.0079235832215524,0.0083087949307857,0.9592628705771868,-8.392799999999625,58.513999999999214,0.2118494672466706,0.65,0.55
2017-03-14,8604.765,8618.29,8563.614,8581.713,83475898,8568.6872,82767740.4,0.0080097887424654,0.0084250728741957,1.0085559614963222,-6.623400000000402,-77.54299999999967,-0.0415603116503751,0.65,0.6
2017-03-15,8563.466,8582.896,8540.102,8574.029,82728825,8565.519199999999,82183215.0,0.007600074911596,0.0080564356066261,1.006638946894448,5.382399999998597,9.121000000001004,-0.0512101055210098,0.6,0.6
2017-03-16,8582.959,8664.98,8582.959,8664.98,96216896,8591.404,83857731.0,0.0079561828867089,0.0081010358947708,1.1473825353085216,29.05280000000312,98.6349999999984,0.142660603015948,0.65,0.6
2017-03-17,8671.519,8704.846,8601.572,8603.865,107253153,8604.621000000001,90251917.6,0.009376452976941,0.0081375593349118,1.1883753370798185,-12.66780000000108,-152.0659999999989,-0.0997507866427769,0.6,0.65
2017-03-20,8594.714,8635.075,8569.826,8634.843,92282683,8611.886,92391491.0,0.0080775666093494,0.0080100149781462,0.998822315790964,-5.952000000001135,92.09300000000076,-0.2305458230601513,0.6,0.6
2017-03-21,8629.062,8640.099,8607.661,8639.566,81416937,8623.456600000001,91979698.8,0.0075542395275173,0.0076902266911336,0.8851620309937349,4.305600000001505,-26.25500000000102,0.0758927364916255,0.6,0.6
2017-03-22,8604.605,8625.405,8547.047,8592.507,92984855,8627.1522,94030904.8,0.0083798838732494,0.0078360520871934,0.988875468100356,-7.875000000001819,-51.78200000000106,0.2173737219038499,0.55,0.55
2017-03-23,8592.336,8624.071,8500.521,8590.96,100487706,8612.348199999999,94885066.8,0.0093630023790289,0.0082320341949608,1.059046585400096,-18.49960000000101,45.51200000000063,-0.0335423198068809,0.5,0.55
2017-03-24,8583.952,8606.61,8552.684,8602.289,93303695,8612.033,92095175.2,0.0082161196611675,0.0082129502006503,1.0131225093754963,14.488800000002811,12.876000000002024,-0.1160951933243393,0.55,0.5
2017-03-27,8603.229,8611.398,8570.863,8586.91,90339837,8602.4464,91706606.0,0.0076489355321506,0.0080014680857344,0.9850962863024284,-9.27139999999963,-26.70800000000236,0.0178978529515312,0.5,0.55
2017-03-28,8579.052,8591.838,8546.123,8558.072,83218324,8586.1476,92066883.4,0.0079663662874031,0.0079872638459818,0.9038898779536616,-6.712200000001758,-13.458999999998923,-0.0531801852756986,0.45,0.5
2017-03-29,8555.989,8565.864,8484.736,8488.217,97931194,8565.2896,93056151.2,0.0080540420868358,0.0081304040795827,1.052388184307369,-4.559199999999692,-41.01699999999983,0.2297047147024742,0.45,0.45
2017-03-30,8471.24,8473.341,8303.0,8315.045,113802456,8510.1066,95719101.2,0.0092749384968645,0.0087314051427908,1.188921067721016,-34.32500000000073,-103.31700000000092,-0.0119654229400604,0.4,0.45
2017-03-31,8314.08,8351.421,8291.685,8339.146,89185469,8457.478,94895456.0,0.0094538438654149,0.0085928663193025,0.9398286573384504,2.5544000000008964,197.27300000000105,-0.3856252937962126,0.4,0.4
2017-04-05,8369.393,8522.009,8369.393,8522.009,104236897,8444.497800000001,97674868.0,0.0120914230767054,0.0089353771099394,1.0671823687542634,39.64840000000186,158.7619999999988,0.3764461217983785,0.4,0.4
2017-04-06,8531.196,8557.519,8514.088,8543.663,103718630,8441.616,101774929.2,0.012039758331483,0.0088925382222172,1.019098031462939,10.098399999997127,-161.20899999999892,-0.1754380487071374,0.45,0.4
2017-04-07,8539.144,8567.796,8523.297,8544.747,104429268,8452.922,103074544.0,0.0111697665598747,0.008800941857889,1.0131431481278248,14.187800000001516,-20.570000000001528,0.0421294539562102,0.5,0.45
2017-04-10,8522.914,8523.395,8439.306,8449.156,116716199,8479.744200000001,103657292.6,0.009063061899058,0.0089142964154151,1.1259815500911512,15.516200000000026,-96.67499999999744,0.1187932852984405,0.45,0.45
2017-04-11,8432.468,8514.435,8373.839,8514.435,134251475,8514.802,112670493.8,0.0109329299102123,0.0094948366034339,1.1915406640385204,8.235599999998158,160.86999999999716,-0.0472792880159571,0.45,0.4
2017-04-12,8505.699,8505.922,8439.442,8444.393,126675246,8499.2788,117158163.6,0.008925775162903,0.0091859250952771,1.0812327720712072,-50.58099999999831,-135.3209999999981,-0.1758670059146825,0.45,0.4
2017-04-13,8429.731,8490.862,8423.304,8470.313,106494465,8484.6088,117713330.6,0.0095042630799857,0.0092661568065973,0.904693329610028,0.8531999999995605,95.96199999999952,-0.0662315504938657,0.5,0.4
2017-04-14,8460.635,8463.064,8338.872,8345.651,104302848,8444.7896,117688046.6,0.0114389196904725,0.0097606530526081,0.8862654365783313,-25.14919999999984,-150.5820000000003,0.1581115494294822,0.45,0.4
2017-04-17,8309.779,8309.779,8183.072,8220.656,92375203,8399.0896,112819847.4,0.0125310980547908,0.0100580252074355,0.8187850376404604,-5.880800000000818,-0.3329999999987194,-0.0490525059061741,0.45,0.35
2017-04-18,8216.208,8247.046,8133.047,8136.409,86728419,8323.4844,103315236.2,0.0120307597883673,0.0101584133062905,0.8394542972549484,-29.90519999999924,40.747999999997774,0.0881496585523589,0.4,0.35
2017-04-19,8101.796,8101.796,7939.294,8033.502,96674578,8241.306199999999,97315102.6,0.0145018318854161,0.0107919914142938,0.9934180349926488,-6.57300000000032,-18.659999999998035,0.1332944781232125,0.35,0.3
2017-04-20,8021.062,8059.114,7925.303,7987.65,80173877,8144.7736,92050985.0,0.0162571078619295,0.0114418738902003,0.870972505074226,-14.35439999999835,57.05499999999847,-0.2764092676561233,0.35,0.3
2017-04-21,7984.47,8014.827,7938.322,7945.39,68609374,8064.7214,84912290.2,0.015206669848565,0.011467349546437,0.8080028678816626,16.480399999998554,3.5920000000014625,0.0594758927258595,0.35,0.3
2017-04-24,7921.417,7921.417,7698.1,7698.284,79123069,7960.247,82261863.4,0.0179257549997757,0.0121987133626222,0.9618438694399912,-24.42219999999997,-204.84600000000137,0.2168106387508919,0.3,0.3
2017-04-25,7699.983,7779.674,7691.324,7723.999,69817708,7877.764999999999,78879721.2,0.0174112356434021,0.0124571923018492,0.8851160594619343,21.99239999999918,272.8210000000008,-0.2305688115363855,0.35,0.25
2017-04-26,7721.66,7763.071,7718.759,7751.944,72124687,7821.4534,73969743.0,0.0145088763511643,0.0125069766190472,0.9750566119987736,26.17040000000179,2.230000000000473,0.1666683625148962,0.4,0.3
2017-04-27,7737.067,7810.113,7593.024,7799.121,98167781,7783.7476,77568523.8,0.0167254410730286,0.0136316425866067,1.26556206294595,18.605799999998453,19.23199999999906,0.2005648984103369,0.45,0.35
2017-04-28,7777.749,7842.11,7768.05,7842.082,73216270,7763.086,78489903.0,0.016688454406614,0.0136259526263815,0.9328113196929292,17.044200000001183,-4.21599999999944,-0.623256194200197,0.5,0.4
2017-05-02,7831.444,7851.406,7811.841,7845.467,70339042,7792.522599999999,76733097.6,0.0118953277907822,0.0128538106861017,0.9166714781497366,50.09819999999854,-39.57600000000093,0.3166109017098281,0.5,0.45
2017-05-03,7832.017,7860.302,7796.818,7830.637,79325256,7813.850200000001,78634607.2,0.0112290789154016,0.0129010010643458,1.008783013288836,-8.10899999999765,-18.21499999999924,0.108251376682292,0.45,0.45
2017-05-04,7804.778,7877.324,7763.843,7804.579,81643054,7824.3772,80538280.6,0.0129938922517776,0.0127325939128153,1.0137173700725863,-10.800600000002303,-11.228000000000064,-0.0871771783553491,0.4,0.4
2017-05-05,7780.14,7787.572,7700.206,7700.264,75760190,7804.605799999999,76056762.4,0.0096960492301349,0.0130457153112697,0.9961006439053998,-30.298399999999678,-78.2569999999996,-0.0225510829509368,0.35,0.35
2017-05-08,7679.163,7691.484,7555.057,7555.282,73319729,7747.2458,76077454.2,0.0114186987999947,0.0136881856864115,0.9637510846150265,-37.58859999999913,-40.66700000000037,-0.0147328331231867,0.35,0.35
2017-05-09,7522.216,7603.358,7475.409,7602.961,67280805,7698.7446,75465806.8,0.0137758585259935,0.0140320098428356,0.8915402597935255,8.858799999999974,192.6610000000001,-0.0398612655311276,0.35,0.35
2017-05-10,7597.768,7637.638,7451.362,7451.775,77301565,7622.972200000001,75061068.6,0.0171539391541997,0.0144562533753427,1.029848980860366,-27.271199999999222,-198.8650000000007,0.2105195458883414,0.35,0.35
2017-05-11,7400.419,7408.105,7199.411,7387.153,89986689,7539.486999999999,76729795.6,0.0198960646670943,0.0154751662888631,1.1727737353701488,-7.7128000000029715,86.56400000000122,0.0046160334429424,0.3,0.35
2017-05-12,7368.073,7395.357,7306.375,7371.301,68955148,7473.6944,75368787.2,0.0200411778060559,0.0156799439927872,0.9149032452521672,17.69260000000304,48.76999999999953,-0.4007952446277646,0.3,0.3
2017-05-15,7386.203,7425.322,7386.203,7391.605,62018727,7440.959,73108586.8,0.0174882151725159,0.0152005095569224,0.8483097501208983,33.057199999998375,36.15599999999904,0.1912769949867128,0.35,0.35
2017-05-16,7377.762,7549.915,7324.137,7549.764,87956327,7430.3196,77243691.2,0.0201035086757872,0.0159251124980847,1.138686223218706,22.09600000000046,137.85500000000138,0.3569699682290767,0.4,0.35
2017-05-17,7545.212,7609.532,7538.669,7570.438,87397565,7454.0522,79262891.2,0.0169760996039688,0.0156925883292431,1.1026290320330885,34.3720000000003,-137.48500000000058,-0.3264336642834256,0.45,0.4
2017-05-18,7509.405,7581.827,7490.776,7519.191,76571371,7480.4598,76579827.6,0.0137477417307181,0.0152866437501886,0.9998895714411352,2.6749999999992724,-71.92100000000028,-0.0666822694063353,0.45,0.4
2017-05-19,7517.13,7540.915,7472.284,7510.106,70235465,7508.2208,76835891.0,0.0131611568774819,0.0149059562466753,0.91409709819074,1.3534000000008746,42.16200000000026,0.016946987341558,0.45,0.45
2017-05-22,7500.506,7521.625,7354.072,7372.79,75642748,7504.457799999999,79560695.2,0.0166478579951112,0.015560806593559,0.9507552417666656,-31.52400000000125,-128.23099999999977,0.1224506168263207,0.45,0.45
2017-05-23,7352.251,7359.779,7132.31,7138.238,81300141,7422.152599999999,78229458.0,0.017040050320798,0.0157036863283402,1.0392522596794675,-78.54219999999896,-97.23599999999988,0.0518388743368761,0.4,0.45
2017-05-24,7099.27,7172.658,6996.64,7172.143,69675338,7342.4936,74685012.6,0.0200763321094016,0.0163588624457429,0.9329226249604998,2.6462000000001358,268.4569999999994,-0.1948266526317695,0.4,0.4
2017-05-25,7160.162,7241.232,7078.546,7232.631,78452460,7285.181599999999,75061230.4,0.0221531696413646,0.0171977170727386,1.045179509873848,22.346999999998843,26.58300000000054,0.218586519632316,0.4,0.4
2017-05-26,7224.809,7265.152,7221.077,7233.338,73388876,7229.827999999999,75691912.6,0.0215441352107068,0.0161106297810949,0.9695735446378456,1.958400000000438,-59.78100000000086,-0.1878628501493507,0.4,0.4
2017-05-31,7303.581,7327.319,7211.069,7212.695,68088164,7197.808999999999,74180995.8,0.0202224460695775,0.0164443045092998,0.9178653274428004,23.334600000001046,-21.34999999999945,0.0238977480409573,0.35,0.4
2017-06-01,7191.686,7191.69,7015.873,7016.304,73048074,7173.422200000001,72530582.4,0.0188608625758817,0.0174450700246151,1.0071348055244624,7.632200000000921,-175.7479999999996,0.1409776952767071,0.35,0.35
2017-06-02,6989.439,7105.028,6927.917,7094.427,72114679,7157.879000000001,73018450.6,0.0189454444067714,0.0182879538185854,0.987622695461577,8.843599999998332,274.5139999999992,-0.1087815881445474,0.4,0.35
2017-06-05,7102.497,7172.437,7099.619,7160.527,63186152,7143.458199999999,69965189.0,0.0164806498324741,0.0180694064679128,0.903108430108007,1.122399999998379,-12.022999999999229,-0.0650021552906845,0.45,0.4
2017-06-06,7147.173,7198.304,7136.464,7197.617,61678299,7136.314,67623073.6,0.0169803335269764,0.0179317008553053,0.9120895534094742,7.276600000002872,-29.01000000000022,0.0934953886550371,0.5,0.45
2017-06-07,7194.69,7347.597,7192.864,7347.597,91546724,7163.294400000001,72314785.6,0.0179686492567361,0.0180817921234852,1.265947527057316,34.12459999999919,112.88999999999942,0.3448768503463746,0.5,0.5
2017-06-08,7349.927,7374.86,7327.072,7342.482,84987150,7228.530000000001,74702600.8,0.0142586644743674,0.0175657715117086,1.1376732414917474,38.2551999999996,-155.09499999999937,-0.4821322592134103,0.5,0.5
2017-06-09,7331.505,7353.407,7288.321,7348.52,76717904,7279.3486,75623245.8,0.0110371074077662,0.016758745881977,1.0144751549397262,-14.417000000000373,11.153000000000247,0.0050761990135472,0.55,0.5
2017-06-12,7314.668,7322.473,7241.07,7246.712,75468498,7296.5856,78079715.0,0.0112498536416388,0.0159078537115489,0.96655703725353,-33.581599999999526,-107.84600000000046,0.075279968865825,0.55,0.5
2017-06-13,7234.276,7358.426,7232.685,7352.976,73604184,7327.657399999999,80464892.0,0.0129516461411221,0.0161593179390718,0.9147366282427868,13.834799999998722,208.0719999999992,-0.0039022913245467,0.55,0.45
2017-06-14,7346.523,7382.579,7340.695,7362.855,80236269,7330.709,78202801.0,0.0098775582193013,0.0161791278851815,1.0260024957418086,-28.020199999998116,-96.38499999999932,0.1630862765097647,0.55,0.5
2017-06-15,7350.005,7468.211,7348.418,7455.387,91008686,7353.290000000001,79407108.2,0.0117894687927982,0.0154872615409613,1.1461025097498765,19.52940000000035,82.65300000000025,0.0088341465090462,0.55,0.5
2017-06-16,7453.602,7463.048,7433.422,7442.953,78770823,7372.176600000001,79817692.0,0.0108141463605317,0.0152182575711177,0.9868842486700818,-3.694400000001224,-104.96599999999944,-0.2793182750878625,0.55,0.55
2017-06-19,7435.254,7489.822,7435.239,7489.76,74348242,7420.7862,79593640.8,0.0100250641702289,0.0149771843214266,0.9340977652576486,29.722999999999047,59.24099999999908,0.1064317776673614,0.6,0.5
2017-06-20,7496.888,7542.134,7495.723,7503.8,88753750,7450.950999999999,82623554.0,0.0078419250880477,0.0148295099917133,1.0741942908919169,-18.444799999999304,-32.766999999999825,0.1928830090467014,0.65,0.55
2017-06-21,7510.01,7521.214,7456.564,7504.192,82020574,7479.218400000001,82980415.0,0.00842725117805,0.0141239761809162,0.9884329211898976,-1.8973999999980151,-13.648000000000138,-0.2258578953362874,0.7,0.6
2017-06-22,7495.918,7506.405,7371.961,7371.961,92135684,7462.533200000001,83205814.6,0.0088610974015023,0.0134425233111374,1.1073226605968474,-44.95260000000144,-132.6229999999996,0.2046511091089689,0.65,0.6
2017-06-23,7355.756,7383.925,7262.407,7376.665,81280141,7449.275599999999,83707678.2,0.0113596751023346,0.013039093319351,0.9709998263934646,3.427599999998165,136.9349999999995,-0.2552125736103324,0.65,0.55
2017-06-26,7370.618,7462.247,7363.385,7462.095,75951957,7443.7426,84028421.2,0.0125518500548823,0.012576854424806,0.9038841372399842,7.724600000002283,80.72600000000057,0.0692071450499023,0.65,0.55
2017-06-27,7461.397,7493.818,7442.852,7474.032,75652329,7437.789,81408137.0,0.0126786655426431,0.0126131425746973,0.929296895714491,-0.4206000000003769,-73.4930000000004,0.0925284476279872,0.7,0.55
2017-06-28,7457.361,7457.712,7411.382,7423.468,70053215,7421.6442,79014665.2,0.0122038322751892,0.0121193227323192,0.8865849753673322,-10.191200000000208,-62.50100000000021,-0.0681246788216657,0.7,0.55
2017-06-29,7424.968,7480.736,7424.968,7456.671,67297454,7438.586200000001,74047019.2,0.0100521784326336,0.0112403522753254,0.9088475772161804,33.08680000000095,83.76700000000073,0.0649745221960071,0.7,0.55
2017-06-30,7435.7,7473.27,7416.448,7465.762,64150203,7456.4056,70621031.6,0.0082797211423436,0.010372662503244,0.9083724996166724,0.8773999999984881,-24.11200000000099,-0.0227376794483564,0.7,0.55
2017-07-03,7468.15,7537.334,7460.444,7537.106,74486293,7471.407799999999,70327898.8,0.0076703151554799,0.0103742707555575,1.0591286569192937,-2.817200000000412,62.25300000000061,0.1512312349021295,0.7,0.55
2017-07-04,7533.988,7540.936,7506.52,7523.695,72648178,7481.340399999999,69727068.6,0.0072213693695864,0.0101734015353498,1.0418934777935007,-5.0695999999989,-84.75500000000011,-0.1679913364284143,0.65,0.55
2017-07-05,7520.864,7588.121,7510.534,7588.087,82890334,7514.2642,72294492.4,0.0080181343460668,0.0096316940046518,1.1465649906133095,22.99120000000039,77.8030000000008,0.121906691945602,0.7,0.5
2017-07-06,7583.148,7613.256,7543.337,7601.785,100425646,7543.286999999999,78920130.8,0.0083618878461646,0.0097661581182747,1.272497206758304,-3.901000000000749,-50.69400000000133,0.0212607033251852,0.7,0.55
2017-07-07,7585.332,7623.499,7576.812,7623.38,94199614,7574.8106,84930013.0,0.0080645228348086,0.0096295163600046,1.1091439960099854,2.5008000000007087,7.897000000000844,-0.2892854268933129,0.75,0.6
2017-07-10,7613.314,7626.852,7567.095,7577.817,99698487,7582.952799999999,89972451.8,0.0076013732386186,0.0094621506548024,1.108100146271661,-23.38140000000112,-67.15800000000036,0.1623093610099946,0.7,0.65
2017-07-11,7566.405,7575.47,7484.058,7484.058,90991082,7575.0254,93641032.6,0.0091293494631753,0.0092178273658631,0.9717009677657058,-16.06959999999799,-48.19599999999991,-0.1353553287676314,0.65,0.6
2017-07-12,7471.559,7494.954,7367.258,7474.332,89792195,7552.2744,95021404.8,0.0105013015531218,0.009787629838107,0.9449680857591364,-14.823600000001534,84.03300000000036,0.1096662964993859,0.6,0.55
2017-07-13,7463.278,7494.731,7452.129,7474.299,81808389,7526.777199999999,91297953.4,0.009801719666546,0.0092692208367116,0.8960593962230045,-2.7462000000014086,9.692999999999302,-0.0221758075295622,0.6,0.5
2017-07-14,7460.528,7465.54,7415.583,7433.179,73794909,7488.737000000001,87217012.4,0.0099210448267371,0.009406240976556,0.846106819866258,-12.542999999996027,-41.086999999999534,-0.0010438868206146,0.55,0.5
2017-07-17,7405.913,7405.913,7048.535,7048.535,116496105,7382.880599999999,90576536.0,0.0184843789541169,0.0115769793507744,1.2861620696114942,-67.81620000000476,-343.52400000000034,0.4900078261019825,0.5,0.45
2017-07-18,7013.311,7109.941,6988.521,7109.6,82600121,7307.989,88898343.8,0.0194571964361097,0.0121216452028786,0.9291525293860424,30.96480000000338,445.7090000000008,-0.7970647899706879,0.5,0.4
2017-07-19,7097.54,7202.951,7081.514,7202.805,101966429,7253.683599999999,91333190.6,0.0194122120497125,0.0125338700560226,1.1164225001901993,20.586199999998826,32.13999999999942,0.5442795110296086,0.55,0.45
2017-07-20,7199.678,7273.982,7192.065,7244.9,106172491,7207.8038,96206011.0,0.0205336223695365,0.0121873520787202,1.1035951901175904,8.425600000000486,-51.11000000000058,-0.2000972808767657,0.55,0.5
2017-07-21,7232.806,7268.24,7227.959,7252.707,100077281,7171.7094,101462485.4,0.0203002451882092,0.0116413834980246,0.9863476200633264,9.785399999999754,-34.28799999999865,-0.1044202599816552,0.55,0.5
2017-07-24,7235.009,7295.283,7228.836,7292.648,106202521,7220.532000000001,99403768.6,0.0119820560364757,0.0114345308461728,1.0683953183642174,84.91700000000128,32.133999999999105,0.1992952683551552,0.55,0.5
2017-07-25,7281.391,7297.108,7237.524,7278.842,92389196,7254.3804,101361583.6,0.0102035762050636,0.0115028728684837,0.9114813790261264,-14.974200000002384,-53.7470000000003,-0.238961637638982,0.55,0.55
2017-07-26,7275.877,7290.141,7238.266,7289.877,96347421,7271.794800000001,100237782.0,0.008254846309916,0.0115466235647043,0.9611886763416214,-16.433999999998377,24.84100000000126,0.2066212366535859,0.55,0.55
2017-07-27,7274.149,7388.294,7252.462,7383.114,124169690,7299.4376,103837221.8,0.009673007670763,0.0120925593882525,1.1958109803742842,10.228399999999056,82.2019999999984,0.1849150067171678,0.55,0.5
2017-07-28,7366.553,7400.367,7361.362,7386.207,103203280,7326.1376,104462421.6,0.0096183801966556,0.0119760482616026,0.9879464636113702,-0.9427999999998063,-90.1439999999984,-0.4424868207955769,0.55,0.5
2017-07-31,7382.964,7445.245,7371.036,7444.957,119850688,7356.599399999999,107192055.0,0.0097896165317512,0.0119643561902406,1.11809301538253,3.761799999999312,55.65699999999924,0.3380110685340738,0.6,0.5
2017-08-01,7444.751,7456.408,7416.974,7452.933,116322119,7391.417600000001,111978639.6,0.0092106472974666,0.0120001923504538,1.038788463724112,4.356400000002395,-50.77400000000034,-0.2094511034295776,0.6,0.55
2017-08-02,7445.285,7453.204,7385.346,7389.509,122436327,7411.344,117196420.8,0.0096240446009289,0.0119481011284198,1.0447104626935844,-14.89180000000215,-71.39999999999964,0.0852265506278902,0.55,0.55
2017-08-03,7374.473,7451.612,7368.534,7424.107,114162782,7419.542600000001,115195039.2,0.0081825735887479,0.0120477308238983,0.9910390481467886,-11.727799999998751,98.02199999999992,-0.0595934135162681,0.55,0.5
2017-08-04,7417.313,7447.357,7389.145,7389.145,123600728,7420.1302,119274528.8,0.0087020243517844,0.0121354236408466,1.0362709393491227,-7.611000000001695,-69.55999999999949,0.0989033057491299,0.55,0.5
2017-08-07,7379.028,7445.677,7379.028,7445.179,99658818,7420.1746,115236154.8,0.0084988804696431,0.0121887329979967,0.8648224871175587,-0.5431999999982509,90.9959999999992,-0.2166803434338982,0.6,0.5
2017-08-08,7446.232,7482.253,7423.205,7470.693,120566699,7423.7266,116085070.8,0.0090214566369001,0.011973219143885,1.0386064131168191,3.5075999999990017,-30.519999999999527,0.3452323782308244,0.65,0.55
2017-08-09,7469.285,7495.797,7455.692,7495.387,113083964,7444.902199999999,114214598.2,0.0082549777435886,0.0113865201760365,0.9901007908111696,17.623599999998987,-0.8200000000006185,-0.2222895483049098,0.7,0.6
2017-08-10,7478.927,7499.867,7381.21,7441.236,115524978,7448.327999999999,114487037.4,0.009206091814307,0.0118988238608386,1.0090660097734347,-17.749799999998686,-78.84499999999935,0.0674708412679145,0.7,0.65
2017-08-11,7389.74,7425.295,7318.48,7328.401,117100247,7436.1792,113186941.2,0.0105455803010095,0.0122915575094147,1.0345738276740355,-15.574599999999007,-58.6840000000002,0.0065425989383356,0.7,0.65
2017-08-14,7331.636,7475.196,7331.636,7474.643,105158120,7442.072,114286801.6,0.0125964405021273,0.0107167483849993,0.9201247959326916,18.04159999999956,259.0770000000002,-0.1399568496419446,0.7,0.65
2017-08-15,7477.269,7507.763,7462.437,7507.291,101089524,7449.3916,110391366.6,0.012223169535522,0.0101647124187381,0.9157375899357696,1.426799999999275,-113.59400000000004,0.1100618257444219,0.7,0.65
2017-08-16,7502.569,7553.502,7475.202,7544.387,112649947,7459.1916,110304563.2,0.0132287600336797,0.0098406571720283,1.021262799397949,2.4804000000003725,4.447999999999411,0.1099124154591014,0.7,0.65
2017-08-17,7547.781,7615.749,7545.626,7614.212,125774281,7493.7868,112354423.8,0.0118814833035342,0.009735789094338,1.1194421790092437,24.795199999999568,32.72900000000118,-0.007345829850885,0.7,0.65
2017-08-18,7564.977,7595.271,7547.668,7576.054,111948507,7543.3174,111324075.8,0.0102230563011505,0.00977226028765,1.0056091298806005,14.9354000000003,-107.98300000000108,-0.2120124287399374,0.65,0.65
2017-08-21,7583.079,7631.945,7583.046,7631.75,101044855,7574.738800000001,110501422.8,0.0076632649238955,0.0096370506068543,0.9144213028178312,-18.109199999998964,93.85400000000028,0.0226452220658738,0.7,0.65
2017-08-22,7622.991,7622.991,7567.694,7585.112,102144022,7590.303,110712322.4,0.0079137858954827,0.0095922648413428,0.9226075271997004,-15.857200000002194,-102.33399999999985,0.0993740514446382,0.65,0.7
2017-08-23,7572.078,7581.197,7516.687,7534.46,86378899,7588.3176,105458112.8,0.0075504692976652,0.0096645629189656,0.8190825409877808,-17.549599999998463,-4.014000000000124,-0.1117112105937887,0.6,0.7
2017-08-24,7531.842,7540.766,7470.353,7486.057,84636693,7562.686599999999,97230595.2,0.0075897487750962,0.0092149743704213,0.8704738752848856,-23.64560000000165,2.2489999999997963,0.1549163205090244,0.55,0.65
2017-08-25,7483.846,7566.028,7483.846,7559.305,86605024,7559.3368,92161898.6,0.0085074056187235,0.009494516643167,0.9397052937882944,22.281200000002173,121.65100000000076,0.017840084206304,0.55,0.6
2017-08-28,7563.543,7656.79,7563.543,7642.646,106388383,7561.516,93230604.2,0.0096661191305947,0.0096061762565652,1.141131540580534,5.528999999998632,10.092999999998938,0.1321948282888306,0.55,0.6
2017-08-29,7639.009,7653.175,7607.186,7623.255,104143952,7569.1446,93630590.2,0.0094146236688382,0.0096432589341857,1.1122855444736903,5.449400000000424,-102.73199999999906,-0.230272242899083,0.55,0.6
2017-08-30,7618.378,7663.329,7618.378,7654.372,107534864,7593.127,97861783.2,0.0088767432051339,0.0094777375700168,1.098844313721845,16.353800000000774,50.50799999999981,0.015404765354998,0.55,0.6
2017-08-31,7654.336,7680.314,7639.781,7679.871,102046479,7631.8898,101343740.4,0.008051130576431,0.0091821136173421,1.0069342082424264,14.780399999998735,-5.618000000000393,-0.0784688747275732,0.6,0.6
2017-09-01,7687.839,7740.294,7674.196,7739.905,124204193,7668.0098,108863574.2,0.0075847833236935,0.0092152063861442,1.140915994286728,-2.642799999999625,34.534999999999854,0.2258918915237202,0.6,0.65
2017-09-04,7739.873,7798.509,7730.113,7798.178,133033942,7699.116199999999,114192686.0,0.0068987608417437,0.0092061463495903,1.164995295758259,-5.013600000001134,-1.7609999999995125,-0.1099024845727705,0.6,0.65
2017-09-05,7790.695,7803.903,7751.472,7800.537,118988268,7734.572599999999,117161549.2,0.0070365079345469,0.0091470217585974,1.0155914531044798,4.350000000001273,-55.91399999999976,-0.1734831441253101,0.6,0.65
2017-09-06,7776.986,7858.354,7766.036,7858.284,125957092,7775.354999999999,120845994.8,0.0082115611171651,0.009466883413411,1.0422943036586263,5.326000000000022,55.38799999999901,0.1761066932079258,0.65,0.6
2017-09-07,7859.395,7886.919,7819.324,7823.399,130396053,7804.0606,126515909.6,0.008884017797867,0.0091015951132321,1.0306692131627373,-12.076799999998912,-92.6319999999987,-0.0383279410500358,0.65,0.65
2017-09-08,7816.214,7861.037,7789.327,7838.795,115813341,7823.8386,124837739.2,0.0090056561230672,0.0088302253416587,0.9277109770023776,-8.927600000000893,50.28099999999904,-0.0913331456644706,0.65,0.65
2017-09-11,7835.817,7920.856,7832.679,7920.69,119948688,7848.341,122220688.4,0.0094780007250865,0.0084265364053301,0.9814106725322616,4.72440000000006,66.4989999999998,0.156657931690244,0.65,0.65
2017-09-12,7926.466,7965.69,7883.657,7899.423,155595841,7868.1182,129542203.0,0.0102106451644027,0.0086438906658176,1.2011208501680335,-4.725200000000768,-103.16199999999937,0.1660104821058878,0.6,0.65
2017-09-13,7888.837,7928.954,7872.764,7928.751,114389441,7882.2116,127228672.8,0.0092784469841638,0.008479305151032,0.8990853907579236,-5.683799999999792,50.595000000000255,-0.5217456370458822,0.6,0.6
2017-09-14,7930.825,7951.839,7885.683,7916.665,125385871,7900.8648,126226636.4,0.0092217355238141,0.0084366581683021,0.9933392394507312,4.559800000000905,-41.41400000000067,0.3962893081029178,0.6,0.6
2017-09-15,7902.196,7904.359,7846.919,7880.566,116482297,7909.219,126360427.6,0.0088498808916487,0.0084869314892832,0.9218257583674084,-10.299000000000888,-24.01299999999992,-0.1657673297761306,0.55,0.55
2017-09-18,7870.641,7941.941,7870.641,7941.682,103390755,7913.4174,123048841.0,0.0084189723454692,0.0086154632607235,0.8402415996750429,-4.1557999999995445,97.21500000000016,-0.0100706776090426,0.6,0.5
2017-09-19,7941.066,7948.3,7880.957,7905.705,109775245,7914.6738,113884721.8,0.0080456916178014,0.0086768670963973,0.9639154687736172,-2.9420000000009168,-97.09299999999983,0.20525802779094,0.6,0.55
2017-09-20,7896.819,7975.606,7883.283,7975.389,116876089,7924.001399999999,114382051.4,0.0089435157294349,0.0088275667589744,1.0218044489452127,8.071200000000317,105.66100000000006,-0.065784888926979,0.65,0.55
2017-09-21,7974.712,7981.775,7886.515,7886.515,116850713,7917.971399999999,112675019.8,0.0096879750997956,0.0089612147494769,1.037059618071618,-15.357599999999366,-158.558,-0.04263381104519,0.6,0.6
2017-09-22,7860.862,7873.253,7807.826,7849.726,102139599,7911.8034,109806480.2,0.0098971999084795,0.0088343800617222,0.9301782446169328,-0.1379999999999199,52.08499999999913,-0.1221365425810905,0.55,0.55
2017-09-25,7835.197,7843.283,7725.568,7731.797,91623510,7869.8264,107453031.2,0.0111465688819225,0.0089855756985555,0.8526842749504492,-35.8090000000002,-81.13999999999942,0.0293874037882014,0.55,0.5
2017-09-26,7723.112,7751.055,7697.106,7746.238,77843700,7837.933,101066722.2,0.0108358215069905,0.0090321665559354,0.770220882853565,10.083599999999931,132.3700000000008,-0.0049694224304004,0.55,0.5
2017-09-27,7745.59,7812.877,7742.473,7810.234,81346629,7804.902,93960830.2,0.0103234894090212,0.0091892533099463,0.865750428416287,-1.1376000000000204,49.55499999999938,0.1779929376596061,0.55,0.5
2017-09-28,7800.127,7818.988,7766.855,7768.375,86698342,7781.274,87930356.0,0.0092499056766195,0.009260908524524,0.9859887522802704,9.403000000000247,-105.85500000000047,0.0247087783012615,0.5,0.5
2017-09-29,7779.883,7842.955,7779.883,7842.586,85523200,7779.846,84607076.2,0.0091913666048374,0.0092360258820082,1.0108279808397398,22.19999999999891,116.07000000000062,-0.0953990953045141,0.5,0.45
2017-10-09,7921.732,7945.04,7894.299,7941.18,102276853,7821.722599999999,86737744.8,0.0074243291470983,0.0091169677748941,1.17915047521503,43.30460000000039,24.38299999999981,0.143483265815821,0.5,0.45
2017-10-10,7934.367,7994.744,7925.55,7994.459,102305671,7871.366800000001,91630139.0,0.0077624697121268,0.0092136570003304,1.1165067751343256,7.7676000000019485,-45.31500000000051,-0.2309661944559948,0.5,0.5
2017-10-11,7991.217,7997.985,7953.954,7961.11,114720884,7901.541999999999,98304990.0,0.0070657566774319,0.008902802200013,1.1669894274949828,-19.46900000000369,-86.6279999999997,0.1131263524413617,0.5,0.5
2017-10-12,7951.665,7962.307,7886.243,7940.137,100875163,7935.8944,101140354.2,0.0076395079288799,0.0089497810572773,0.9973779882214412,4.177200000003722,12.376000000000204,-0.2200940916341986,0.45,0.5
2017-10-13,7934.432,7972.674,7926.762,7972.419,90829343,7961.861,102201582.8,0.0071828297530981,0.0087803192895159,0.8887273612752699,-8.385800000001836,53.25500000000011,0.06096081232737,0.45,0.45
2017-10-16,7963.523,7964.257,7817.241,7819.586,107362554,7937.542199999999,103218723.0,0.009665107908944,0.0091637445708585,1.040146117676732,-50.28540000000066,-185.11499999999975,0.2600693833476335,0.45,0.45
2017-10-17,7799.775,7836.396,7772.892,7805.068,70959771,7899.664,96949543.0,0.0095613093379461,0.0090513230437162,0.7319247600785493,-13.559399999998275,138.3149999999996,-0.4596401139996446,0.4,0.45
2017-10-18,7806.881,7829.985,7729.048,7730.271,82414922,7853.4962,90488350.6,0.0110666308314365,0.0093498481618311,0.9107793594814404,-8.289600000000974,-60.27900000000045,0.4870759570010735,0.4,0.45
2017-10-19,7718.802,7734.9,7637.611,7656.055,83055058,7796.679800000001,86924329.6,0.011692185785503,0.0095673936226995,0.9554868974221,-10.648599999998623,0.5810000000010405,-0.1341470614622313,0.4,0.45
2017-10-20,7650.078,7751.428,7647.055,7751.428,68092599,7752.481599999999,82376980.8,0.0132334154785646,0.0098762029362449,0.8265974103289787,12.61819999999716,169.58899999999903,-0.1735970250337808,0.4,0.45
2017-10-23,7753.685,7793.81,7746.887,7793.536,71750404,7747.2716,75254550.8,0.0106773681575228,0.0097283435238719,0.9534360811040812,38.98820000000251,-53.26499999999942,0.2557281578682238,0.45,0.45
2017-10-24,7786.298,7786.298,7702.55,7752.923,72746506,7736.842600000001,75611897.8,0.011210541642148,0.0098425355498029,0.9621039560787218,-5.219000000000051,-82.72100000000046,-0.118170795800462,0.4,0.5
2017-10-25,7745.322,7799.873,7740.493,7799.748,69358583,7750.738,73000630.0,0.0101216811605588,0.0096443895196121,0.9501093757684008,24.324399999998604,87.4380000000001,-0.0206624552849613,0.45,0.45
2017-10-26,7791.74,7836.701,7783.906,7830.105,83826361,7785.548,73154890.6,0.0089287026979467,0.0093775755222373,1.1458750100297466,20.914600000000064,-16.467999999999847,0.2077602145716665,0.5,0.5
2017-10-27,7821.56,7831.022,7762.635,7770.712,77703303,7789.404799999999,75077031.4,0.0079958239832373,0.0094008589549344,1.0349810261677448,-30.953199999999924,-89.74999999999909,-0.3066596181233474,0.5,0.55
2017-10-30,7753.675,7755.655,7531.285,7574.654,96450484,7745.6284,80017047.4,0.0127159032294941,0.0101206771107648,1.2053741937996076,-47.633199999999306,-136.66500000000087,0.2812871514938646,0.45,0.55
2017-10-31,7563.648,7631.917,7560.895,7631.533,69384453,7721.3504,79344636.8,0.0124167567611457,0.0102377693633416,0.8744693503972282,19.4984000000004,252.9369999999999,-0.5012980110342423,0.45,0.5
2017-11-01,7630.424,7659.373,7622.941,7635.435,74009354,7688.4878,80274791.0,0.0118484309432047,0.010025624903158,0.9219501300227616,-8.584600000001046,-52.97699999999986,0.3783856230279128,0.5,0.5
2017-11-02,7622.835,7622.835,7540.889,7542.354,76617542,7630.9376,78833027.2,0.0126728732888775,0.0102333174253018,0.9718964845231772,-24.687599999999293,-96.98300000000016,0.0024655748748823,0.45,0.5
2017-11-03,7534.442,7549.83,7436.43,7476.981,80044389,7572.191400000001,79301244.4,0.0139460612710097,0.0105895326214774,1.0093711593761572,-1.195999999999913,27.70799999999963,-0.0124716796474355,0.4,0.45
2017-11-06,7476.194,7551.889,7453.201,7551.353,73389682,7567.5312,74689084.0,0.0106356135282548,0.0109234982060539,0.9826025179261804,54.08599999999933,139.7450000000008,-0.0642433163029567,0.4,0.4
2017-11-07,7548.384,7596.424,7530.041,7596.167,81226162,7560.458,77057425.8,0.0105221386582303,0.0109276865998675,1.0540990846335798,-2.4130000000004657,-29.557999999999996,0.098265208157376,0.45,0.4
2017-11-08,7585.91,7653.423,7578.688,7617.524,86674802,7556.8758,79590515.4,0.0115300373196584,0.0111416950637146,1.0890091811115472,3.491000000000895,-23.45700000000033,-0.0365864702294319,0.5,0.45
2017-11-09,7610.888,7657.25,7609.241,7656.668,78332482,7579.7386,79933503.4,0.0106111259549525,0.0109762219318199,0.9799705838991164,26.44499999999971,17.786999999999352,-0.1439486936903983,0.5,0.5
2017-11-10,7649.469,7677.7,7634.646,7669.971,89683889,7618.3366,81861403.4,0.0087004800783294,0.0109689452027853,1.09555767767353,15.735200000000075,-25.84099999999944,0.2246256909868444,0.55,0.5
2017-11-13,7673.517,7682.064,7649.428,7681.634,96787326,7644.3928,86540932.2,0.0069364118741126,0.0102413241973461,1.1183993925131304,-12.541799999999968,-1.639999999999418,-0.092745378934813,0.6,0.55
2017-11-14,7676.701,7683.233,7596.798,7627.493,96157933,7650.658,89527286.4,0.0074550158685754,0.0104011132325248,1.0740628568856074,-19.790999999999254,-65.80400000000009,-0.0671782504671234,0.6,0.55
2017-11-15,7609.72,7618.397,7530.812,7556.421,78824888,7638.4374,87957303.6,0.0078109906692914,0.0103277850231783,0.8961721741547339,-18.48580000000129,-16.931000000000495,-0.1335541471033505,0.6,0.55
2017-11-16,7543.012,7575.51,7523.889,7535.589,75868519,7614.2216,87464511.0,0.0079270052789207,0.0100349268051743,0.8674206044552173,-11.995199999999386,50.23999999999978,0.1491391130313568,0.55,0.55
2017-11-17,7528.802,7529.214,7262.89,7272.656,105824511,7534.758599999999,90692635.4,0.014128323096021,0.0111926721071494,1.1668478982142358,-55.2472000000007,-242.1009999999997,0.3281788634585352,0.5,0.5
2017-11-20,7234.331,7292.505,7089.626,7292.456,79268800,7456.923000000001,87188930.2,0.0188426868717911,0.0122826538759132,0.9091612870827492,1.627400000002126,282.7330000000002,-0.557113904890505,0.55,0.45
2017-11-21,7283.612,7332.98,7246.203,7289.306,78289056,7389.2856,83615154.8,0.0189572203030532,0.0123377828977512,0.9363022311835748,10.198199999997996,-22.950000000000728,0.284827555232312,0.5,0.5
2017-11-22,7290.643,7330.648,7244.988,7297.391,83721769,7337.479600000001,84594531.0,0.0189867477366251,0.0125440516671949,0.9896829973559402,15.83140000000094,11.235000000000582,0.0262398220715397,0.5,0.5
2017-11-23,7283.747,7283.747,7124.026,7129.054,84917041,7256.1726,86404235.4,0.0220975359075433,0.0133271351075735,0.9827879456011018,-29.501000000001117,-176.42199999999957,-0.0602758179272037,0.5,0.45
2017-11-24,7102.263,7165.405,7093.732,7139.552,68774421,7229.551799999999,78994217.4,0.0167813271692615,0.0133890479036554,0.8706260187596971,54.6862000000001,178.83499999999913,-0.1052668750865662,0.55,0.45
2017-11-27,7130.099,7148.311,7057.33,7065.84,66026161,7184.2286,76345689.6,0.0137924835620807,0.0125517989590598,0.8648315490492341,-18.702399999998303,-84.20999999999913,0.1063674571309416,0.5,0.5
2017-11-28,7057.53,7177.1,7057.355,7176.92,64844703,7161.751399999999,73656819.0,0.0147484903615617,0.0129207162978552,0.8803625228507357,22.84599999999773,184.79199999999943,0.0213254435119646,0.5,0.45
2017-11-29,7176.156,7194.783,7110.484,7193.119,79386985,7140.897,72789862.2,0.014744680910053,0.013268114158907,1.0906324397465337,1.6228000000019165,-94.88100000000033,0.1947389430942964,0.55,0.5
2017-11-30,7176.15,7199.271,7133.81,7153.572,71253522,7145.8006,70057158.4,0.0120939965518107,0.0131824159233068,1.0170769644005428,25.7579999999989,-55.74599999999919,-0.2838253922417888,0.55,0.5
2017-12-01,7144.481,7221.001,7144.067,7215.775,68773426,7161.0452000000005,70056959.4,0.0122186070774744,0.0129571843552716,0.9816787167043391,10.34100000000126,101.74999999999908,0.0381572276497872,0.55,0.5
2017-12-04,7209.777,7215.283,7135.398,7139.748,68490651,7175.8268,70549857.4,0.011881125910862,0.0128631770547116,0.9708120402239112,-0.463000000001557,-138.22999999999956,0.0245315712157754,0.5,0.5
2017-12-05,7124.979,7139.702,6909.402,6946.556,82947430,7129.754000000001,74170402.8,0.0151748030085953,0.0140838823854464,1.1183359786203022,-60.85439999999835,-117.16499999999996,0.1583906148768192,0.45,0.45
2017-12-06,6925.459,7016.871,6879.24,7016.764,74073810,7094.483,73107767.8,0.0167538435416821,0.0145740657144129,1.0132139474240658,10.801799999998366,263.40000000000055,-0.2526459695926275,0.45,0.4
2017-12-07,7002.461,7052.215,6992.922,7012.707,65907003,7066.31,72038464.0,0.0166146969690407,0.0146833086768289,0.9148862890802336,7.098000000000866,-74.26500000000033,0.0067943728524042,0.4,0.4
2017-12-08,7004.122,7091.611,7002.644,7078.0,69671967,7038.755,72218172.2,0.0169962156389065,0.0150311182454158,0.9647428739549296,0.6179999999994834,69.34999999999945,0.148184243218528,0.4,0.4
2017-12-11,7089.949,7160.835,7089.916,7160.425,74668996,7042.890400000001,73453841.2,0.0167393216639702,0.015313904502176,1.0165431076189926,31.69040000000132,17.132000000000517,0.0019436487893671,0.45,0.4
2017-12-12,7157.731,7157.731,7095.227,7095.594,75574603,7072.697999999999,71979275.8,0.0118704671438639,0.0151877452042685,1.0499494772632876,25.672199999997247,-147.2560000000003,-0.018393864019768,0.45,0.45
2017-12-13,7080.616,7140.196,7078.255,7139.718,66579784,7097.2888,70480470.6,0.0096826582362079,0.015041982606142,0.9446557810015532,-5.21679999999742,108.95499999999991,-0.1387000659060294,0.5,0.45
2017-12-14,7131.271,7149.222,7103.924,7146.449,71121087,7124.037200000001,71523287.4,0.0092593487202756,0.0150163945371676,0.9943766510933612,2.1575999999995474,-37.39300000000003,0.1550145663535425,0.55,0.5
2017-12-15,7137.04,7146.708,7092.256,7122.747,75337556,7132.986599999999,72656405.2,0.0082744071544461,0.0135676392600221,1.0369017816477384,-17.799000000001797,-30.432999999999083,-0.0071957395374308,0.5,0.55
2017-12-18,7113.778,7120.85,7049.303,7075.865,67680244,7116.0746,71258654.8,0.0083158298678405,0.0126821902511884,0.9497827904548096,-25.86139999999796,-23.1800000000012,-0.1296441217473061,0.5,0.5
2017-12-19,7070.218,7116.09,7069.881,7115.851,61202471,7120.125999999999,68384228.4,0.0078528229609169,0.0124116458687344,0.8949793312283684,20.963399999998728,86.8680000000004,0.0323155319664877,0.5,0.45
2017-12-20,7106.66,7112.588,7029.699,7041.499,70439849,7100.4822,69156241.4,0.0084720122589279,0.0124132987367177,1.0185609798047814,-23.69519999999829,-114.33799999999974,0.1783851078028542,0.5,0.5
2017-12-21,7029.023,7064.666,6963.134,7051.338,71260268,7081.460000000001,69184077.6,0.0100840996152464,0.0120130354640934,1.030009656441528,0.6215999999994892,84.1909999999998,-0.1121329719396665,0.5,0.5
2017-12-22,7043.389,7063.814,7027.201,7037.397,66292358,7064.389999999999,67375038.0,0.0095956657231242,0.0117712238984878,0.9839305470966858,1.9521999999979016,-23.779999999999745,-0.0575277859815887,0.5,0.5
2017-12-25,7031.033,7034.196,6927.319,6940.511,70201001,7037.3192,67879189.4,0.0106531849842409,0.0118973656067284,1.034205057846492,-10.00079999999798,-82.94499999999971,0.0963536200946484,0.45,0.5
2017-12-26,6935.04,6970.983,6893.616,6970.745,63357553,7008.298,68310205.8,0.0115741852822674,0.0116180695989109,0.9274976155905535,-1.9504000000006272,127.11999999999898,-0.1569819530057448,0.45,0.45
2017-12-27,6963.064,6985.488,6935.877,6942.539,72263885,6988.505999999999,68675013.0,0.0106490743844534,0.0113893971053178,1.0522587742356888,9.229199999999764,-58.4399999999996,0.2314686009010738,0.45,0.5
2017-12-28,6929.543,6979.075,6925.067,6956.482,75274863,6969.534799999999,69477932.0,0.0093220193770569,0.0113200411704049,1.0834355720317064,0.8208000000004176,42.14900000000034,-0.0935843608491177,0.45,0.5
2017-12-29,6957.015,7018.064,6956.587,7017.351,66690097,6965.525599999999,69557479.8,0.0100336352560001,0.0112249809431192,0.9587767870796262,14.961999999999534,46.92599999999948,-0.1558355827480977,0.5,0.5
2018-01-02,7027.634,7092.22,7022.231,7092.094,77191027,6995.842200000001,70955485.0,0.0089275521113016,0.0111589721568383,1.0878796332658427,34.325800000002346,13.874000000000706,0.2537616311382966,0.55,0.55
2018-01-03,7090.866,7163.857,7083.107,7159.875,91410010,7033.6682,76565976.4,0.0089634153454439,0.010065222683123,1.1938724522031954,7.509399999997186,-6.962000000000444,-0.0231100272488637,0.55,0.6
2018-01-04,7149.678,7175.348,7141.695,7174.865,88822118,7080.133400000001,79877623.0,0.0084723067669267,0.009319012911629,1.111977480852178,8.639200000001438,-52.79100000000017,-0.18788779028837,0.6,0.6
2018-01-05,7172.001,7194.979,7163.042,7176.867,92401433,7124.210399999999,83302937.0,0.0078095662764216,0.0091187584972501,1.1092217913037088,-2.3882000000021435,-12.987999999999374,0.079139281802548,0.6,0.6
2018-01-08,7172.044,7188.545,7132.94,7188.29,97596014,7158.3982000000005,89484120.4,0.0076045231419619,0.0088770578188831,1.0906517666345636,-9.88919999999689,9.420999999999369,-0.0158143351206758,0.6,0.6
2018-01-09,7179.926,7183.283,7156.197,7176.741,84762073,7175.3276,90998329.6,0.0063856315330678,0.0085705496241127,0.9314684497241584,-17.25840000000244,-22.971999999999756,-0.1406132922412599,0.6,0.6
2018-01-10,7172.725,7175.077,7089.656,7138.781,92083397,7171.1088,91133007.0,0.0065231592390214,0.0087283957069124,1.0104286035464627,-21.148199999998724,-26.411000000000055,0.2381434707327092,0.55,0.6
2018-01-11,7121.461,7180.331,7093.727,7175.398,89170557,7171.215399999999,91202694.8,0.007998993750663,0.0088980967902427,0.977718445661542,4.325399999998808,74.57700000000023,-0.1116703117072247,0.55,0.55
2018-01-12,7166.746,7174.841,7125.23,7127.828,92888879,7161.4076000000005,91300184.0,0.008501032328268,0.0089291793992482,1.017400786399291,-9.91439999999784,-84.1869999999999,0.0723924986226698,0.55,0.55
2018-01-15,7103.612,7103.7,6912.708,6929.307,106751386,7109.611,93131258.4,0.012466518700091,0.0099250857052943,1.1462465753603517,-41.9888000000019,-150.95100000000093,0.0891634482233111,0.55,0.55
2018-01-16,6916.157,6960.725,6915.991,6960.677,86865454,7066.3982000000005,93551934.6,0.0129970261499825,0.0097408486946482,0.928526538455999,8.583800000001247,229.89100000000053,-0.346565825865413,0.55,0.55
2018-01-17,6938.72,6948.323,6846.556,6942.863,90404454,7027.214600000001,93216146.0,0.0135354296705627,0.0101490473843239,0.9698368563746456,4.029199999999946,-49.18399999999929,0.2590303548229994,0.55,0.55
2018-01-18,6928.094,6963.623,6926.585,6955.232,71023325,6983.1814,89586699.6,0.0121865547492667,0.0098267324128274,0.7927887210614466,-4.849600000001374,30.182999999999083,-0.2183584532318457,0.55,0.55
2018-01-19,6953.335,6981.812,6928.648,6938.311,75544277,6945.278,86117779.2,0.0123269945000941,0.0094899031204601,0.8772204497349602,6.129800000000614,-29.289999999999964,0.2614798639867126,0.55,0.55
2018-01-22,6928.797,7014.826,6902.629,7014.547,81490371,6962.325999999999,81065576.2,0.010013389242147,0.01002951658505,1.0052401379218223,54.95139999999901,93.15700000000017,0.0435879595133485,0.6,0.55
2018-01-23,7008.97,7028.566,6996.643,7019.975,78622637,6974.1856,79417012.8,0.0096375449151036,0.0094869386773639,0.9899974102274468,-5.188399999998183,-70.80799999999908,-0.1432624158812375,0.6,0.6
2018-01-24,7008.469,7072.87,6972.691,7072.406,91279268,7000.0942,79591975.6,0.0095389415948112,0.0096402364624598,1.146840084215726,14.048999999999069,47.00299999999879,0.1720854016826545,0.65,0.55
2018-01-25,7065.295,7110.15,7057.636,7062.635,97155728,7021.574799999999,84818456.2,0.0099609953344349,0.0096547126503228,1.1454550383575597,-4.427999999999884,-62.20199999999932,-0.1582277198464454,0.6,0.6
2018-01-26,7043.271,7070.601,7037.998,7056.013,82596985,7045.1152,86228997.8,0.0093526382390782,0.0094975578359655,0.957879450154064,2.059800000000905,3.1489999999994325,-0.1861905423453292,0.55,0.55
2018-01-29,7052.307,7060.123,6956.197,6972.479,87438231,7036.7016,87418569.8,0.0091346920419301,0.0098047807815325,1.0002249087355808,-31.954000000000637,-76.91199999999935,0.2299210467850123,0.5,0.55
2018-01-30,6955.676,6977.097,6944.798,6955.242,73304621,7023.755,86354966.6,0.0091539687318361,0.0095435428324975,0.8488755642689346,-4.5330000000003565,66.29699999999957,-0.1936948030481629,0.45,0.5
2018-01-31,6913.355,6913.355,6773.987,6791.009,93717953,6967.4756,86842703.6,0.0104255006532677,0.0100057577894157,1.0791689930758903,-43.33280000000013,-146.9960000000001,0.3816427732736021,0.4,0.45
2018-02-01,6775.359,6792.989,6505.76,6506.452,108188969,6856.239,89049351.8,0.0177674584874686,0.0119785005804583,1.2149326953326571,-54.95719999999983,-120.3239999999996,-0.0945297265501893,0.35,0.4
2018-02-02,6454.445,6493.224,6322.575,6487.867,85895624,6742.6098,89709079.6,0.0221038967747232,0.0130711404605409,0.9574908624968214,-2.39259999999922,265.9719999999997,-0.3932055350926023,0.3,0.35
2018-02-05,6403.077,6485.753,6379.833,6461.812,70665745,6640.476400000001,86354582.4,0.0224011997467205,0.0135039499327222,0.8183207310605904,11.4958000000006,-7.470000000000255,0.1182717013996048,0.3,0.3
2018-02-06,6353.204,6383.181,6142.402,6142.668,91078375,6477.9616000000005,89909333.2,0.0293119903029211,0.0152751325249609,1.0130024521191756,-60.38140000000203,-293.08899999999994,0.3338518524948161,0.3,0.3
2018-02-07,6236.456,6270.568,6042.626,6158.257,84681200,6351.4112,88101982.6,0.0326103134482787,0.0165275463417301,0.9611724674173224,35.96439999999984,334.7330000000002,-0.2465117057604383,0.3,0.3
2018-02-08,6141.782,6243.736,6138.166,6238.22,63310989,6297.7648,79126386.6,0.0271658812465599,0.0167702224544325,0.8001248599920271,72.90400000000136,64.3740000000007,-0.1092176227234421,0.35,0.25
2018-02-09,6100.348,6142.313,5983.765,6053.02,81244007,6210.7954,78196063.2,0.027143964553913,0.0177318735169521,1.038978225696661,-33.32300000000032,-265.16300000000047,0.3999009731299295,0.35,0.25
2018-02-12,6074.46,6216.516,6074.46,6203.751,62144022,6159.1832,76491718.6,0.0284453080523421,0.017498647270785,0.8124281051256182,35.357200000000375,335.9309999999996,-0.4654034862756773,0.35,0.25
2018-02-13,6229.376,6268.775,6211.628,6216.51,61402576,6173.9516,70556558.8,0.0224443061047761,0.0176369525136593,0.8702603562916393,66.3805999999995,-137.97199999999975,0.2843823717370641,0.4,0.25
2018-02-14,6216.38,6230.731,6182.893,6230.662,43078275,6188.4326,62235973.8,0.0165770643282841,0.0172879550061604,0.6921764434575297,-0.2874000000001615,1.393000000000029,-0.2359161640001307,0.4,0.25
2018-02-22,6269.367,6347.148,6269.367,6347.082,56935533,6210.205,60960882.6,0.0156433665393539,0.0176344254019543,0.9339683182342902,7.291400000000067,102.26800000000004,0.4198757876108701,0.45,0.25
2018-02-23,6346.822,6367.055,6316.543,6365.916,64212820,6272.7842,57554645.2,0.011991676840783,0.0176480441021243,1.1156844035240443,40.80680000000029,-97.58600000000024,-0.0600757894870063,0.45,0.3
2018-02-26,6396.507,6509.624,6382.154,6507.128,89530167,6333.4596,63031874.2,0.0113298533982127,0.0178277633098014,1.4203951276448004,-1.9038000000000463,122.3779999999997,0.1229946388310019,0.45,0.3
2018-02-27,6506.4,6540.749,6491.533,6529.38,92361276,6396.0336,69223614.2,0.0109988221322788,0.017977271817953,1.3342452148359512,1.8985999999995329,-118.95999999999913,-0.3908606369296052,0.45,0.35
2018-02-28,6488.249,6581.081,6461.367,6563.807,88031590,6462.662600000001,78214277.2,0.0131109551483667,0.0181809583945493,1.1255181681842608,4.0550000000012005,12.174999999999272,-0.1225771338428411,0.5,0.3
2018-03-01,6530.223,6658.935,6517.587,6658.578,91081398,6524.9618,85043450.2,0.0149056247825563,0.0188705827639847,1.070998387127995,-4.329800000001342,60.34400000000096,0.1542072655954249,0.55,0.35
2018-03-02,6621.526,6672.962,6612.457,6632.371,89120446,6578.252799999999,90024975.4,0.0151432093259675,0.0190956868738467,0.9899524615699034,-9.008200000000215,-120.97800000000096,-0.0265261445018265,0.55,0.35
2018-03-05,6648.26,6674.413,6626.421,6674.277,79316783,6611.6826,87982298.6,0.012663470178619,0.0187099578439736,0.901508420013023,-19.861199999998465,68.11300000000028,-0.0073981159987883,0.6,0.4
2018-03-06,6679.274,6735.96,6679.051,6735.859,96465995,6652.9784,88803242.4,0.0128456782472377,0.0189001991968034,1.0862891082904873,7.865999999999076,19.676000000000386,0.2732247298343446,0.65,0.45
2018-03-07,6726.802,6740.082,6682.642,6688.545,85717765,6677.926000000001,88340477.4,0.0109155414498445,0.0183034685936935,0.9703113173350362,-16.348199999998542,-108.89600000000064,-0.3007584792329154,0.65,0.5
2018-03-08,6679.035,6725.417,6678.675,6725.182,79015477,6691.246799999999,85927293.2,0.0080600093089045,0.0164437204693437,0.9195620396896198,-11.62680000000364,83.95100000000002,0.0652285133100347,0.7,0.5
2018-03-09,6725.429,6839.718,6722.679,6837.126,106638912,6732.1978,89430986.4,0.0096591047651919,0.0159844888714639,1.192415697206265,27.63020000000324,75.3070000000007,0.3236029351620615,0.75,0.55
2018-03-12,6865.444,6947.646,6865.444,6947.46,123378324,6786.8344,98243294.6,0.0105873764679538,0.0157565020242819,1.255844732226641,13.685599999998884,-1.610000000000582,-0.209424622496269,0.8,0.6
2018-03-13,6937.124,6963.849,6906.653,6911.665,111152929,6821.9956,101180681.4,0.0105527010148832,0.014210376874794,1.0985588104568744,-19.475399999999357,-146.1289999999999,-0.2207149567901427,0.75,0.65
2018-03-14,6886.018,6908.112,6831.751,6834.835,94189430,6851.253599999999,102875014.4,0.0110696026887656,0.0129182909038152,0.9155714878811234,-5.903200000001561,-41.034999999999854,-0.0257014008059843,0.7,0.65
2018-03-15,6809.854,6838.892,6743.396,6824.051,91224058,6871.027400000001,105316730.6,0.0124783504037643,0.0127718377586448,0.8661877128191064,-9.484199999997143,66.04600000000028,0.133603547513734,0.7,0.65
2018-03-16,6821.227,6861.682,6805.925,6805.925,87455339,6864.787200000001,101480016.0,0.0106932030103815,0.011871798485581,0.8617986323533887,-26.014000000001943,-7.342000000000553,0.0449946945962992,0.65,0.7
2018-03-19,6796.348,6856.089,6773.547,6820.501,84173400,6839.395399999999,93639031.2,0.01074722169763,0.0113319804356039,0.8989136145611895,-19.151600000001054,32.702000000000226,0.0415040626735184,0.65,0.65
2018-03-20,6768.712,6826.779,6749.813,6822.254,81340306,6821.513199999999,87676506.6,0.0113484863687166,0.0114364219407791,0.9277320590690598,7.509600000001228,-12.82300000000032,-0.0082965376999304,0.65,0.65
2018-03-21,6826.222,6875.519,6766.935,6771.055,95895895,6808.7572,88017799.6,0.0123213206141247,0.0118543549752754,1.0895057072069774,5.126200000000608,-52.95199999999932,0.1329552036300473,0.6,0.65
2018-03-22,6767.264,6804.244,6729.163,6764.689,85808988,6796.8848,86934785.6,0.0117423054910767,0.0117965724965755,0.987050090568119,0.8835999999992055,44.83299999999963,-0.264229264776776,0.55,0.6
2018-03-23,6565.975,6625.103,6336.246,6402.892,132373257,6716.278199999999,95918369.2,0.0191265254917105,0.0136555106483129,1.3800615888702994,-68.73420000000078,-355.4310000000005,0.4954671149410388,0.5,0.55
2018-03-26,6313.895,6515.331,6257.963,6515.25,94703107,6655.228,98024310.6,0.0246065964295762,0.0146511661934448,0.966118572222838,19.556400000002213,474.1550000000007,-0.8069545149496418,0.5,0.5
2018-03-27,6570.417,6692.967,6570.417,6680.843,110195707,6626.9458,103795390.8,0.0260189733875804,0.0151914597546045,1.061662817112299,32.76799999999912,53.23499999999967,0.5094872615369224,0.5,0.55
2018-03-28,6602.634,6683.997,6586.97,6635.873,99371456,6599.9094,104490503.0,0.0257359916510004,0.0150106141009338,0.951009452026468,1.2457999999987803,-210.5630000000001,-0.2061976099752921,0.45,0.55
2018-03-29,6648.889,6686.735,6635.818,6684.275,91214211,6583.8266,105571547.6,0.0250396861165746,0.01433008783008,0.8640037308688653,10.953600000001645,93.3720000000003,0.0236476439282284,0.5,0.55
2018-03-30,6699.459,6799.018,6699.459,6798.668,102091949,6662.9818,99515286.0,0.0189457615795849,0.0146061487117172,1.025892132792544,95.23799999999846,65.99099999999999,0.2488941230812814,0.5,0.55
2018-04-02,6818.124,6875.637,6806.193,6835.874,118297864,6727.106599999999,104234237.4,0.0130770338374776,0.0147545571081594,1.1349232934475328,-15.030399999999643,-77.1869999999999,-0.05285724126869,0.5,0.55
2018-04-03,6745.212,6775.999,6712.494,6769.558,101357280,6744.8496,102466552.0,0.0112845285358338,0.0148011723267535,0.989174301483278,-46.3817999999992,-103.52199999999992,-0.2547801526192434,0.5,0.5
2018-04-04,6783.344,6804.037,6704.104,6708.921,92645766,6759.459199999999,101121414.0,0.0113393189336064,0.0151165584718743,0.9161834505201836,-3.13340000000062,5.679000000000087,0.0727581410011601,0.45,0.55
2018-04-09,6680.396,6747.695,6627.684,6718.649,87538445,6766.334,100386260.8,0.0133883070097898,0.0156621622553014,0.8720161932757237,-7.734799999999268,70.36499999999978,0.0288235937186346,0.45,0.5
2018-04-10,6721.909,6731.55,6649.889,6720.773,94164633,6750.755,98800797.6,0.0128896348012914,0.0154137812207421,0.9530756358995224,-22.45380000000023,-7.604000000000269,0.1252266998682586,0.45,0.5
2018-04-11,6736.217,6778.18,6731.35,6759.811,95131792,6735.5424,94167583.2,0.0122434245958444,0.0151685691401321,1.01023928582676,0.366399999999885,36.91399999999976,-0.0238957926965611,0.5,0.5
2018-04-12,6748.473,6772.427,6718.507,6727.644,88454483,6727.159600000001,91587023.8,0.0119701697639771,0.015155539514027,0.9657971110968672,6.829800000000432,-71.20499999999902,-0.1016058246571304,0.5,0.55
2018-04-13,6753.345,6771.118,6710.709,6721.662,84559366,6729.707799999999,89969743.8,0.0107885041558871,0.0150462838386547,0.9398644747502328,10.930999999997766,26.18499999999949,0.0185095383832585,0.5,0.6
2018-04-16,6704.338,6750.176,6657.946,6717.931,93135856,6729.564200000001,91089226.0,0.0099618158550476,0.0150330286181222,1.0224684091618037,-2.6917999999968742,2.2509999999992942,0.1085365707582053,0.5,0.55
2018-04-17,6727.421,6739.171,6559.038,6564.691,97259954,6698.3478000000005,91708290.2,0.0130196438653132,0.015995391434475,1.0605361171590133,-31.07280000000173,-149.5089999999991,-0.0445362264143613,0.45,0.6
2018-04-18,6597.329,6668.385,6483.092,6661.291,101869241,6678.6438,93055780.0,0.0171973781165155,0.0167811082448534,1.094711591262789,11.512399999999616,249.84000000000012,-0.0038922338934339,0.45,0.6
2018-04-19,6649.048,6717.529,6642.06,6677.09,101400458,6668.533,95644975.0,0.0178549752068753,0.0167821617235666,1.0601754875256122,9.59320000000116,-80.80100000000039,-0.0687115778409523,0.5,0.6
2018-04-20,6649.993,6670.492,6528.922,6535.963,95346158,6631.3932,97802333.4,0.0203895647155028,0.0170633448639992,0.974886331290742,-27.02900000000045,-156.9260000000004,-0.0507530524976934,0.5,0.65
2018-04-23,6532.72,6557.762,6394.422,6466.518,87176072,6581.1106,96610376.6,0.0226956475660194,0.0177713641368578,0.9023468810285128,-13.142800000000534,71.6820000000007,0.0127497059726409,0.5,0.65
2018-04-24,6459.482,6606.583,6459.482,6606.583,91528387,6589.489,95464063.2,0.0216608765521755,0.0166289791995913,0.9587732171869257,58.66100000000006,209.5099999999993,0.1289657864206422,0.5,0.65
2018-04-25,6571.656,6641.536,6563.662,6632.018,90133619,6583.6344,93116938.8,0.0184460260763192,0.0152409656565392,0.9679615777919024,-14.232999999999263,-114.6299999999992,-0.0472379755534363,0.5,0.65
2018-04-26,6621.455,6623.945,6509.509,6510.534,90174352,6550.3232,90871717.6,0.0197009009876765,0.0152026436235907,0.9923258234969248,-27.456600000000435,-146.91900000000078,0.0151758851000459,0.5,0.65
2018-04-27,6528.732,6549.29,6462.7,6517.054,75737816,6546.5414,86950049.2,0.0180262047814736,0.0151358981466175,0.8710497198890601,29.52940000000035,128.0040000000008,-0.1456403493128873,0.5,0.6
2018-05-02,6516.603,6551.251,6442.775,6486.814,75558392,6550.6006,84626513.2,0.0163188438601484,0.0155911535727513,0.8928453878447162,7.84099999999944,-36.76000000000022,0.1430717715635209,0.45,0.55
2018-05-03,6471.168,6546.031,6393.123,6545.274,80598676,6538.3388,82440571.0,0.0165379972606243,0.0160270381198511,0.9776579058386192,-16.320999999999003,88.69999999999982,0.0630168500382468,0.45,0.5
2018-05-04,6524.015,6565.72,6511.534,6531.292,70877893,6518.1936000000005,78589425.8,0.0158488453292856,0.0159339185294912,0.9018756948342534,-7.88340000000062,-72.44200000000001,-0.1605947289982687,0.45,0.55
2018-05-07,6538.133,6646.677,6538.133,6646.583,81494416,6545.4034,76853438.6,0.0155995942341285,0.0162814100481644,1.0603873747816928,47.35499999999956,129.27299999999923,0.234293890951805,0.5,0.55
2018-05-08,6647.341,6678.459,6637.652,6678.144,84331441,6577.621400000001,78572163.6,0.014164364595226,0.0158421595620224,1.0732992084743866,5.008200000001125,-83.72999999999865,-0.1455998462547454,0.5,0.6
2018-05-09,6666.773,6685.692,6642.196,6674.909,81016615,6615.240400000001,79663808.2,0.0121231255020703,0.0152748581958214,1.0169814477937549,5.40099999999893,-34.796000000001186,-0.0692295943733256,0.45,0.6
2018-05-10,6682.119,6703.667,6651.669,6703.211,92176531,6646.827800000001,81979379.2,0.0090022433082732,0.0150551902465966,1.1243867896964996,-6.031599999999344,31.53700000000117,0.1637231025833765,0.45,0.6
2018-05-11,6705.305,6707.816,6635.547,6636.766,86880353,6667.9226,85179871.2,0.0095208075883161,0.0152532642776091,1.0199634230017478,-10.492600000001405,-94.7470000000012,-0.2118287085974965,0.45,0.6
2018-05-14,6625.029,6639.84,6573.459,6591.73,79024548,6656.952,84685897.6,0.0082687172638243,0.0153560469231261,0.9331488505118,-32.06539999999859,21.40900000000056,0.0176087942048041,0.45,0.55
2018-05-15,6592.648,6661.42,6568.725,6661.128,75614611,6653.5488,82942531.6,0.0098297734927505,0.0156024768962382,0.9116506277462118,7.567399999998997,114.4340000000002,0.0653163497243594,0.5,0.55
2018-05-16,6638.67,6670.645,6616.744,6622.641,79878254,6643.095199999999,82714859.4,0.0101542844014057,0.0153229753324109,0.9657062174731812,-7.0504000000000815,-107.88500000000022,0.0755538124925576,0.5,0.55
2018-05-17,6616.442,6631.073,6576.527,6591.255,73235444,6620.704,78926642.0,0.0102579509294086,0.0143647670126204,0.927892561297616,-11.937599999998383,7.101000000000568,-0.0918692459025343,0.45,0.55
2018-05-18,6583.867,6621.153,6555.422,6620.774,76761694,6617.5056,76902910.2,0.010065711771634,0.0134703476913888,0.9981637079840964,19.192799999999806,60.90499999999975,0.1080848028620453,0.45,0.5
2018-05-21,6654.05,6705.83,6653.984,6697.144,94894912,6638.588400000001,80076983.0,0.0095999444109847,0.0132922892241535,1.1850460450039682,24.281199999999444,46.85099999999966,0.1166111903333912,0.5,0.5
2018-05-22,6691.803,6724.736,6675.974,6724.398,90111423,6651.2424,82976345.4,0.0082670829896897,0.0125718564647849,1.085989296896655,-8.428800000000592,-49.11599999999999,-0.2859390851271849,0.55,0.55
2018-05-23,6702.494,6707.826,6652.292,6652.292,92940044,6657.1726,85588703.4,0.0083089234120152,0.0117262942939099,1.085891482263067,-6.723799999999756,-99.35999999999969,0.0989589334737253,0.5,0.6
2018-05-24,6649.014,6666.727,6625.54,6628.502,74799968,6664.622,85901608.2,0.0078965455341835,0.0109236842581224,0.8707633019610918,1.5192000000006374,48.3159999999998,-0.2150303656683873,0.45,0.55
2018-05-25,6622.51,6630.016,6536.346,6541.449,84555476,6648.7570000000005,87460364.6,0.0087748383426902,0.0110525507579815,0.9667862281013176,-23.314400000000205,-63.26300000000083,0.3111511064422011,0.45,0.5
2018-05-28,6526.842,6543.058,6463.571,6490.404,79469460,6607.4090000000015,84375274.2,0.0096759064288578,0.0107860405844488,0.9418572058400492,-25.482999999999265,36.00800000000163,-0.1209519484014942,0.4,0.5
2018-05-29,6481.819,6522.834,6436.305,6436.772,78343651,6549.8838000000005,82021719.8,0.010914189255483,0.0107938525832873,0.9551573801552988,-16.177200000001903,-2.5870000000013533,0.0382291965765179,0.4,0.5
2018-05-30,6345.94,6351.511,6222.1,6232.415,92710533,6465.9084,81975817.6,0.013397405641317,0.010995934739202,1.130949781463357,-26.450199999999317,-150.72499999999943,0.1624922269928085,0.35,0.5
2018-05-31,6274.764,6315.842,6231.161,6315.172,79566855,6403.2424,82929195.0,0.0148365086112608,0.0104983120957815,0.959455291951164,21.309400000000096,287.1139999999996,-0.3472868908202511,0.4,0.45
2018-06-01,6285.045,6324.893,6209.109,6243.731,78303820,6343.6988,81678863.8,0.0156814252229798,0.011010695731405,0.9586791044466024,3.122400000000198,-154.1979999999994,0.1707183020076315,0.35,0.45
2018-06-04,6252.259,6265.576,6192.905,6215.608,67212354,6288.7396,79227442.6,0.0155703945792718,0.0107787406707346,0.8483468832805668,4.584399999999732,43.31800000000021,-0.1095560336614739,0.3,0.4
2018-06-05,6210.978,6316.48,6210.978,6316.419,69761826,6264.669,77511077.6,0.0162223746187236,0.0113083550891617,0.9000239470287019,30.888600000000224,128.9339999999993,0.1620092849141705,0.35,0.35
2018-06-06,6308.785,6331.745,6295.902,6320.473,65808383,6282.2806,72130647.6,0.0132037254654844,0.0112660847300556,0.9123498150874776,41.68220000000019,-96.7569999999996,-0.0393511956893594,0.35,0.35
2018-06-07,6334.401,6340.68,6268.768,6274.883,68786819,6274.2228000000005,69974640.4,0.0128139569448269,0.01145124050492,0.9830249731444136,-25.66939999999977,-49.64400000000023,0.0583492899981602,0.35,0.35
2018-06-08,6261.683,6261.683,6159.985,6205.955,72205343,6266.6676,68754945.0,0.0123825815858593,0.0117261392307908,1.05018399767464,0.5025999999988926,-23.337999999999735,-0.0035161335267095,0.35,0.35
2018-06-11,6187.618,6197.942,6133.473,6151.938,62744012,6253.933599999999,67861276.6,0.0121401347436644,0.0117465950406947,0.924592273290656,-5.178799999999683,14.911000000000058,-0.1927507489142101,0.3,0.35
2018-06-12,6152.022,6199.32,6086.6,6199.154,64267199,6230.4806,66762351.2,0.0124361963033238,0.011959960791805,0.9626263581921304,-10.71899999999914,101.23300000000016,0.163625809285458,0.35,0.3
2018-06-13,6180.975,6180.975,6091.401,6092.344,67469713,6184.8548,67094617.2,0.0142425521176221,0.0122881516591097,1.0055905498183542,-22.17280000000028,-154.02600000000075,0.0049301067247496,0.35,0.35
2018-06-14,6069.256,6125.313,6040.094,6060.128,63968900,6141.9038,66131033.4,0.0147629422909393,0.0125774883453026,0.96730531357461,2.6747999999997774,74.59400000000005,-0.0812494278699681,0.3,0.35
2018-06-15,6054.89,6069.752,5900.133,5928.072,81197672,6086.3272,67929499.2,0.0172080783887487,0.0135117308850695,1.1953226942088218,-12.625600000000304,-99.83999999999924,0.2663026168779561,0.25,0.3
2018-06-19,5821.043,5829.577,5463.369,5522.528,102830665,5960.4452,75946829.8,0.0283745180383634,0.0164402384475393,1.353982322511637,-70.30539999999928,-273.4880000000003,-0.0693577523313966,0.2,0.25
2018-06-20,5485.055,5612.482,5458.532,5588.27,80367709,5838.2684,79166931.8,0.0302476480379279,0.0174551020538646,1.0151676612027043,3.7051999999994223,471.28600000000006,-0.4974742896117479,0.25,0.2
2018-06-21,5578.239,5623.962,5454.829,5456.91,84103827,5711.1816,82493754.6,0.0335059610855173,0.0185874110774852,1.0195175066016453,-4.909999999999855,-197.1020000000008,0.3431645067078737,0.25,0.25
2018-06-22,5413.379,5545.15,5384.053,5541.374,75475079,5607.4308,84794990.4,0.0365078463740107,0.0197303135552594,0.8900888913833758,23.33600000000024,215.82400000000047,-0.1337784606172105,0.3,0.25
2018-06-25,5579.436,5592.616,5508.639,5512.433,70036532,5524.303000000001,82562762.4,0.0338320991644723,0.019776046090515,0.8482823244295905,20.623000000000506,-113.40499999999976,0.0876220482644842,0.3,0.3
2018-06-26,5434.389,5563.358,5411.497,5558.713,78029385,5531.54,77602506.4,0.0260336577834134,0.0205296762861782,1.0055008352152914,90.36479999999848,75.22099999999955,0.1990250777394862,0.35,0.3
2018-06-27,5557.591,5583.63,5489.918,5508.915,76099462,5515.669,76748857.0,0.0239260969712166,0.020708078982798,0.9915387013516044,-23.107999999999265,-96.07799999999952,-0.1711806446493878,0.35,0.35
2018-06-28,5494.953,5547.571,5439.87,5443.849,69808464,5513.0568,73889784.4,0.0216840368516033,0.0206590688800568,0.9447647542465964,13.25880000000052,-15.268000000000027,-0.0328118132413211,0.3,0.35
2018-06-29,5441.957,5608.535,5435.494,5608.535,83741650,5526.489,75543098.6,0.0220403337286301,0.0215312698346018,1.1085281323104217,16.04439999999886,229.7519999999995,0.210537325168833,0.35,0.3
2018-07-02,5601.735,5625.503,5495.094,5538.092,88445320,5531.6208,79224856.2,0.0237030402355378,0.0217814498436545,1.1163834715802234,-8.300399999999172,-235.1289999999999,-0.155908038794023,0.35,0.35
2018-07-03,5531.581,5602.063,5450.213,5601.59,85429943,5540.1962,80704967.8,0.0236608245004515,0.0225522837664732,1.0585462745206622,3.443600000000515,133.9410000000007,-0.0656925363293632,0.35,0.35
2018-07-04,5574.179,5580.171,5478.656,5500.665,78753578,5538.5462,81235791.0,0.0239496383264443,0.0226398949097281,0.9694443425804766,-10.225400000001173,-164.42300000000068,-0.0312647348806243,0.3,0.35
2018-07-05,5484.072,5507.806,5352.66,5352.66,78062654,5520.3084,82886629.0,0.0257898105532097,0.0238055901519881,0.9418003234273166,-16.587799999999334,-47.07999999999993,0.0614579127870255,0.3,0.3
2018-07-06,5345.881,5442.077,5251.501,5374.58,86912981,5473.5174,83520895.2,0.0267109336880951,0.0250055140204188,1.0406136188061357,-28.553200000000288,169.92500000000018,0.1264573145319789,0.35,0.3
2018-07-09,5378.81,5487.796,5378.81,5487.548,77823706,5463.4086,81396572.4,0.0259735257217776,0.0251791858776341,0.9561054440665856,36.68220000000019,91.04799999999976,-0.1833214701183686,0.4,0.35
2018-07-10,5487.344,5525.027,5474.14,5524.802,75689187,5448.051,79448421.2,0.0223939801694753,0.0251157451229259,0.9526833366450836,-5.248799999999392,-75.71399999999994,0.0810860673180476,0.4,0.4
2018-07-11,5441.239,5442.012,5317.699,5396.312,83385136,5427.180399999999,80374732.8,0.0233103037226529,0.0253584217645604,1.037454596676432,-5.513000000001739,-165.7439999999997,0.0881933674528505,0.4,0.35
2018-07-12,5385.812,5552.716,5385.812,5541.36,94834357,5464.9204,83729073.4,0.0235372718484921,0.0261292700847056,1.1326335423174525,58.6106000000018,273.5379999999996,0.0104076856096718,0.45,0.35
2018-07-13,5539.135,5570.524,5533.651,5561.685,84597067,5502.341399999999,83265890.6,0.0177714827648679,0.0257576491389009,1.0159870553285115,-0.3190000000013242,-124.72299999999905,-0.2118254326299611,0.5,0.4
2018-07-16,5552.215,5573.88,5533.128,5566.959,74318439,5518.2236,82564837.2,0.0152634294392641,0.0246930236402629,0.9001221527267784,-21.53879999999845,-15.051000000001295,0.0007815843872074,0.55,0.45
2018-07-17,5557.912,5575.791,5507.15,5575.474,75861020,5528.358,82599203.8,0.0158835481270773,0.0219930026451044,0.9184231386017307,-5.747800000001007,3.241000000000895,0.1341658884766856,0.55,0.5
2018-07-18,5573.018,5612.901,5544.518,5544.518,85051726,5557.9992,82932521.8,0.0137429050233778,0.0212322360109229,1.025553355354497,19.506800000000112,-39.47100000000046,0.0888292308778142,0.55,0.5
2018-07-19,5533.118,5559.664,5460.467,5480.767,74877306,5545.8806,78941111.6,0.0113387904853933,0.0205874774346746,0.9485210492019472,-41.75979999999981,-32.79500000000007,-0.1841625229053166,0.5,0.5
2018-07-20,5469.792,5552.163,5438.072,5541.211,76583960,5541.7858,77338490.2,0.0141307339448094,0.0201633710316006,0.9902437945446212,8.023799999999028,124.19500000000062,0.118755051495224,0.55,0.45
2018-07-23,5509.235,5582.41,5493.769,5582.307,94319127,5544.8554,81338627.8,0.0158424508930777,0.0201956115724143,1.1595859132504325,7.164400000001479,-19.348000000000862,0.1276193733631371,0.55,0.5
2018-07-24,5578.716,5674.307,5572.983,5672.221,119690164,5564.2048,90104456.6,0.016952842199699,0.0197227987491758,1.3283489908977488,16.27979999999934,48.81800000000021,-0.0005790410584944,0.6,0.5
2018-07-25,5669.993,5702.279,5662.851,5685.586,109233977,5592.4184000000005,94940906.8,0.0158730993474867,0.0192189866049904,1.1505470158412263,8.864199999999983,-76.54899999999907,-0.3465650527038388,0.65,0.55
2018-07-26,5681.069,5695.233,5649.387,5663.177,115684489,5628.9004,103102343.4,0.0138723687153779,0.0186345604006183,1.1220354958488752,8.268399999999929,-35.77400000000125,0.1492904550641709,0.6,0.6
2018-07-27,5655.31,5669.009,5617.906,5630.227,102761410,5646.7036,108337833.4,0.011569768883256,0.0175457298202571,0.9485274605833128,-18.678800000000592,-10.540999999999258,-0.1449965152732111,0.6,0.55
2018-07-30,5618.901,5634.445,5523.848,5549.037,93679354,5640.0496,108209878.8,0.0123801542395274,0.0173648900734117,0.8657190548484378,-24.45719999999892,-48.23999999999978,0.0906996295306875,0.55,0.55
2018-07-31,5536.708,5562.553,5513.992,5542.543,72123960,5614.114,98696638.0,0.0105598152230962,0.016447546429837,0.7307641016100265,-19.281600000001163,74.695999999999,-0.0521465475035364,0.55,0.5
2018-08-01,5553.759,5578.327,5456.205,5456.205,84268116,5568.2378,93703465.8,0.0136493140651943,0.0166439055396779,0.8993062879857748,-19.940599999998994,-79.84399999999914,0.3034971396141597,0.55,0.55
2018-08-02,5431.127,5431.127,5207.477,5325.801,103250616,5500.7626,91216691.2,0.0204289595138368,0.017294347640775,1.131926784908418,-21.59900000000016,-44.0659999999998,0.0640783105468948,0.5,0.55
2018-08-03,5313.045,5335.599,5255.63,5255.63,78879933,5425.8432,86440395.8,0.0216568254765022,0.0162822027673589,0.9125355370017868,-7.44419999999991,60.23299999999927,-0.4520117448292743,0.45,0.5
2018-08-06,5234.665,5264.858,5113.335,5144.641,79112126,5344.964,83526950.2,0.0235611742643337,0.0167618022090507,0.9471449132354408,-5.959800000000541,-40.81800000000021,0.2540006241402851,0.4,0.45
2018-08-07,5149.369,5279.856,5108.261,5279.641,85777296,5292.3836,86257617.4,0.0283091264953236,0.017926333011299,0.99443154802465,28.298800000000483,245.9890000000005,0.0126772585555551,0.45,0.45
2018-08-08,5263.166,5278.247,5187.61,5191.786,90575953,5239.4998,87519184.8,0.0273242355605549,0.0176473884991534,1.034926835835884,-0.3034000000006926,-222.8549999999996,-0.0067913469779751,0.4,0.5
2018-08-09,5166.382,5329.841,5155.061,5307.966,96609965,5235.9328000000005,86191054.6,0.0255110723767643,0.0177877977728431,1.1208815746408096,49.31680000000142,204.03499999999983,0.0454594509936915,0.4,0.45
2018-08-10,5299.492,5344.72,5296.501,5342.046,77253328,5253.216,85865733.6,0.0242731611006749,0.0179076223513106,0.8996991554265368,20.85019999999895,-82.10000000000036,-0.3071371580191984,0.4,0.45
2018-08-13,5278.162,5369.601,5256.579,5369.175,78939306,5298.1228,85831169.6,0.0225926754486815,0.0185941137114051,0.9197044193604932,27.623599999999897,-6.951000000000022,0.2411876831482291,0.4,0.4
2018-08-14,5357.723,5376.261,5334.926,5351.018,77632990,5312.3982000000005,84202308.4,0.0176373625478515,0.0183647866164926,0.921981730372608,-30.631399999999303,-45.28600000000006,-0.0177279529218412,0.4,0.4
2018-08-15,5347.694,5350.609,5236.996,5242.086,77360855,5322.4582,81559288.8,0.018480457232904,0.018831776551535,0.9485229228727654,-4.215400000000955,-90.77499999999964,0.0242638814880422,0.4,0.4
2018-08-16,5175.422,5244.662,5127.137,5178.237,72044028,5296.5124000000005,76646101.4,0.0164340734654165,0.0190616185178489,0.939956849520855,-36.005799999999,45.08299999999963,-0.0351072658520676,0.35,0.4
2018-08-17,5210.233,5233.497,5073.398,5084.207,73789581,5244.944600000001,75953352.0,0.0209267047260563,0.0196066150466223,0.97151184321661,-25.6220000000003,-30.180999999999585,0.0401210670476654,0.3,0.4
2018-08-20,5071.138,5103.634,4994.321,5103.634,69335024,5191.8364,74032495.6,0.0210004044032571,0.0198836020889499,0.9365485174864212,-1.5404000000007727,113.45699999999944,-0.0665183194259438,0.3,0.35
2018-08-21,5097.199,5171.559,5085.903,5162.026,70162179,5154.038,72538333.4,0.0227741616913278,0.0198201164893998,0.9672427764931252,15.309799999999996,38.96500000000015,0.0656575847368926,0.3,0.35
2018-08-22,5151.441,5156.251,5098.609,5102.359,64969658,5126.0926,70060094.0,0.0206989387258683,0.0200382363961304,0.9273418616880532,9.853000000000977,-118.05899999999929,-0.0705951738117759,0.3,0.35
2018-08-23,5095.363,5151.306,5087.505,5133.328,63984481,5117.1108,68448184.6,0.0186455048657612,0.0202549025554447,0.9347871148652788,18.96360000000004,90.63599999999953,0.0473461679822977,0.35,0.35
2018-08-24,5122.678,5147.562,5100.142,5116.139,61230128,5123.4972,65936294.0,0.014201351887987,0.0202645107978051,0.9286255609088372,15.368199999998978,-48.15800000000036,-0.0136068071336671,0.35,0.4
2018-08-27,5121.186,5229.361,5121.186,5229.361,78986013,5148.6426,67866491.8,0.0140548367083666,0.0203022727061598,1.1638440547769702,18.759000000000924,130.41100000000006,0.2413800478245743,0.4,0.4
2018-08-28,5229.617,5244.153,5212.388,5233.502,75723092,5162.937800000001,68978674.4,0.0119500496682545,0.0201676751006893,1.0977754017261891,-10.85019999999986,-109.08099999999922,-0.3012871469189139,0.45,0.4
2018-08-29,5229.071,5229.105,5190.137,5203.711,65649274,5183.2082,69114597.6,0.0111883245661906,0.0194229890213795,0.949861191118329,5.975199999998949,-33.9320000000007,-0.0818455575570791,0.45,0.4
2018-08-30,5193.689,5206.953,5112.179,5114.266,67818961,5179.3958,69881493.6,0.0124088288335908,0.0182498698853832,0.9704852816711976,-24.082799999999224,-59.65400000000045,0.1685383011607288,0.45,0.4
2018-08-31,5096.55,5107.685,5047.62,5057.984,59257132,5167.7648,69486894.4,0.0129301441137908,0.0180828404571272,0.8527814131235658,-7.818600000000515,33.163000000001375,-0.1383279591005006,0.45,0.4
2018-09-03,5049.73,5055.284,4973.743,5054.105,63250475,5132.7136,66339786.8,0.0120196509723514,0.0174168918831642,0.9534319908305764,-23.420199999999568,52.40299999999843,0.2183544462546426,0.4,0.4
2018-09-04,5047.811,5123.258,5042.822,5113.147,71602340,5108.6426,65515636.4,0.0139519834729731,0.0165783893451017,1.092904593993992,10.980199999999968,62.92100000000119,0.0388220254564046,0.45,0.35
2018-09-05,5100.336,5115.716,5032.502,5032.502,75136620,5074.4008,67413105.6,0.0157613458510236,0.0165322665939966,1.1145699242196017,-10.170799999999872,-139.6869999999999,-0.1178072729378055,0.4,0.4
2018-09-06,5016.833,5071.105,4991.776,5012.509,66305531,5054.049400000001,67110419.6,0.0152203269538337,0.0156771835296505,0.9880065032405192,13.890400000000229,60.651999999999134,-0.1482287512046922,0.35,0.35
2018-09-07,5018.232,5084.398,4989.039,5022.284,74684114,5046.9094,70195816.0,0.0166427056032185,0.0161752265827631,1.0639396798236522,13.21139999999832,29.76800000000003,0.2024965975622155,0.35,0.4
2018-09-10,5016.785,5019.469,4921.786,4923.644,70259288,5020.8172,71597578.6,0.0173838968003618,0.0161146972210842,0.9813081583739482,-18.9521999999979,-108.41499999999904,-0.158564698032837,0.35,0.35
2018-09-11,4917.066,4950.634,4884.901,4925.3,62199378,4983.2478,69716986.2,0.0169068521939819,0.0163957617566343,0.8921696331158961,-11.477200000001176,100.29599999999937,-0.0065070038083481,0.4,0.35
2018-09-12,4922.349,4956.458,4902.413,4919.805,58336361,4960.7084,66356934.4,0.0157968277220562,0.0158613592162847,0.8791298381620234,15.030000000000657,-7.15099999999984,0.0760987303041793,0.4,0.4
2018-09-13,4955.788,4978.356,4888.124,4958.164,66957218,4949.8394,66487271.8,0.0162713209080401,0.0156364953903064,1.0070682130169764,11.670399999999065,43.85399999999936,0.1409781698088257,0.45,0.4
2018-09-14,4958.698,4965.664,4907.093,4907.934,67569045,4926.9694,65064258.0,0.0148606737313685,0.0146587188340912,1.0384971269479473,-12.000999999999294,-88.58899999999903,-0.096509460923982,0.4,0.45
2018-09-17,4885.227,4885.227,4812.933,4831.563,60470789,4908.5532,63106558.2,0.0138853308795036,0.0143359288401458,0.9582330382898302,4.4538000000002285,-26.14100000000053,-0.1116930025890879,0.35,0.4
2018-09-18,4815.756,4917.385,4813.597,4917.35,72134617,4906.9632,65093606.0,0.0154374311210224,0.0145615791140579,1.108167475005149,16.826199999999517,162.15800000000036,0.2301985253734355,0.4,0.35
2018-09-19,4904.237,5001.856,4895.845,4970.012,87856789,4917.0046,70997691.6,0.0175064187408128,0.0150632292200208,1.2374597965097784,11.631400000000212,-33.12500000000091,-0.0206421152106887,0.4,0.4
2018-09-20,4961.656,4984.753,4944.653,4951.584,78954210,4915.6886,73397090.0,0.0154863680766732,0.0148467111930344,1.0757130834478588,-11.35739999999987,-71.08999999999924,-0.2910390345665494,0.4,0.4
2018-09-21,4957.269,5015.244,4931.352,5011.69,86809591,4936.4398,77245199.2,0.0164474323846179,0.0152202389582489,1.123818591952055,22.067199999999502,78.53399999999965,0.2098522215661158,0.4,0.4
2018-09-25,4980.3,5014.024,4965.987,4995.695,66325064,4969.2662,78416054.2,0.0153779962356122,0.0146667187219572,0.8458097602161675,12.075200000000224,-76.10099999999966,-0.3261143402400835,0.35,0.4
2018-09-26,4996.352,5042.513,4987.912,5017.058,79888149,4989.2078,79966760.6,0.013333312441513,0.0149073948073726,0.999016946548664,-12.884799999999814,37.358000000000175,0.4312160180683838,0.4,0.45
2018-09-27,5012.453,5018.398,4945.636,4945.69,88314523,4984.3434,80058307.4,0.0120097273163544,0.0152685799075618,1.1031275312722886,-24.80600000000049,-92.73100000000068,-0.0490966016088717,0.4,0.5
2018-09-28,4947.722,4987.272,4935.417,4987.272,69992383,4991.481,78265942.0,0.0124695371537465,0.0148618882730734,0.8942891532564701,12.002000000000407,112.95000000000071,-0.3129489627394431,0.45,0.5
2018-10-08,4906.1,4916.873,4813.087,4817.433,72403277,4952.6296,75384679.2,0.0134304521941622,0.0153453159783418,0.960450820622448,-45.98899999999958,-211.42100000000028,0.2750000453817965,0.45,0.5
2018-10-09,4826.315,4860.914,4790.665,4818.732,62561005,4917.236999999999,74631867.4,0.014422979664896,0.0152675508950934,0.8382612840798352,3.4587999999985186,171.13799999999992,-0.1883512039085909,0.45,0.5
2018-10-10,4823.35,4842.979,4775.67,4812.426,64140907,4876.3106,71482419.0,0.0150436655580031,0.0151803153286301,0.897296256860026,-5.533799999998337,-7.604999999999563,0.1812245093228036,0.45,0.45
2018-10-11,4662.956,4671.989,4428.603,4456.608,107928391,4778.4942,75405192.6,0.023023702130072,0.0170841689773239,1.431312450490313,-56.89000000000033,-349.5120000000006,0.4749812208500962,0.45,0.45
2018-10-12,4415.287,4446.947,4251.67,4427.68,98498279,4666.5758000000005,81106371.8,0.0297649453905511,0.0184980428822527,1.2144333030071504,-14.101999999999862,326.8900000000003,-0.7508953411134496,0.4,0.4
2018-10-15,4435.083,4468.221,4352.27,4358.869,68221011,4574.863,80269918.6,0.0307764109288462,0.0188787423097487,0.8498951062845603,20.20559999999932,-39.88300000000072,-0.1476590492394274,0.4,0.45
2018-10-16,4358.059,4391.393,4237.508,4261.173,68199493,4463.351199999999,81397616.2,0.0350834067510495,0.0196924283827653,0.8378561459641369,-19.799000000000888,-28.88499999999931,0.3524992364021666,0.35,0.45
2018-10-17,4311.049,4334.627,4192.824,4292.196,71247907,4359.3052,82819016.2,0.0388935867754701,0.0206769989740021,0.8602843920283129,7.465800000001764,128.71900000000005,0.0344672063845993,0.4,0.4
2018-10-18,4260.013,4260.013,4143.168,4149.444,71591533,4297.8724,75551644.6,0.0336029482795705,0.0215356991167024,0.9475840450467176,42.61319999999978,-173.77499999999964,0.0648714069542288,0.35,0.35
2018-10-19,4080.123,4243.969,4066.267,4241.233,77230953,4260.5830000000005,71298179.4,0.0331619444294507,0.0227206987626054,1.0832107306235086,24.14339999999993,234.5409999999993,0.0483270325583861,0.4,0.3
2018-10-22,4279.755,4491.31,4279.755,4452.736,111874430,4279.3564,80028863.2,0.0373439587372646,0.0244995635612227,1.3979260172722283,56.06279999999879,119.71399999999994,0.1790886010719288,0.45,0.35
2018-10-23,4448.91,4469.572,4352.657,4379.055,93078052,4302.9328000000005,85004575.0,0.035461036165718,0.0250863547043189,1.0949769703571837,4.803000000001703,-285.1839999999993,-0.6176643335637644,0.4,0.4
2018-10-24,4358.871,4424.907,4340.66,4377.55,75240892,4320.003600000001,85803172.0,0.0327026039688704,0.0249932921859641,0.8769010544272187,-6.505600000000413,72.17599999999948,0.0848731309850796,0.35,0.35
2018-10-25,4245.296,4353.777,4223.32,4345.327,80969541,4359.1802,87678773.6,0.0330752384120342,0.0254279040345078,0.9234793972985044,22.105799999998453,-30.717999999999847,0.2646542588012506,0.35,0.3
2018-10-26,4374.458,4412.231,4342.207,4359.474,82617544,4382.8284,88756091.8,0.0279080030974052,0.0258261075177884,0.9308380115042424,-15.528399999998328,46.36999999999989,-0.0392197286655473,0.35,0.35
2018-10-29,4341.906,4345.022,4275.724,4296.699,66211374,4351.621000000001,79623480.6,0.0216313945218061,0.0257955540955198,0.8315558865433472,-54.85559999999987,-76.92200000000048,-0.1066407391666335,0.35,0.3
2018-10-30,4284.358,4358.468,4226.591,4336.649,76210923,4343.1398,76250054.8,0.0223736351015191,0.0268352644207957,0.9994867964344072,22.726199999998244,102.72500000000127,0.2672130348519553,0.35,0.25
2018-10-31,4342.113,4424.504,4337.533,4400.613,86162530,4347.752399999999,78434382.4,0.022477263711069,0.0272792800033531,1.0985301007482655,13.093800000000556,24.01399999999921,-0.0688876055772016,0.4,0.25
2018-11-01,4428.858,4493.598,4425.153,4428.736,101841544,4364.434200000001,82608783.0,0.0195637400523061,0.0273164072184957,1.232817386984142,12.069200000001729,-35.84100000000035,0.0352439819220177,0.4,0.3
2018-11-02,4490.633,4564.177,4483.977,4564.177,115826479,4405.3748,89250570.0,0.0198655671051623,0.0276751150056423,1.2977673868077255,24.25879999999779,107.3180000000002,-0.0693372864122923,0.45,0.35
2018-11-05,4557.917,4620.713,4529.443,4598.201,122382858,4465.675200000001,100484866.8,0.020609741485707,0.027590376418406,1.2179232743929955,19.359800000002,-101.41699999999946,-0.144794112238314,0.45,0.4
2018-11-06,4585.575,4603.784,4543.711,4603.108,103587470,4518.967,105960176.2,0.017137870406059,0.0275139871060864,0.977607566492514,-7.008600000001934,-29.11700000000019,-0.1604715954857513,0.5,0.45
2018-11-07,4604.872,4650.362,4589.318,4592.835,114228877,4557.4114,111573445.6,0.0158434212477371,0.0274792189257866,1.023799851171756,-14.847399999998744,-15.180000000000293,0.2865079925797233,0.5,0.5
2018-11-08,4617.911,4628.265,4568.667,4572.378,102457345,4586.1398,111696605.8,0.0153593426807469,0.0254003173561644,0.9172825285618482,-9.71600000000035,-10.184000000000196,-0.1527096072891495,0.5,0.55
2018-11-09,4553.212,4596.761,4542.577,4561.212,88588604,4585.5468,106249030.8,0.0142208777229149,0.0237890980887333,0.8337827021383051,-29.32139999999981,9.291000000001077,0.0230174961863645,0.5,0.5
2018-11-12,4560.86,4697.345,4556.299,4697.345,118546244,4605.375600000001,105481708.0,0.0162564141417004,0.0239603772216195,1.1238559390790297,20.421800000000985,147.29899999999907,0.3735730633642677,0.55,0.55
2018-11-13,4648.562,4816.839,4639.584,4790.448,173463646,4642.8436,119456943.2,0.0210466598001868,0.0240048003683707,1.4521018314488394,17.6391999999978,-43.02999999999975,0.0381726554290851,0.55,0.6
2018-11-14,4784.858,4848.058,4776.787,4791.225,158645183,4682.5216,128340204.4,0.0213634961539861,0.0230966962704156,1.2361300478028536,2.210000000000946,-92.32600000000002,-0.5442176760157955,0.6,0.65
2018-11-15,4790.335,4871.089,4788.209,4871.089,140331372,4742.263800000001,135915009.8,0.0221595602232714,0.0225394703420896,1.0324935576026422,20.06420000000071,79.08699999999953,0.0123352934457743,0.6,0.7
2018-11-16,4880.866,4946.791,4867.075,4923.986,157188064,4814.8186000000005,149634901.8,0.023021565081777,0.0212540032518149,1.050477275750115,12.812599999999293,-26.966999999999643,0.2216202083476843,0.6,0.7
2018-11-19,4924.291,4942.491,4877.952,4942.491,148061789,4863.8478,155538010.8,0.0196278133299638,0.0195313408697943,0.9519331527930276,-23.52560000000085,-34.391999999999825,-0.1165278411045602,0.65,0.7
2018-11-20,4899.318,4923.639,4808.41,4811.881,146404501,4868.1344,150126181.8,0.0170168153152615,0.0193937451557566,0.975209648607742,-44.742599999998674,-149.11499999999978,0.1218206187718016,0.65,0.7
2018-11-21,4754.234,4848.733,4746.678,4847.036,123953819,4879.2966,143187909.0,0.0182527786369494,0.0194842399374354,0.8656723871845912,6.875599999999395,165.76499999999942,-0.132813757237865,0.7,0.7
2018-11-22,4858.481,4878.095,4831.09,4850.13,116541613,4875.1048,138429957.2,0.0167881420432722,0.0184676962498991,0.8418814493428162,-15.35399999999936,-32.060999999999694,0.0857463235813758,0.7,0.7
2018-11-23,4840.941,4841.401,4624.476,4642.117,134023411,4818.731,133797026.6,0.0228962288621116,0.0200010596929915,1.001691998736839,-52.1820000000007,-211.107,0.1836014872357977,0.7,0.7
2018-11-26,4631.418,4677.962,4610.584,4633.731,92379203,4756.979,122660509.4,0.0231927840619721,0.0199216882548358,0.7531291322030006,-5.378199999999197,199.6269999999995,-0.408373415927861,0.65,0.7
2018-11-27,4662.326,4693.828,4636.962,4671.643,93590304,4728.9314,112097670.0,0.0208379485966128,0.01900982352953,0.8348996370754183,33.70439999999962,46.29800000000069,0.3303333714062559,0.65,0.7
2018-11-28,4669.656,4728.575,4607.611,4728.575,108618888,4705.2392,109030683.8,0.0217432197369666,0.0193007289439098,0.9962231200828258,4.355399999999463,19.019999999999527,0.0795529781349898,0.65,0.7
2018-11-29,4746.628,4758.251,4617.348,4617.348,110509508,4658.6828,107824262.8,0.0259081215411284,0.0200537916221047,1.0249039050234992,-22.864199999999983,-168.15899999999965,-0.1326426980667341,0.6,0.7
2018-11-30,4604.268,4654.526,4549.44,4648.183,95931847,4659.896,100205950.0,0.0210837648965308,0.0203056091408336,0.9573468142360808,47.76960000000054,142.0619999999999,-0.0962378757280917,0.6,0.65
2018-12-03,4762.963,4820.206,4742.469,4802.293,129385893,4693.6084,107607288.0,0.0214131067061716,0.020122529559952,1.2023896838660222,32.4992000000002,123.27499999999964,0.3125999604173597,0.6,0.65
2018-12-04,4793.321,4846.169,4782.945,4846.169,119127087,4728.5136,112714644.6,0.0215878247717544,0.0201223121209539,1.0568909428118802,1.1927999999998065,-110.23399999999948,-0.3905416106840833,0.65,0.65
2018-12-05,4750.552,4846.749,4734.979,4816.991,116947577,4746.1968,114380382.4,0.0211121828977881,0.0206179193564225,1.022444361053299,-17.222000000000662,-73.05400000000009,0.1110521592955606,0.65,0.6
2018-12-06,4796.405,4814.712,4724.53,4730.912,108492490,4768.9096,113976978.8,0.0188214398346584,0.0209193159105826,0.9518807319009231,5.029600000000755,-56.90099999999984,-0.0361170473937945,0.65,0.65
2018-12-07,4738.167,4755.334,4711.357,4731.901,87946349,4785.6532,112379879.2,0.0161585906178246,0.020790037364561,0.7825809177413673,-5.969200000000456,87.0679999999993,-0.09873618500718,0.65,0.6
2018-12-10,4698.547,4711.322,4660.734,4676.615,81484054,4760.5176,102799511.4,0.0150845406709517,0.0198295611922648,0.7926502070903811,-41.8791999999994,-56.27499999999964,0.1793691035085697,0.6,0.55
2018-12-11,4691.591,4720.469,4685.297,4720.469,79315381,4735.3776,94837170.2,0.0139654952966627,0.0183520209950729,0.836332219031141,-0.0044000000007144,99.14000000000031,0.0336127225917459,0.6,0.5
2018-12-12,4733.07,4740.99,4706.394,4718.821,80869112,4715.7436,87621477.2,0.0107911373874492,0.0179748296647883,0.9229370992617778,5.506000000000313,-45.50200000000041,0.042922868289877,0.55,0.5
2018-12-13,4727.463,4791.004,4698.372,4763.716,95756912,4722.304399999999,85074361.6,0.0108677448406773,0.0180963620649341,1.125567212014201,26.194799999999304,46.543000000000575,0.1160252325217864,0.55,0.45
2018-12-14,4755.016,4756.214,4638.923,4641.888,99004544,4704.3018,87286000.6,0.014062589538478,0.0185502934787362,1.13425455765469,-24.563399999998182,-166.72300000000087,-0.1939427671119342,0.5,0.45
2018-12-17,4623.128,4634.025,4569.569,4627.228,75749562,4694.4244,86139102.2,0.0146850888113037,0.0185938800625998,0.8793864814625384,8.125199999998586,107.16800000000056,-0.2635554218326407,0.5,0.45
2018-12-18,4602.397,4634.753,4553.357,4596.61,72346223,4669.652599999999,84745270.6,0.0167364644024589,0.0182819332668722,0.853690388711792,-14.894400000000132,-15.958000000000538,0.2291719834414053,0.45,0.45
2018-12-19,4601.368,4604.938,4525.062,4533.396,69120250,4632.5676,82395498.2,0.0187940583989481,0.018110149605288,0.8388838165918147,-12.313199999998687,-32.59599999999955,0.0108895206307689,0.4,0.4
2018-12-20,4523.969,4560.336,4509.566,4550.597,70382238,4589.9438,77320563.4,0.0171363492217987,0.0181834138595657,0.9102654572742028,-5.538800000001174,80.41499999999996,0.0861882128023655,0.45,0.4
2018-12-21,4536.568,4543.869,4484.562,4517.779,69640651,4565.122,71447784.8,0.0147082525915705,0.016503299411101,0.9747069303119948,17.80200000000059,-50.01899999999932,-0.0069401676445961,0.45,0.45
2018-12-24,4511.215,4558.349,4501.063,4558.317,66081870,4551.3398,69514246.4,0.0144357797064091,0.016404628973709,0.9506234106279544,11.039599999999156,73.35599999999886,-0.0885249927218325,0.45,0.4
2018-12-25,4512.286,4522.88,4403.063,4514.617,93035860,4534.941199999999,73652173.8,0.016202171775154,0.0171229890615075,1.2631787386565907,-2.616399999999885,-84.23799999999937,0.3366388477126769,0.4,0.4
2018-12-26,4509.323,4531.113,4487.785,4494.497,76710390,4527.1614,75170201.8,0.0146063259870604,0.0163259261678115,1.0204893450212875,8.618800000001102,23.579999999999927,-0.5552447216639396,0.4,0.35
2018-12-27,4553.715,4561.918,4424.653,4424.653,80996689,4501.9726,77293092.0,0.0185795247547238,0.0163512646629645,1.0479162743288883,-17.40900000000056,-49.72400000000016,0.270116322942904,0.35,0.4
2018-12-28,4429.04,4454.965,4396.368,4430.023,71528889,4484.421400000001,77670739.6,0.0185994801407932,0.0158822282221666,0.9209245253536894,7.63760000000093,75.21399999999994,-0.1544186782827997,0.35,0.35
2019-01-02,4436.745,4444.436,4399.588,4408.525,66272240,4454.463,77708813.6,0.0181206120221556,0.0155815053027051,0.8528278444853262,-12.407200000002376,-26.868000000000396,0.0588950681068357,0.3,0.35
2019-01-03,4404.31,4446.03,4375.856,4376.858,80494980,4426.9112000000005,75200637.6,0.0160192459428322,0.0157308443542769,1.0704028924350504,2.406600000002072,-10.16899999999896,0.2856717288180873,0.3,0.35
2019-01-04,4338.058,4497.908,4326.326,4497.893,103470812,4427.5904,80552722.0,0.0217206382066075,0.0164780399950163,1.2845104352898218,28.230999999998858,152.70199999999932,-0.0034675050949527,0.35,0.3
2019-01-07,4523.23,4598.634,4515.995,4594.148,114553618,4461.4894,87264107.8,0.0191136606040469,0.0164243198553117,1.3127231904157508,33.21980000000076,-24.779999999999745,-0.1858947877288423,0.35,0.35
2019-01-08,4586.835,4596.798,4567.287,4585.032,107411023,4492.4912,94440534.6,0.0177554872244491,0.0162814523738227,1.1373402687197411,-2.897200000000339,-105.3710000000001,-0.2035956768219387,0.35,0.4
2019-01-09,4588.693,4654.773,4578.453,4594.738,123173858,4529.7338,105820858.2,0.0190429448325069,0.0165711063430938,1.1639846821805495,6.240799999999581,18.82200000000012,0.202027335156818,0.35,0.45
2019-01-10,4592.744,4619.824,4571.094,4582.482,106482939,4570.8586000000005,111018450.0,0.0179631473833272,0.0167302573759431,0.9591463310828066,3.882200000000921,-21.962000000000444,-0.2314827645585513,0.35,0.45
2019-01-11,4585.221,4621.614,4575.638,4621.61,104124236,4595.602000000001,111149134.8,0.0123233181252806,0.0168610851794742,0.93679753951625,-16.381400000000212,51.384000000000015,0.1824895595311864,0.35,0.45
2019-01-14,4621.695,4625.558,4580.541,4594.19,101738120,4595.6104,108586035.2,0.0106854774834649,0.0163787530160086,0.936935581197093,-24.73500000000149,-66.54799999999977,0.0224868332473995,0.35,0.45
2019-01-15,4583.547,4644.166,4569.144,4644.166,101562237,4607.4372,107416278.0,0.0126290079779246,0.0159230569836844,0.9455013606038368,11.81840000000193,77.39600000000064,0.0084277377259009,0.4,0.45
2019-01-16,4644.226,4669.63,4632.069,4637.196,102219630,4615.9288,103225432.4,0.0109269345553815,0.0156315677791133,0.990256253942318,-3.3352000000013504,-56.94600000000082,0.0361891139317371,0.4,0.5
2019-01-17,4632.274,4639.785,4590.309,4595.49,103440105,4618.5304,102616865.6,0.0109533810605609,0.0152844865404686,1.0080224570803886,-5.889999999999418,-34.73599999999988,-0.0269886902004106,0.4,0.5
2019-01-18,4596.253,4627.66,4576.77,4626.412,109175225,4619.4908,103627063.4,0.0111637483807022,0.0149535076749127,1.0535396972370443,-1.6412000000000262,72.62800000000061,0.0277510370185851,0.4,0.5
2019-01-21,4629.786,4668.478,4624.646,4655.11,100076064,4631.6748,103294652.2,0.0110871901203601,0.0148664632406489,0.9688407082898334,11.22360000000026,-2.2240000000010696,-0.1302162291038666,0.45,0.5
2019-01-22,4651.033,4651.096,4589.367,4603.202,97121041,4623.482,102406413.0,0.0105383866445344,0.0148805904969253,0.948388271347811,-20.376800000000003,-80.60599999999886,0.0642465520051885,0.4,0.55
2019-01-23,4590.693,4609.684,4580.625,4609.672,85172901,4617.977199999999,98997067.2,0.0101791828961095,0.0145674185765384,0.8603578207819877,2.6879999999991924,58.37799999999879,-0.0675780136238008,0.45,0.5
2019-01-24,4613.933,4651.018,4591.803,4635.747,99056797,4626.0286,98120405.6,0.0105806536741772,0.0138791070152244,1.0095432891280265,13.5562000000009,19.605000000001382,0.2372159189118617,0.5,0.55
2019-01-25,4634.064,4651.321,4606.869,4607.944,99927190,4622.335000000001,96270798.6,0.0103100403974676,0.0138794362775145,1.0379802749449718,-11.74499999999898,-53.87800000000061,-0.1207484825290929,0.5,0.55
2019-01-28,4629.428,4640.62,4565.792,4570.399,90487999,4605.3928,94353185.6,0.011701325026687,0.0131469133086397,0.9590349114826284,-13.248600000002623,-9.74200000000019,-0.107382349279289,0.45,0.55
2019-01-29,4557.812,4558.047,4419.404,4490.051,96718036,4582.7626,94272584.6,0.0151948869668013,0.0140294422034274,1.0259402180429875,-5.687999999998283,-42.80299999999989,0.1458506700227029,0.45,0.5
2019-01-30,4464.798,4492.658,4422.358,4423.135,74488978,4545.4552,92135800.0,0.0171128439897197,0.0143154765684294,0.808469433162788,-14.677200000000084,13.431999999999787,-0.2843760914405592,0.45,0.5
2019-01-31,4408.11,4441.415,4328.922,4355.735,94572194,4489.452800000001,91238879.4,0.0197234137575684,0.0148051489689084,1.0365339274432166,-18.69499999999971,-0.4840000000003783,0.4455352791606284,0.4,0.5
2019-02-01,4369.271,4482.985,4369.271,4482.985,77712659,4464.461,86795973.2,0.0228671876853644,0.0141660736472037,0.8953486680877495,31.010599999998703,194.65000000000052,-0.3692497536358957,0.4,0.45
2019-02-11,4497.53,4611.829,4497.53,4611.829,92672577,4472.747,87232888.8,0.0245495004987523,0.0145058732823161,1.0623582260639293,33.27780000000075,1.594000000000051,0.3081948173316469,0.45,0.45
2019-02-12,4611.854,4685.129,4604.1,4675.791,112331012,4509.895,90355484.0,0.0218398307619138,0.0150505280877935,1.2432118896070548,28.86200000000008,-64.8819999999996,0.0138441055669457,0.45,0.45
2019-02-13,4679.691,4766.178,4672.784,4759.825,136305865,4577.233,102718861.4,0.0225853518128621,0.0152010783135182,1.3269799055619205,30.1899999999996,20.071999999999207,-0.0970856475882597,0.5,0.45
2019-02-14,4758.505,4801.092,4741.523,4780.044,122835601,4662.0948,108371542.8,0.0199124735548676,0.0152924805117935,1.1334673090950955,17.523799999999937,-63.8149999999996,-0.2772806124216904,0.5,0.5
2019-02-15,4772.984,4805.797,4763.763,4773.514,125212371,4720.2006,117871485.2,0.0166004703620202,0.0152353617063886,1.062278724897241,-26.755999999999403,-26.7489999999998,0.1223240122689699,0.5,0.5
2019-02-18,4805.329,4942.875,4805.329,4942.875,164851885,4786.409799999999,132307346.8,0.0172091200586889,0.0161367839261221,1.2459768031566332,8.103399999999056,175.89099999999962,0.254886662457247,0.5,0.55
2019-02-19,4964.218,4988.26,4897.232,4963.751,192358065,4844.0018,148312757.4,0.0174109353624187,0.0162460099339171,1.2969758527326791,-8.617199999998775,-148.48499999999967,-0.132699028683346,0.55,0.55
2019-02-20,4958.891,4971.127,4906.629,4967.039,165216070,4885.444600000001,154094798.4,0.0160837136494868,0.0164902730870445,1.0721716223745033,-16.149199999999837,-17.588000000000648,-0.2758032799342222,0.6,0.55
2019-02-21,4957.629,5046.622,4930.972,4947.658,190944300,4918.9674,167716538.2,0.0182662489466916,0.0171206974833262,1.1384941643161104,-7.920000000000982,-22.66899999999896,0.2911267722997832,0.55,0.55
2019-02-22,4935.437,5059.509,4932.203,5059.509,178598982,4976.1664,178393860.4,0.0215374605109271,0.0178287897389448,1.0011498243243353,23.67619999999988,131.23199999999906,-0.2036668819333822,0.55,0.5
2019-02-25,5129.466,5324.515,5120.466,5324.247,279811989,5052.4408,201385881.2,0.0236369316181794,0.0192742193005769,1.389432006517446,19.075400000000627,152.88700000000065,0.5256265221848859,0.6,0.5
2019-02-26,5335.383,5438.879,5273.9,5323.757,301079738,5124.442,223130215.8,0.026167062564104,0.0201531789138095,1.3493454345505096,-4.273200000000543,-265.228000000001,-0.4283687541600474,0.55,0.55
2019-02-27,5312.563,5391.868,5245.409,5310.274,249461989,5193.089,239979399.6,0.029086084238701,0.0212169984226924,1.0395141808663813,-3.3541999999997643,-12.992999999998574,-0.2697446817171918,0.5,0.5
2019-02-28,5306.202,5370.209,5291.975,5330.339,200466406,5269.6252,241883820.8,0.0273465681624653,0.0213121761053982,0.8287714545643559,7.889200000000528,33.547999999998865,0.0990885273821029,0.55,0.45
2019-03-01,5344.421,5364.366,5286.0,5364.366,178938607,5330.5966,241951745.8,0.0252359467186887,0.0215602663192501,0.7395631984731064,-15.564800000001014,13.962000000000444,0.1215344702107759,0.6,0.5
2019-03-04,5418.714,5562.196,5418.269,5482.298,273202346,5362.2068,240629817.2,0.0228216590437849,0.0220543028048514,1.1353636435376888,-29.36119999999937,83.90499999999975,0.4850087011558319,0.65,0.55
2019-03-05,5470.703,5654.305,5451.29,5654.305,268062367,5428.316400000001,234026343.0,0.0238047181494424,0.0223056367094697,1.145436721198519,34.499400000000605,54.07500000000073,-0.3857273674037522,0.7,0.6
2019-03-06,5694.904,5776.976,5625.337,5776.973,322771413,5521.6562,248688227.8,0.0235384298069554,0.0228233948770013,1.297895826655611,27.23019999999906,-49.33900000000085,0.142386027796262,0.75,0.65
2019-03-07,5775.299,5928.609,5750.051,5877.297,329260507,5631.0478,274447048.0,0.0266792013003507,0.0230511229910938,1.199723259548414,16.051800000000185,-22.34400000000005,-0.2506316725642896,0.75,0.7
2019-03-08,5736.932,5913.032,5633.287,5633.318,328703794,5684.8382,304400085.4,0.0336892789012735,0.0242657891232274,1.0798413330537129,-55.60120000000006,-344.302999999999,-0.0217093593875037,0.7,0.65
2019-03-11,5682.571,5876.342,5645.184,5876.342,264261667,5763.647,302611949.6,0.03630608188153,0.0249934481505458,0.8732691070174446,25.01839999999993,487.0029999999988,-0.0866902995415671,0.7,0.6
2019-03-12,5922.572,6046.623,5897.165,6006.177,318246948,5834.0214,312648865.8,0.0341019913725317,0.0253711768621242,1.0179053334662695,-8.434400000000096,-113.1889999999994,0.3512084524850931,0.7,0.6
2019-03-13,6014.509,6039.974,5822.569,5866.633,293148958,5851.953399999999,306724374.8,0.0362637944552118,0.0262430055375887,0.9557406651856348,-52.44239999999991,-269.3789999999999,-0.2068008947294595,0.65,0.6
2019-03-14,5810.022,5860.931,5622.339,5688.95,232973851,5814.284,287467043.6,0.0385755098007333,0.0277168820525602,0.8104367307028582,-55.60139999999956,-38.13900000000013,-0.0831392662021421,0.65,0.55
2019-03-15,5723.645,5816.315,5704.266,5777.108,200343467,5843.042,261794978.2,0.0325227765238688,0.0282463656636895,0.7652685638872198,66.42740000000049,265.84100000000035,0.1001357676671383,0.65,0.5
2019-03-18,5801.317,5916.343,5743.598,5916.343,212333651,5851.0422,251409375.0,0.0304949521865828,0.0283149061825193,0.8445733218978011,-20.757800000001225,51.07699999999932,0.1244729248262197,0.65,0.5
2019-03-19,5916.168,5968.337,5895.18,5941.908,208325492,5838.1884,229425083.8,0.0279805501768423,0.0280135805657301,0.9080327597552784,-20.85399999999936,-113.66999999999916,-0.0158453201531041,0.65,0.55
2019-03-20,5935.27,5948.854,5811.2,5926.169,214445294,5850.095600000001,213684351.0,0.0252146054955749,0.0285257284991107,1.0035610609594898,24.761000000000426,-41.304000000001,0.0320688633467343,0.65,0.6
2019-03-21,5929.751,6034.478,5914.672,5990.638,247020488,5910.4332,216493678.4,0.0208264699145978,0.0283569372945368,1.1410055472548153,48.43039999999928,80.20800000000054,0.0419161850911139,0.65,0.6
2019-03-22,5981.695,6022.066,5889.68,6014.545,222264881,5957.9206,220877961.2,0.0213495960224834,0.0281993995415786,1.0062791226089969,-12.85019999999986,-40.5619999999999,-0.2721709109411441,0.65,0.6
2019-03-25,5914.849,6039.661,5890.4,5961.435,220347591,5966.939,222480749.2,0.0205175616784846,0.0275350636975956,0.9904119425717935,-38.46900000000005,-77.01699999999983,0.1188592446086155,0.65,0.55
2019-03-26,5982.36,6006.943,5774.739,5788.359,209238746,5936.2292,222663400.0,0.0260782914534726,0.0279913877880722,0.9397087532122476,-39.72820000000047,-119.96600000000036,-0.0348360093223427,0.65,0.6
2019-03-27,5822.685,5842.072,5696.127,5826.527,174223425,5916.3008,214619026.2,0.026442333370375,0.0278647907820292,0.8117799623116546,10.781400000000758,211.2439999999997,-0.0772256015410471,0.65,0.6
2019-03-28,5797.866,5872.204,5744.231,5747.863,171831553,5867.7458,199581239.2,0.026895448764602,0.0282441574450709,0.860960447428668,-28.626600000000508,-116.83199999999944,0.1771092760176064,0.6,0.55
2019-03-29,5748.918,5911.216,5699.693,5911.211,192594810,5847.079000000001,193647225.0,0.0296499260484271,0.0293028943740132,0.9945652977986128,27.888200000001238,242.0119999999997,0.0844243652529316,0.6,0.5
2019-04-01,5961.794,6137.733,5961.794,6137.733,244075253,5882.3386,198392757.4,0.0303754021276291,0.0294234994685566,1.230262919870078,55.92639999999847,63.17399999999998,0.1020927717015199,0.6,0.5
2019-04-02,6181.08,6234.751,6135.799,6174.942,261504891,5959.6552,208845986.4,0.0255572178347694,0.028429512709404,1.25214228680049,42.0570000000007,-189.3130000000001,-0.2138182551410529,0.6,0.5
2019-04-03,6142.367,6237.157,6114.6,6237.016,236994627,6041.753000000001,221400226.8,0.0244775322908072,0.0280995664029922,1.0704353397708444,4.781200000000354,24.86499999999978,-0.2035863139600575,0.6,0.45
2019-04-04,6262.688,6283.292,6198.033,6260.069,243395635,6144.1942,235713043.2,0.0227485422707037,0.0272614926876592,1.0325929855034854,20.34339999999884,-39.02099999999882,0.1438645927622865,0.65,0.5
2019-04-08,6303.434,6322.479,6130.755,6230.213,260323275,6207.9946,249258736.2,0.0217465231140882,0.0263172054272168,1.0443897733282337,-38.64079999999922,-52.90900000000147,0.0496391420921071,0.6,0.55
2019-04-09,6212.73,6261.147,6164.966,6245.432,208547660,6229.5344,242153217.6,0.0190935374650964,0.0251203633644482,0.8612219241475816,-42.26060000000052,45.07500000000073,-0.1949646370054003,0.6,0.5
2019-04-10,6203.396,6289.932,6159.232,6235.706,230414853,6241.687199999999,235935210.0,0.0200805715274725,0.0249241577481392,0.9766022332995572,-9.386999999999716,-24.94499999999971,0.2985481583326276,0.6,0.45
2019-04-11,6232.89,6249.497,6106.664,6106.949,216963919,6215.6738,231929068.4,0.0208283036258014,0.0242406936956396,0.9354753179356108,-38.16619999999966,-119.03100000000086,-0.1565072245159219,0.6,0.5
2019-04-12,6097.071,6130.376,6047.832,6101.204,177320978,6183.9008,218714137.0,0.020810230524826,0.0228201728686824,0.810743102536623,-5.759599999999409,123.01200000000064,-0.0836053000350413,0.55,0.5
2019-04-15,6178.503,6215.377,6049.24,6052.052,191818239,6148.2686,205013129.8,0.0201458474623508,0.0232229731618373,0.9356388012178916,-3.859200000000783,-43.40700000000015,0.2496279140802563,0.5,0.5
2019-04-16,6019.125,6179.8,5978.727,6179.8,198001456,6135.1422,202903889.0,0.023573231745255,0.0233899332541163,0.975838644472704,22.50579999999991,176.90000000000057,-0.084695855426456,0.5,0.45
2019-04-17,6181.762,6267.587,6175.581,6234.11,222085301,6134.822999999999,201237978.6,0.0223329408956612,0.0235122554278439,1.1035953677582806,12.807199999999284,-73.43800000000101,0.087556880030764,0.55,0.45
2019-04-18,6229.695,6255.79,6188.119,6202.844,212230452,6154.002,200291285.2,0.0198371550917576,0.0228963310946853,1.0596090178765305,19.498200000001816,-85.57599999999911,-0.1717430731673268,0.5,0.5
2019-04-19,6198.612,6255.256,6147.157,6255.252,207121062,6184.811599999999,206251302.0,0.0205875921366316,0.0227604534241908,1.0042169915611006,11.630599999997685,83.67399999999998,-0.0114056764336794,0.5,0.45
2019-04-22,6270.368,6274.459,6171.313,6192.144,214587952,6212.83,210805244.6,0.0184288337299108,0.0224927825886942,1.0179440858180622,-2.7911999999978434,-115.51600000000052,0.0691191205723913,0.5,0.5
2019-04-23,6175.125,6175.818,6061.748,6078.267,213003386,6192.5234,213805630.6,0.015674778771273,0.0221792375273134,0.9962477854406888,-48.32500000000073,-50.76900000000023,-0.0354233946343348,0.5,0.45
2019-04-24,6081.959,6153.39,6017.86,6153.39,182176366,6176.3794,205823843.6,0.017128133902808,0.0212747160401778,0.885108172180689,4.162599999999657,189.0000000000009,-0.0894433128826266,0.5,0.45
2019-04-25,6130.01,6140.298,5899.646,5899.906,212511761,6115.791800000001,205880105.4,0.0231040241808373,0.0220617537973009,1.0322112502668264,-44.443599999998696,-328.6070000000009,0.2582426913461372,0.5,0.5
2019-04-26,5861.788,5926.044,5830.354,5834.377,172501458,6031.616800000001,198956184.6,0.0229279736713051,0.0217685846508666,0.8670323988510986,-23.587400000001253,187.95500000000084,-0.312281929501865,0.45,0.5
2019-04-29,5831.238,5849.637,5613.826,5622.484,179824494,5917.684800000001,192003493.0,0.0279846050353227,0.0220764523354181,0.9365688675257592,-29.756999999999607,-146.3640000000005,0.2347153200903882,0.4,0.45
2019-04-30,5595.807,5718.315,5595.807,5682.235,134502043,5838.4784,176303224.4,0.0285431978433521,0.0217211864562441,0.7629017759473263,34.72559999999885,271.6439999999993,-0.2432035602530932,0.4,0.4
2019-05-06,5480.129,5496.835,5212.991,5246.829,167814118,5657.166200000001,173430774.8,0.0349577861432665,0.023624858117302,0.9676144167234614,-102.10579999999844,-495.1569999999992,0.3783797323545678,0.35,0.4
2019-05-07,5273.222,5353.606,5214.897,5312.496,144244560,5539.6842,159777334.6,0.032021951070091,0.0239478584921218,0.902784868461562,63.83019999999851,501.0730000000003,-0.2695421890380343,0.35,0.35
2019-05-08,5198.836,5376.899,5166.403,5292.745,145636329,5431.3578,154404308.8,0.0366958713882328,0.0252554169302489,0.9432141507698648,9.15560000000096,-85.41800000000057,0.105258830570202,0.35,0.3
2019-05-09,5243.715,5308.02,5229.824,5237.824,121058408,5354.425799999999,142651091.6,0.0312935484196813,0.0244632086618164,0.8486328891155853,31.394399999999223,-35.17000000000007,-0.1350105439625823,0.3,0.35
2019-05-10,5292.45,5445.544,5192.697,5445.526,172481790,5307.084000000001,150247041.0,0.0362679955140662,0.0260148009684866,1.14798793275403,29.59020000000237,262.6230000000005,0.3939363052927244,0.35,0.4
2019-05-13,5385.762,5440.907,5366.777,5405.614,135045946,5338.840999999999,143693406.6,0.028191059848754,0.0256524801976224,0.9398200599135912,79.09879999999703,-247.6140000000005,-0.5075229164788838,0.35,0.4
2019-05-14,5333.847,5422.623,5328.008,5368.228,130383164,5349.9874,140921127.4,0.0264940693453094,0.0253642999219988,0.9252208409453868,-20.61059999999816,2.526000000000749,0.1935686538722347,0.35,0.4
2019-05-15,5412.934,5491.395,5403.479,5486.386,146817521,5388.7156,141157365.8,0.0217448143068053,0.0254890628757437,1.040098192311265,27.58179999999993,155.54399999999987,0.1294765703340825,0.4,0.4
2019-05-16,5488.266,5539.351,5478.065,5527.275,165713589,5446.6058,150088402.0,0.0209765788555481,0.0246708915101157,1.1041065584801149,19.161999999999352,-77.26900000000114,-0.0508689851970285,0.4,0.45
2019-05-17,5527.378,5530.904,5306.466,5330.986,175754930,5423.6978,150743030.0,0.0201102973970526,0.025149067381436,1.165924089491899,-80.79820000000018,-237.17799999999897,-0.0021908351570656,0.35,0.45
2019-05-20,5326.193,5330.182,5200.675,5313.149,135497682,5405.2048,150833377.2,0.0222425553367539,0.0256298838078956,0.8983269122213887,4.415000000000873,178.45200000000025,-0.3294147082822943,0.35,0.4
2019-05-21,5305.438,5425.312,5287.306,5418.045,142602880,5415.1682,153277320.4,0.0238118658739192,0.0263579776175393,0.9303586442394514,28.45639999999912,122.73299999999928,0.2996289092885729,0.35,0.4
2019-05-22,5418.241,5451.114,5351.703,5395.429,142023330,5396.9768,152318482.2,0.0242919956513419,0.0264151637544213,0.932410354598452,-28.15479999999934,-127.51199999999972,-0.0299800216590618,0.35,0.4
2019-05-23,5380.413,5380.413,5251.34,5267.826,143600000,5345.087,147895764.4,0.0269748386515932,0.0268073927405363,0.9709541080001342,-33.69840000000022,-104.98700000000008,0.0364920430426812,0.35,0.4
2019-05-24,5230.899,5279.651,5186.872,5200.774,118146768,5319.0446,136374132.0,0.0221225997513964,0.0267610226264668,0.8663429513157231,25.84739999999965,60.55100000000039,-0.143154910086093,0.3,0.4
2019-05-27,5204.42,5359.999,5179.19,5354.634,128155378,5327.3416,134905671.2,0.0240010030554007,0.0273481010960438,0.9499628656085736,34.33939999999984,220.91199999999932,0.1882310709772614,0.35,0.35
2019-05-28,5353.851,5414.644,5332.931,5354.525,139389445,5314.6376,134262984.2,0.0219588033386266,0.0260716724069866,1.0381822348918115,-21.00099999999929,-153.96900000000005,0.0045994549903877,0.35,0.4
2019-05-29,5336.836,5411.079,5329.908,5376.512,122728790,5310.8542,130404076.2,0.0212932620545641,0.026006485850236,0.9411422830968224,8.920599999999467,22.09600000000046,-0.1852593210782275,0.4,0.4
2019-05-30,5357.488,5357.488,5270.892,5341.98,133342170,5325.685,128352510.2,0.0196349281953317,0.0247199735305386,1.0388746569289924,18.61420000000089,-56.51900000000023,0.1947723256271594,0.35,0.45
2019-05-31,5336.692,5384.476,5319.212,5334.247,127940457,5352.3796,130311248.0,0.018514016987013,0.0242537274123821,0.9818067048210604,11.863799999999172,26.799000000000888,-0.1548003259401019,0.35,0.45
2019-06-03,5341.267,5354.693,5235.519,5255.073,140140957,5332.4674,132708363.8,0.0162962308235978,0.0226827122661266,1.056006968868981,-46.606799999999566,-71.44100000000071,0.1312682161558525,0.3,0.5
2019-06-04,5244.731,5249.53,5131.01,5160.976,119113915,5293.7576,128653257.8,0.0178370504018664,0.0225254472399304,0.9258523028244684,-18.797600000000784,-14.923000000000684,-0.2043549300924332,0.3,0.5
2019-06-05,5206.154,5222.865,5148.288,5158.465,108597057,5250.1482000000005,125826911.2,0.0177090250490287,0.021259774265435,0.8630670177334846,-4.899599999998827,91.58600000000116,0.0673693809535288,0.3,0.45
2019-06-06,5149.38,5149.38,5011.756,5030.8,112692560,5187.912200000001,121696989.2,0.0199381883500616,0.0218811335131336,0.926009433271994,-18.626600000000508,-125.15400000000044,0.1257277006294933,0.25,0.4
2019-06-10,5043.331,5112.428,5021.997,5098.938,98524062,5140.8504,115813710.2,0.0210382598954391,0.0204462935077253,0.8507115593642384,15.174199999999471,195.80299999999988,-0.1382402894462653,0.3,0.35
2019-06-11,5103.849,5289.791,5096.02,5289.624,155235649,5147.7606,118832648.6,0.0238291371301351,0.0215922315864719,1.3063383744187622,53.97199999999975,122.54799999999976,0.5309246889622796,0.35,0.4
2019-06-12,5276.703,5315.964,5251.051,5264.886,150031538,5168.5426,125016173.2,0.0217020917722478,0.021327452846665,1.20009702872588,13.871800000000803,-215.42399999999907,-0.561868160747406,0.3,0.4
2019-06-13,5256.905,5306.976,5237.958,5294.112,135168147,5195.6720000000005,130330391.2,0.0214179996769149,0.0211780706079624,1.0371191688711818,6.347400000000562,53.96399999999903,-0.0567365141618161,0.3,0.35
2019-06-14,5297.741,5307.082,5170.976,5173.068,132738265,5224.1256,134339532.2,0.021208842403336,0.0219391994000806,0.988080446806856,1.3241999999991094,-150.26999999999953,0.1139391377903723,0.3,0.35
2019-06-17,5168.35,5192.125,5140.265,5160.672,95764657,5236.472400000001,133787651.2,0.019671605832287,0.0203366206165339,0.7157959358808147,-16.106799999999566,108.64799999999924,-0.2232457888617153,0.3,0.35
2019-06-18,5160.112,5183.019,5125.096,5160.878,92008045,5210.723199999999,121142130.4,0.0145898449313717,0.0196790539851263,0.7595049277753166,-38.09600000000137,12.602000000000771,0.3159935028205431,0.3,0.35
2019-06-19,5268.935,5292.278,5231.965,5234.275,130878758,5204.601,117311574.4,0.0144285013233047,0.0189816117090114,1.1156508526067483,19.62700000000132,73.1909999999998,0.3124369329369297,0.35,0.35
2019-06-20,5228.491,5329.969,5199.869,5317.31,148037153,5209.240599999999,119885375.6,0.0167146036396092,0.0192837226050292,1.234822448185248,10.761799999999312,9.63800000000083,-0.2369743292529319,0.4,0.35
2019-06-21,5350.29,5423.189,5350.29,5406.04,167478108,5255.835,126833344.2,0.0141494502351516,0.0187328522959702,1.320458031414108,41.95480000000134,5.6949999999988,-0.0335360123496397,0.45,0.4
2019-06-24,5412.552,5427.667,5374.521,5403.798,130858165,5304.4602,133852045.8,0.0141066213821229,0.0183326260242155,0.9776329096645008,2.0307999999995445,-90.97199999999977,-0.4284607049784674,0.4,0.45
2019-06-25,5397.059,5397.059,5289.841,5351.689,134544718,5342.6224,142359380.4,0.0158688103645166,0.0176460058124053,0.9451060943223942,-10.463000000000648,-49.86699999999928,0.310298306407501,0.4,0.4
2019-06-26,5323.697,5384.055,5303.236,5351.391,107686630,5366.0456,137720954.8,0.0165847553228066,0.0176380997050564,0.781918990878213,-14.738999999999578,51.81099999999879,-0.1306602881020747,0.35,0.4
2019-06-27,5361.977,5415.359,5360.485,5397.571,121409184,5382.0978000000005,132395361.0,0.0137245885307363,0.0173915542240723,0.9170199248899664,-7.371000000000095,46.478000000000975,0.2982880374559347,0.4,0.4
2019-06-28,5389.979,5389.979,5289.434,5321.433,119527294,5365.176399999999,122805198.2,0.0148065114906317,0.0175257481197952,0.973308098940066,-32.97360000000117,-122.3180000000002,-0.0788127599616541,0.4,0.45
2019-07-01,5418.212,5481.408,5392.445,5481.408,149214343,5380.6984,126476433.8,0.0160855153788505,0.0177255006221749,1.17977980969922,32.44340000000193,236.11300000000028,0.1501835367090548,0.45,0.45
2019-07-02,5482.443,5501.117,5462.728,5483.515,133052820,5407.0636,126178054.2,0.0134787911219797,0.0169416458870008,1.054484639532506,10.843199999999342,-157.8680000000004,-0.3317668809258681,0.5,0.5
2019-07-03,5465.945,5465.945,5408.578,5428.514,121295435,5422.4882,128899815.2,0.0125718488319209,0.01632179931257,0.9410054995951616,-10.940600000000812,-57.108000000000175,0.0118160302293695,0.5,0.5
2019-07-04,5435.483,5450.289,5381.046,5404.383,114081446,5423.8506,127434267.6,0.0131010395393097,0.0162395578466425,0.8952179672589102,-14.062199999999391,30.86999999999989,0.0676916076010931,0.5,0.5
2019-07-05,5404.707,5433.693,5379.888,5424.25,96904986,5444.414,122909806.0,0.0113060389385325,0.015367710766913,0.7884235534469886,19.201000000000025,43.9980000000005,-0.0610068814756703,0.5,0.5
2019-07-08,5410.203,5410.203,5221.952,5244.266,123487145,5396.9856,117764366.4,0.0152393559657258,0.0162757746397466,1.0485951631630397,-67.99179999999978,-199.85100000000057,0.3669660235279728,0.45,0.5
2019-07-09,5239.857,5270.459,5203.854,5260.343,90883173,5352.3512,109330437.0,0.0163715400408266,0.0150772466146737,0.831270554603198,2.793999999999869,196.0610000000006,-0.4774962182758928,0.5,0.45
2019-07-10,5267.272,5271.241,5196.817,5214.644,86986664,5309.5772,102468682.8,0.0171124196731581,0.0151743812877976,0.8489097509897922,1.860399999999572,-61.77599999999984,0.2349638049464358,0.45,0.5
2019-07-11,5236.656,5271.612,5180.956,5206.398,88825374,5269.9802,97417468.4,0.0180324284291922,0.0153931650347118,0.9118012966142732,3.1770000000005894,37.45299999999952,0.045252349237887,0.45,0.45
2019-07-12,5209.295,5229.841,5173.052,5219.188,84877354,5228.9678,95011942.0,0.0182247219604987,0.0146216806562036,0.8933335348518611,-1.4153999999998632,21.036000000000055,-0.0813593073868934,0.5,0.45
2019-07-15,5203.576,5289.011,5140.804,5273.814,103285136,5234.877399999999,90971540.2,0.0166659005481382,0.0155243483187094,1.1353565716588805,46.92199999999866,41.83600000000024,0.2604907985694314,0.5,0.45
2019-07-16,5264.646,5289.01,5254.622,5285.229,88246972,5239.854600000001,90444300.0,0.0154348432141826,0.0152884961853764,0.9757051798731374,-0.9323999999978696,-43.21100000000024,-0.401674428592762,0.5,0.45
2019-07-17,5282.562,5312.706,5269.244,5289.424,98706416,5254.810600000001,92788250.4,0.014223774909726,0.0151231996844029,1.0637814117033937,9.978799999998955,-7.220000000000255,0.2477276236159991,0.5,0.5
2019-07-18,5265.366,5265.366,5194.601,5194.601,96554680,5252.4512,94334111.6,0.0134658500698558,0.0145809766422735,1.0235394001420797,-17.31540000000041,-99.01800000000004,-0.1283182433915702,0.45,0.45
2019-07-19,5205.727,5263.339,5205.701,5220.027,87706047,5252.619000000001,94899850.2,0.0134980288689035,0.0144588253146416,0.9241958424081896,2.527200000000448,120.2490000000007,-0.0591015461725761,0.5,0.4
2019-07-22,5222.063,5222.342,5067.098,5073.333,98799860,5212.522800000001,94002795.0,0.0139975428450531,0.0154970786844419,1.0510310890224062,-40.26400000000013,-172.1200000000008,0.2261788043481067,0.5,0.45
2019-07-23,5072.768,5131.097,5072.768,5131.097,74249778,5181.6964,91203356.2,0.0149698047169328,0.0150637447734804,0.8141123429402919,9.269799999999124,204.4580000000005,-0.3637539926963309,0.55,0.45
2019-07-24,5141.943,5219.149,5141.9,5194.829,91972065,5162.7774,89856486.0,0.016300522848673,0.0150521415658695,1.0235439765583534,11.907400000000962,5.967999999999847,0.4463503797001757,0.55,0.45
2019-07-25,5193.654,5220.125,5181.277,5211.085,85520728,5166.0742,87649695.6,0.0150669387408769,0.0149165641948087,0.9757104963636636,22.215799999999945,-47.47599999999966,-0.2572651138127514,0.6,0.45
2019-07-26,5201.559,5222.328,5188.241,5216.601,77863052,5165.388999999999,85681096.6,0.0141654639638141,0.0142985634329372,0.9087541486951513,-3.98200000000088,-10.740000000000691,-0.0191228674738224,0.6,0.45
2019-07-29,5217.929,5235.009,5197.021,5218.983,76414579,5194.518999999999,81204040.4,0.0095012261116183,0.0138510063676339,0.9410194200139824,29.815200000000917,-3.133999999999105,0.0992216189873436,0.6,0.45
2019-07-30,5217.066,5269.314,5216.813,5239.718,84370624,5216.2432,83228209.6,0.0092316400086384,0.0140019569951451,1.013726288304056,-7.405799999999544,18.35299999999916,0.0404415969712423,0.65,0.45
2019-07-31,5229.141,5229.141,5193.179,5200.094,82306375,5217.2962,81295071.6,0.0076406959807674,0.0138193533530811,1.0124399103180075,-20.67120000000068,-60.35899999999947,-0.0739932462761222,0.65,0.5
2019-08-01,5172.082,5201.48,5151.393,5173.228,80247390,5209.7248,80240404.0,0.0080861130122693,0.0136628325630486,1.0000870633702192,-8.624399999999696,12.75799999999981,-0.0110664689617396,0.6,0.5
2019-08-02,5073.998,5101.135,5047.394,5091.063,101405199,5184.617200000001,84948833.4,0.0088904364670031,0.0136946628150548,1.1937209134175113,-17.536199999999553,-55.29899999999998,0.2059866969950803,0.6,0.45
2019-08-05,5076.111,5124.382,5032.642,5032.642,91066502,5147.349,87879218.0,0.0110804726844237,0.0128112855473084,1.036268916275518,-12.160600000001068,23.743999999999687,-0.3510858471892852,0.55,0.5
2019-08-06,4940.869,4940.869,4781.875,4899.816,126619715,5079.3686,96329036.2,0.0155663045945603,0.0138006481335785,1.314450138763041,-30.71219999999994,-74.40499999999975,0.435633219629516,0.55,0.45
2019-08-07,4928.135,4941.957,4884.99,4885.44,89951946,5016.4378,97858150.4,0.0165152891329241,0.0136700707180226,0.9192075022092384,5.049600000000282,118.44999999999982,-0.6734238590413253,0.55,0.45
2019-08-08,4901.816,4936.829,4901.71,4923.327,83388258,4966.4576,98486324.0,0.0160055335198953,0.0131561088357243,0.8466988573966879,12.950600000000122,52.26300000000083,0.3227339917412518,0.55,0.45
2019-08-09,4948.516,4963.005,4861.125,4869.793,89534965,4922.203599999999,96112277.2,0.0180785051954917,0.0136581086238031,0.9315663680893412,5.726199999999153,-91.4210000000012,0.1573761555052039,0.5,0.5
2019-08-12,4873.887,4952.217,4859.622,4952.217,78824217,4906.1186,93663820.2,0.0181722436899603,0.0131878713327639,0.8415652578731782,28.169000000001688,135.95800000000054,-0.1748686209088163,0.5,0.45
2019-08-13,4917.892,4935.941,4903.823,4928.465,79018318,4911.8484,84143540.8,0.0129858162467504,0.0131883913917205,0.9390895278321828,21.814799999999195,-106.17599999999948,0.1875253801751676,0.45,0.45
2019-08-14,4980.386,4997.439,4953.979,4961.75,90034716,4927.1104,84160094.8,0.0124055041447369,0.0132155030267753,1.069802929927308,9.532199999999648,57.03699999999935,0.0331891321361207,0.5,0.5
2019-08-15,4848.869,4985.538,4829.413,4985.421,95328609,4939.5292,86548165.0,0.0172421296589994,0.0141001787330102,1.101451532796796,-2.8431999999993423,-9.613999999999578,-0.0990647992256372,0.5,0.5
2019-08-16,4981.563,5044.205,4979.929,5013.582,96228503,4968.287,87886872.6,0.0156220431845789,0.0141891122027219,1.0949132692201409,16.338999999999942,4.489999999999782,-0.0381868664461433,0.55,0.5
2019-08-19,5054.484,5173.177,5054.484,5173.177,131032179,5012.479,98328465.0,0.0164712914988418,0.0138063084962111,1.3325966087236285,15.434199999999691,131.4339999999993,0.2442216030801431,0.55,0.55
2019-08-20,5183.009,5220.68,5168.938,5185.266,132730041,5063.8392,109070809.6,0.0171636559754676,0.0137368542063542,1.216916253640791,7.16820000000007,-147.5059999999994,-0.3533636945863254,0.55,0.55
2019-08-21,5177.875,5203.646,5168.809,5186.622,114896013,5108.8136,114043069.0,0.016755195313135,0.0133291711428908,1.007479139306572,-6.3858000000000175,-10.732999999999263,-0.0937567592513812,0.55,0.5
2019-08-22,5200.058,5208.552,5165.615,5208.552,114152369,5153.439799999999,117807821.0,0.0121406444730621,0.0133686051660565,0.9689710583815992,-0.3482000000012704,20.573999999998705,0.170929033409246,0.55,0.5
2019-08-23,5210.419,5224.57,5179.468,5197.548,120371153,5190.233,122636351.0,0.0113120801939702,0.013475766260261,0.9815291470960352,-7.83299999999781,-32.93399999999929,0.0510661696394088,0.5,0.5
2019-08-26,5096.104,5186.403,5087.701,5168.679,122374323,5189.3334,120904779.8,0.0105425296681049,0.0140666343853327,1.012154550071808,-37.69280000000072,-17.86499999999978,0.0180673142613366,0.45,0.5
2019-08-27,5196.143,5283.058,5196.143,5266.658,147090648,5205.611800000001,123776901.2,0.0118473729674461,0.0143907874460561,1.1883529687201444,17.177999999999884,126.84799999999996,0.1455730156725638,0.5,0.5
2019-08-28,5261.621,5274.678,5236.018,5256.177,140548482,5219.522800000001,128907395.0,0.0119750634815503,0.0144127630180866,1.090305812168495,-2.3674000000000888,-108.46000000000096,-0.2742455751999859,0.5,0.55
2019-08-29,5262.959,5286.113,5249.749,5260.949,130752793,5230.0022,132227479.8,0.0117087640856271,0.014274267934396,0.9888473500195986,-3.431600000000799,15.253000000000611,-0.003411305597247,0.55,0.6
2019-08-30,5280.514,5289.042,5160.447,5182.955,146306831,5227.0836,137414615.4,0.0149354805643876,0.0149870272846071,1.0647108429777696,-13.397999999999229,-82.76599999999962,0.1773219551070675,0.55,0.6
2019-09-02,5187.399,5318.401,5187.396,5317.533,140256474,5256.8544,140991045.6,0.0160435304036342,0.0153073988151353,0.9947899414684532,32.689400000000205,212.5720000000001,-0.1457843944674876,0.6,0.6
2019-09-03,5324.686,5357.06,5310.273,5357.06,143294224,5274.9348,140231760.8,0.014489697034993,0.0141216355561643,1.0218385848008262,-11.690400000000407,-95.0510000000004,0.0969695448416896,0.65,0.65
2019-09-04,5345.94,5394.706,5336.571,5394.706,151964442,5302.640600000001,142514952.8,0.0151739270057043,0.0140774224862816,1.066305247374716,9.625400000000807,-1.8810000000003129,0.0174180192415167,0.65,0.7
2019-09-05,5423.96,5504.942,5418.919,5445.575,192911455,5339.565799999999,154946685.2,0.0169508873391882,0.0145106063892192,1.245018276776921,9.219399999998132,13.222999999999956,0.1342463668283147,0.7,0.7
2019-09-06,5461.333,5479.116,5425.374,5468.46,152005589,5396.666800000001,156086436.8,0.0139541861360238,0.0139559475197401,0.973855205592085,20.17580000000271,-27.98399999999947,-0.4498761005870402,0.7,0.75
2019-09-09,5516.534,5602.242,5495.157,5602.242,175102700,5453.6086000000005,163055682.0,0.0128498349934655,0.0139767966410116,1.0738828469651245,-0.1592000000018743,110.89699999999992,0.371190712557875,0.75,0.75
2019-09-10,5608.736,5625.92,5573.993,5614.575,175825533,5505.1116,169561943.8,0.0129528147943442,0.0141133851930627,1.036939828947632,-5.438799999999901,-121.44900000000052,-0.136970659390532,0.75,0.75
2019-09-11,5630.2,5634.441,5564.939,5566.408,157662647,5539.451999999999,170701584.8,0.0132947475736549,0.0142997333435111,0.923615601956614,-17.162600000000566,-60.49999999999909,-0.0763812089735254,0.7,0.8
2019-09-12,5580.602,5601.475,5546.255,5592.922,131539817,5568.9214,158427257.2,0.0121100137149639,0.0132275774032103,0.830285263563851,-4.870999999998276,74.68099999999868,0.019993888598255,0.7,0.75
2019-09-16,5613.57,5650.672,5600.804,5627.235,151239778,5600.676399999999,158274095.0,0.0119168679903495,0.0130296537211828,0.9555561066389292,2.28559999999834,7.799000000000888,0.218601181467841,0.7,0.75
2019-09-17,5614.155,5614.155,5471.432,5492.222,155208189,5578.6724,154295192.8,0.0132912114110692,0.0131817766190685,1.005917204440604,-53.7589999999982,-169.32600000000002,-0.0749097452734032,0.65,0.75
2019-09-18,5501.84,5515.223,5467.911,5485.879,115406599,5552.9332,142211406.0,0.0131663548030545,0.0131140598999595,0.8115143661542872,-3.7352000000009866,128.67000000000007,-0.2447639360879916,0.6,0.75
2019-09-19,5497.239,5550.407,5468.754,5550.407,118150865,5549.733,134309049.6,0.013611395608044,0.0135137834172384,0.8796939994131266,22.53899999999976,70.8710000000001,0.2625824715451562,0.6,0.7
2019-09-20,5560.038,5576.787,5533.278,5556.478,126469433,5542.4442,133294972.8,0.0132028209194197,0.0134931215147997,0.9487937192482028,-4.088600000000042,-58.457000000000335,0.0009200865762365,0.65,0.7
2019-09-23,5538.726,5538.726,5462.271,5501.215,121427152,5517.2402,127332447.6,0.0142100084871045,0.0137541357944663,0.9536230103849822,-17.91519999999946,-61.33399999999983,-0.0642704286982964,0.65,0.7
2019-09-24,5504.498,5568.216,5495.46,5528.892,126895429,5524.5742,121669895.6,0.0116445787131577,0.0134572888803317,1.0429484497724844,32.53799999999956,82.9399999999996,0.0844961482507226,0.65,0.65
2019-09-25,5502.158,5502.158,5421.625,5421.625,129643959,5511.723400000001,124517367.6,0.0128905205604323,0.013374846798206,1.04117169756165,-20.18479999999909,-134.9439999999995,-0.0911021915983364,0.65,0.6
2019-09-26,5428.613,5436.95,5244.077,5244.077,130735221,5450.457399999999,127034238.8,0.0173041275214929,0.014846049427224,1.0291337377620435,-48.41520000000219,-70.28099999999995,-0.0102612075887722,0.6,0.55
2019-09-27,5241.513,5313.083,5241.513,5291.436,90617382,5397.449,119863828.6,0.0184431893426946,0.0151767278290666,0.7560027329212142,8.25760000000173,224.90699999999924,-0.2610930450412227,0.65,0.5
2019-09-30,5297.021,5315.339,5232.387,5232.387,77537916,5343.6834,111085981.4,0.0188343350375524,0.0147288494127575,0.6979991086436041,-0.7572000000000116,-106.40799999999945,0.2151273805632192,0.6,0.55
2019-10-08,5242.02,5280.586,5226.263,5237.182,78830377,5285.341399999999,101472971.0,0.0182770002348289,0.0140156563381303,0.7768608351873328,-4.576400000000831,63.84400000000005,0.1368653508213387,0.6,0.5
2019-10-09,5220.201,5285.15,5191.064,5285.15,81537732,5258.046399999999,91851725.6,0.0188665844183491,0.014469068644045,0.8877103992045198,31.04700000000048,43.172999999999774,0.0319878374734582,0.6,0.45
2019-10-10,5291.552,5367.099,5281.863,5366.926,94803319,5282.6162,84665345.2,0.0146870861747418,0.0147243392194834,1.1197417169451285,51.8648000000012,33.8080000000009,0.1211817537234217,0.6,0.45
2019-10-11,5371.396,5392.784,5327.792,5370.654,106505533,5298.4598,87842975.4,0.0144022242836228,0.0145395620651752,1.21245361413384,-8.726200000001882,-78.04800000000068,-0.1393194205518971,0.6,0.45
2019-10-14,5411.653,5463.537,5402.63,5455.607,127453901,5343.1038,97826172.4,0.013464332924644,0.0146063861099126,1.302860961163395,28.80040000000099,81.22499999999945,-0.0023045501591565,0.6,0.45
2019-10-15,5429.945,5429.945,5367.141,5375.529,120133371,5370.7732000000005,106086771.2,0.0137264833858512,0.0142348184362267,1.1324067048239093,-16.974599999999555,-165.03099999999904,-0.2608616033690407,0.55,0.45
2019-10-16,5377.752,5397.069,5350.149,5353.016,105111242,5384.3464,110801473.2,0.0119191229204113,0.0142106456755618,0.9486448055638308,-14.096200000000865,57.56499999999869,-0.0133076429205928,0.55,0.4
2019-10-17,5354.405,5371.674,5331.733,5347.267,92051923,5380.4146,110251194.0,0.0102366641494129,0.0139598183634229,0.8349290348728559,-17.50500000000011,16.764000000001033,0.0700461285691037,0.5,0.4
2019-10-18,5350.643,5374.603,5267.933,5280.532,107176436,5362.3902,110385374.6,0.0118565234785998,0.0144761895060842,0.9709296760406156,-14.092599999999948,-60.98599999999988,0.2497164118587346,0.45,0.35
2019-10-21,5273.644,5273.644,5200.933,5247.298,91111910,5320.7284,103116976.4,0.0123950705448171,0.0147259367485295,0.8835781767549964,-23.637399999999616,33.500999999999294,-0.223352140453379,0.45,0.3
2019-10-22,5252.186,5312.463,5249.962,5312.458,90350448,5308.114199999999,97160391.8,0.0124114049187286,0.0140148668131416,0.9299102888138004,29.047599999998965,98.39400000000025,0.1336836113444232,0.5,0.3
2019-10-23,5311.765,5314.364,5257.77,5269.723,94464034,5291.455599999999,95030950.2,0.0128062672605509,0.0141206237899359,0.9940344045933784,-4.044399999998859,-107.89499999999953,0.0177920037207741,0.45,0.35
2019-10-24,5262.925,5274.323,5220.548,5259.455,94722918,5273.8932,95565149.2,0.0133572713089544,0.0138962872886505,0.9911868373873683,-0.9037999999991372,32.46699999999964,-0.0669716829855882,0.4,0.3
2019-10-25,5254.372,5307.749,5227.887,5300.095,101229519,5277.8058,94375765.8,0.0123307544388325,0.0142581728859374,1.0726219611772412,21.474999999998545,50.90800000000036,0.0842826909958829,0.45,0.3
2019-10-28,5343.5,5425.754,5343.443,5425.754,136224883,5313.497,103398360.4,0.0125934704668904,0.014321802243476,1.3174762392073676,31.77860000000055,85.01899999999932,0.1634191542402535,0.45,0.35
2019-10-29,5434.313,5434.313,5366.754,5366.754,155004456,5324.3562,116329162.0,0.0127581587778798,0.0142932618293221,1.3324643050381468,-24.83200000000033,-184.65899999999965,-0.2298662121993471,0.45,0.4
2019-10-30,5349.077,5351.864,5301.638,5313.417,139966476,5333.094999999999,125429650.4,0.0125008008428148,0.0140231938605315,1.1158962458528865,-2.1204000000007,5.663000000000466,-0.2315561250160396,0.45,0.4
2019-10-31,5310.657,5329.204,5252.165,5253.881,119979824,5331.9802,130481031.6,0.0133885632815739,0.0129173962286707,0.9195192782335422,-9.85359999999855,-6.199000000000524,0.020191091565916,0.4,0.4
2019-11-01,5234.752,5308.934,5227.111,5303.991,106994988,5332.759400000001,131634125.4,0.013460293982026,0.0130124490457703,0.8128210498217812,1.8940000000002328,109.64599999999972,0.0896787392075832,0.45,0.35
2019-11-04,5316.598,5365.594,5316.598,5337.083,114489488,5315.0252,127287046.4,0.0122622679011568,0.0126787854593771,0.899459067030406,-18.51340000000164,-17.01800000000003,0.1933362456203858,0.45,0.4
2019-11-05,5341.172,5362.444,5306.046,5352.061,113885646,5312.0866,119063284.4,0.0118521067233478,0.0126870384514518,0.9565135597754432,14.795600000000375,-18.113999999999574,-0.0295835244635876,0.45,0.45
2019-11-06,5348.452,5356.311,5286.44,5304.838,111174349,5310.3708,113304859.0,0.0125958087739025,0.0124554999494199,0.9811966581239028,1.2228000000004613,-62.20100000000002,-0.0323713943965776,0.4,0.45
2019-11-07,5300.672,5347.662,5294.201,5340.171,96695460,5327.6288,108647986.2,0.0116653781818556,0.0121619692304492,0.8899885159583381,18.973800000000665,82.5560000000005,-0.1158912405140241,0.4,0.4
2019-11-08,5361.272,5375.058,5318.765,5321.778,104093933,5331.186199999999,108067775.2,0.0106956122708589,0.0120857960425793,0.9632282408641646,-13.70060000000194,-53.72600000000057,0.1644478670713911,0.35,0.4
2019-11-11,5289.634,5289.634,5175.616,5183.571,106907294,5300.4838,106551336.4,0.0132587597824943,0.0126273921738397,1.0033407145515634,-34.259799999997995,-119.8140000000003,-0.0331272512184277,0.35,0.35
2019-11-12,5183.483,5196.716,5123.298,5196.716,93959974,5269.4148000000005,102566202.0,0.013976788899855,0.0127496148299528,0.9160909945753866,-0.3666000000002896,151.35200000000077,-0.1273621936635756,0.4,0.35
2019-11-13,5188.885,5200.245,5160.326,5181.492,86654400,5244.7456,97662212.2,0.0128833823259335,0.0126965648008004,0.887286884537723,6.399799999999232,-28.3690000000006,0.0584456099385132,0.4,0.4
2019-11-14,5180.312,5229.092,5177.114,5216.644,89584834,5220.0402,96240087.0,0.012873937229657,0.0128212875005102,0.9308473921059528,-0.0361999999995532,50.37600000000021,0.0723646176058933,0.45,0.4
2019-11-15,5208.365,5220.057,5152.564,5152.564,94729429,5186.1974,94367186.2,0.0133781491630682,0.0124662024636964,1.0038386521267284,-9.137400000000524,-99.23199999999996,0.029430752452546,0.45,0.45
2019-11-18,5147.032,5192.855,5139.962,5189.352,85671862,5187.3536,90120099.8,0.0110174629321807,0.0122829902706806,0.9506410022861516,34.999000000000706,100.86799999999948,-0.1261889098613525,0.45,0.45
2019-11-19,5192.683,5286.149,5187.766,5286.149,104374167,5205.2402,92202938.4,0.0119142031220697,0.0126253143807881,1.1320047800125206,16.730399999999463,60.00900000000093,0.2345614275669458,0.5,0.45
2019-11-20,5281.848,5303.926,5251.079,5259.47,106261069,5220.8358,96124272.2,0.012382966920124,0.0125907397156937,1.1054551214589066,-2.291000000000168,-123.47600000000055,-0.207913436279983,0.5,0.5
2019-11-21,5238.599,5274.228,5228.257,5250.665,92923714,5227.64,96792048.2,0.0121412458785097,0.0125172811428991,0.960034586808134,-8.791399999999157,17.873999999999796,-0.1188708760971585,0.45,0.5
2019-11-22,5255.426,5296.328,5157.547,5181.109,115747888,5233.349,100995740.0,0.0148786556284114,0.0131031777610911,1.1460670321342266,-1.0952000000006592,-60.750999999999294,0.331452979976865,0.4,0.5
2019-11-25,5179.146,5185.453,5107.508,5151.369,106053787,5225.752399999999,105072125.0,0.0158663210666623,0.0131012029206235,1.009342744329193,-13.305600000000595,39.815999999998894,-0.3227567331311262,0.4,0.45
2019-11-26,5154.924,5170.487,5131.545,5147.728,91068910,5198.0682,102411073.6,0.013657005352874,0.0128500260245366,0.8892486603128434,-20.08759999999893,26.09900000000107,0.0166302037886841,0.4,0.45
2019-11-27,5138.06,5170.603,5121.324,5145.967,91864498,5175.3676,99531759.4,0.0135626586463556,0.0128562041665789,0.922966684742438,4.983599999999569,1.8799999999992,0.153812108445944,0.4,0.45
2019-11-28,5142.376,5165.652,5120.554,5131.128,85094016,5151.4602,97965819.8,0.0135694243689506,0.0125624964147433,0.868609237116801,-1.2067999999990209,-13.07799999999952,-0.0880754720552315,0.35,0.5
2019-11-29,5130.281,5137.288,5082.768,5126.615,80181680,5140.5614000000005,90852578.2,0.0103391710470652,0.0123228970273509,0.8825471064067172,13.008599999999204,10.326000000000022,0.0682953169155531,0.3,0.45
2019-12-02,5131.892,5156.872,5124.554,5137.783,81777519,5137.8442000000005,85997324.6,0.0085710375468807,0.0121783953320545,0.9509309665198584,8.18159999999989,15.681000000000497,0.0544459908232252,0.3,0.45
2019-12-03,5119.748,5171.356,5097.08,5171.356,85738551,5142.5698,84931252.8,0.0099306521918999,0.0123696623916746,1.0095053136906045,7.4427999999998065,22.40499999999884,-0.0098095129423956,0.35,0.4
2019-12-04,5148.409,5188.361,5140.388,5179.695,87626418,5149.3154,84083636.8,0.0098677532249048,0.0121741902793295,1.04213401483129,2.020000000000437,-25.23399999999947,-0.0259456460300598,0.35,0.45
2019-12-05,5190.083,5246.027,5187.908,5238.13,99451044,5170.7158,86955042.4,0.010329007476381,0.0122284037383746,1.1437064631918343,14.65479999999934,50.09600000000046,0.0689437472198584,0.4,0.45
2019-12-06,5241.091,5275.509,5226.257,5275.509,100390620,5200.4946,90996830.4,0.0100692622022252,0.0121663095101925,1.103232052794665,8.37840000000051,-21.05600000000049,-0.1420468587577135,0.45,0.5
2019-12-09,5286.203,5302.289,5269.184,5294.282,112320679,5231.7944,97105462.4,0.0100618043570585,0.0113791564756955,1.1566875459315047,1.5209999999997308,-18.605999999999767,0.0939299035340088,0.45,0.55
2019-12-10,5286.041,5326.361,5272.202,5326.361,118208313,5262.7954,103599414.8,0.0092228326376032,0.0111811733261117,1.1410133274227725,-0.2987999999995736,13.305999999999583,-0.069129711645572,0.5,0.5
2019-12-11,5323.862,5333.32,5291.249,5304.881,121161809,5287.8326,110306493.0,0.0089566083635908,0.0111924967887438,1.0984104897614686,-5.963800000000447,-53.55899999999929,-0.0269286191525712,0.45,0.55
2019-12-12,5302.721,5334.261,5292.467,5304.423,119402444,5301.091200000001,114296773.0,0.0083133510108431,0.0110882571836711,1.044670298784376,-11.778599999998733,21.021999999999025,-0.011137353315789,0.45,0.5
2019-12-13,5334.578,5379.291,5327.115,5375.977,122084849,5321.1848,118635618.8,0.0083872365072721,0.0109185813462435,1.0290741535711534,6.834999999998217,72.01200000000063,0.0381440457638702,0.45,0.55
2019-12-16,5391.472,5476.989,5387.546,5476.989,146872459,5357.7262,125545974.8,0.0104027796513217,0.0112254856554808,1.169869916052458,16.447800000000825,29.45799999999963,0.156391907694527,0.45,0.55
2019-12-17,5479.896,5555.251,5475.428,5545.619,177542421,5401.5778,137412796.4,0.0112479354958945,0.0110146064195679,1.292037027491859,7.310199999999895,-32.38199999999961,-0.0186286510419038,0.5,0.55
2019-12-18,5546.277,5575.649,5529.824,5543.787,165702453,5449.359,146320925.2,0.0113150133648367,0.010925508399922,1.1324590298585675,3.929600000000392,-70.46199999999953,-0.2817451090726919,0.5,0.6
2019-12-19,5544.664,5579.816,5534.509,5568.113,154136495,5502.097,153267735.4,0.0113665699356565,0.0108945881979578,1.0056682484264068,4.956799999999021,26.157999999999447,0.0327872162011304,0.55,0.55
2019-12-20,5571.632,5580.339,5501.158,5501.158,149777345,5527.1332,158806234.6,0.0123041931956934,0.010274965738064,0.9431452447522486,-27.70179999999891,-91.28099999999996,0.0642677777580025,0.55,0.6
2019-12-23,5478.568,5485.785,5375.025,5377.087,132183579,5507.1528,155868458.6,0.0131577582735594,0.0105483449572051,0.8480457187250328,-45.01660000000084,-57.11599999999999,-0.0325765223530576,0.55,0.6
2019-12-24,5388.21,5471.736,5386.968,5471.736,112811727,5492.376200000001,142922319.8,0.0133773764487399,0.0109446991935344,0.7893219698495265,5.203800000001138,218.71999999999932,0.0363757771517095,0.6,0.6
2019-12-25,5467.751,5517.196,5461.382,5504.416,124681635,5484.502,134718156.2,0.0137521461277894,0.0109728802702804,0.9254998622078826,6.902399999999034,-61.96899999999914,0.1949016412338623,0.65,0.6
2019-12-26,5503.295,5543.699,5497.905,5543.665,124445644,5479.6124,128779986.0,0.0137768925778982,0.0109464552501947,0.9663430465041362,2.984599999999773,6.568999999999505,-0.0953347080621025,0.7,0.65
2019-12-27,5548.347,5576.259,5494.97,5498.926,155515738,5479.166,129927664.6,0.0138547305530011,0.0111538556145479,1.1969409169230925,4.443200000000616,-83.98799999999937,0.1897546861227027,0.65,0.65
2019-12-30,5478.005,5529.996,5413.869,5529.996,143411820,5509.7478,132173312.8,0.0139349223605664,0.0118893161606265,1.0850285656152518,31.028199999999742,75.80899999999929,-0.3425102217267969,0.65,0.65
2019-12-31,5524.432,5567.86,5520.012,5567.033,132870124,5528.8072,136184992.2,0.0125555039598393,0.0116009121355192,0.975659078533912,-11.522399999999834,5.967000000000553,0.0025428642265008,0.65,0.65
2020-01-02,5603.933,5682.643,5586.14,5676.558,178712563,5563.2356,146991177.8,0.0139275855789556,0.0119878383587931,1.2158046875654056,15.368999999999687,72.48799999999937,0.3495150961128332,0.65,0.65
2020-01-03,5685.085,5717.506,5667.742,5706.044,179006818,5595.7114,157903412.6,0.014019721286504,0.0118691337027254,1.1336475574056086,-1.95259999999962,-80.03899999999976,-0.3223027391912905,0.65,0.65
2020-01-06,5686.161,5803.862,5670.343,5764.733,208487509,5648.8728,168497766.8,0.0156954503644804,0.0125604026551118,1.2373309923298046,20.685599999999795,29.20300000000043,0.1858405650839929,0.65,0.65
2020-01-07,5772.665,5852.361,5772.665,5852.361,203440347,5713.3458,180503472.2,0.0142191062013297,0.0129286416216943,1.1270716541928107,11.3116,28.9389999999994,-0.2139427730611898,0.65,0.7
2020-01-08,5827.381,5858.872,5759.334,5772.475,218974060,5754.434200000001,197724259.4,0.0159488408453701,0.013282414187461,1.107471893759942,-23.38459999999941,-167.5139999999992,0.090659577704125,0.65,0.7
2020-01-09,5815.74,5864.183,5815.74,5864.183,186388460,5791.9592,199259438.8,0.0142009528602361,0.0132989244829545,0.9354059266777378,-3.563400000000911,171.59399999999914,-0.1524662066493353,0.7,0.7
2020-01-10,5879.213,5885.331,5824.652,5851.892,169185946,5821.1288,197295264.4,0.0145305221326739,0.0134234264831831,0.8575266442127538,-8.355399999999463,-103.9989999999998,0.0941866846172201,0.65,0.7
2020-01-13,5844.963,5926.722,5822.423,5926.722,160728794,5853.526599999999,187743521.4,0.0134178705197743,0.0138180611582373,0.8561083375950782,3.228199999998651,87.1210000000001,0.0764609758473083,0.65,0.65
2020-01-14,5939.903,5948.043,5911.693,5914.113,176822328,5865.877,182419917.6,0.0119235830953039,0.0133088424826898,0.9693148112681748,-20.04739999999765,-87.4389999999994,0.1146247802907722,0.6,0.65
2020-01-15,5903.763,5920.085,5859.113,5913.518,160084737,5894.0856,170642053.0,0.0105369945039249,0.0131046789394685,0.9381318038877556,15.85819999999876,12.013999999999214,-0.1443894810535159,0.6,0.6
2020-01-16,5917.231,5934.173,5892.73,5902.131,147953859,5901.675200000001,162955132.8,0.0102891693758534,0.0130424634857086,0.9079423056994986,-20.618999999999687,-10.791999999999462,0.0009935091921622,0.55,0.65
2020-01-17,5913.792,5927.537,5869.174,5879.412,142819686,5907.1792000000005,157681880.8,0.0102006789512423,0.0131319537370796,0.9057457031550068,-2.0856000000003405,-11.332000000000336,0.0279928956437652,0.55,0.6
2020-01-20,5880.133,5954.891,5862.144,5954.867,148360279,5912.8082,155208177.8,0.0097960587202944,0.0131910275393876,0.9558792655318448,0.125,98.17399999999998,0.0523301649213296,0.6,0.6
2020-01-21,5951.998,5951.998,5901.001,5901.858,156332321,5910.3572,151110176.4,0.0102949634071687,0.0125931437660922,1.034558523617738,-8.079999999999927,-128.46399999999994,0.0285456957090552,0.55,0.65
2020-01-22,5867.218,5942.108,5784.68,5919.587,162728303,5911.571,151638889.6,0.0135517252348149,0.0131482661359873,1.0731304049327464,3.664799999999559,70.73800000000028,-0.040107376770885,0.55,0.6
2020-01-23,5852.203,5897.9,5643.841,5699.008,184762621,5870.946400000001,159000642.0,0.0210632875629132,0.0148702488444896,1.1620243709456215,-41.83839999999873,-238.3080000000009,0.0503220846978671,0.5,0.55
2020-02-03,5180.587,5227.072,5179.257,5200.163,84416544,5735.0966,147320013.6,0.0209169337915955,0.0149169640405039,0.5730147719725707,-95.22520000000168,-278.2659999999996,-0.6779035649859264,0.5,0.5
2020-02-04,4923.187,5234.252,4923.187,5212.1,238201147,5586.5432,165288187.2,0.0297381992833811,0.0171618947219826,1.4411262597476175,-12.703599999998914,510.78200000000106,1.457121086748098,0.5,0.5
2020-02-05,5242.329,5414.764,5242.329,5348.341,207940041,5475.8398,175609731.2,0.0344581994042623,0.0177239630270161,1.1841031791295176,37.849999999999454,124.30399999999918,-1.1251345683931468,0.5,0.5
2020-02-06,5353.189,5538.936,5326.211,5515.641,218481717,5395.0506000000005,186760414.0,0.0368528335274003,0.0192225985278775,1.1698502499571457,29.914200000001077,31.058999999999287,0.2427701514457281,0.5,0.5
2020-02-07,5535.129,5588.766,5472.865,5583.595,226928728,5371.968,195193635.4,0.0320884140202226,0.0194104559548063,1.1625826197404794,57.706599999998616,-99.34599999999864,0.0069852989557055,0.5,0.5
2020-02-10,5586.948,5662.422,5567.05,5661.562,218068133,5464.2478,221923953.2,0.0336185387614545,0.0198166684092415,0.9826254888469608,115.36240000000087,10.01299999999901,-0.1726895006768524,0.5,0.5
2020-02-11,5656.522,5666.727,5590.889,5623.258,188157880,5546.4794,211915299.8,0.0243795726126601,0.0193329252840275,0.8878919085954547,-10.04820000000018,-116.27099999999972,0.0852235506420128,0.45,0.5
2020-02-12,5605.931,5754.258,5602.304,5754.258,202279086,5627.6628,210783108.8,0.0232128503502581,0.0199723990642483,0.9596551030658296,-1.048200000000179,169.3040000000001,0.1664967747218808,0.5,0.45
2020-02-13,5758.915,5782.565,5690.005,5707.532,221916197,5666.041,211470004.8,0.0187427650634825,0.0199210795824056,1.049397985354375,-42.805199999999786,-177.72599999999966,0.0179796878181702,0.45,0.5
2020-02-14,5696.104,5783.638,5677.785,5727.829,199679955,5694.8878,206020250.2,0.0182873769912794,0.0204320619875671,0.9692248932139196,-9.531399999999849,67.02299999999923,-0.1699159744290004,0.5,0.45
2020-02-17,5766.546,5936.483,5766.546,5936.483,228914794,5749.872,208189582.4,0.0206434457496579,0.0213448993134876,1.0995497054227243,26.137399999999616,188.35700000000088,0.2104979043492598,0.5,0.5
2020-02-18,5948.649,6072.193,5940.621,6072.193,254099391,5839.659,221377884.6,0.0222797390503649,0.0215483924166751,1.1478083795909575,34.80279999999948,-72.94400000000041,-0.0820661380405715,0.55,0.5
2020-02-19,6058.695,6113.868,6018.051,6018.051,259320330,5892.417600000001,232786133.4,0.0201826135271902,0.0220371566722198,1.1139852972015558,-37.02839999999833,-189.85199999999983,-0.0820817565576348,0.55,0.55
2020-02-20,6032.398,6135.351,5979.054,6134.388,248953942,5977.7888,238193682.4,0.0220349451675517,0.0227955672483124,1.0451744122328577,32.612599999998565,170.47899999999936,-0.0349878025792964,0.6,0.5
2020-02-21,6141.792,6278.481,6136.084,6243.478,277767258,6080.9186,253811143.0,0.0229003141687472,0.0235848481857906,1.0943855920462875,17.758600000000115,-7.246999999999389,0.1180220647821281,0.65,0.55
2020-02-24,6254.321,6399.296,6236.087,6380.415,298299514,6169.705,267688087.0,0.022291076668596,0.024367498742826,1.1143548349239762,-14.343399999999749,27.846999999999756,-0.0292419369357415,0.65,0.6
2020-02-25,6233.524,6420.346,6096.146,6407.143,348239766,6236.695000000001,286516162.0,0.0280774410038589,0.0261187379875663,1.215428000881849,-21.796399999999267,-110.20899999999985,0.0811039230801842,0.7,0.55
2020-02-26,6315.331,6388.063,6200.255,6221.835,327093035,6277.4518,300070703.0,0.0309301824440528,0.0271959614314409,1.090053216558099,-26.23320000000149,-212.0360000000001,-0.2264479502816228,0.65,0.6
2020-02-27,6254.394,6321.116,6135.954,6232.089,268029216,6296.992,303885757.8,0.0317766303459407,0.0273517935260938,0.8820065077758639,-21.216599999998834,195.5619999999999,-0.082671924458485,0.7,0.6
2020-02-28,5999.213,6091.693,5870.909,5870.966,284615928,6222.4896,305255491.8,0.034736381785432,0.0270031217414203,0.93238593783098,-94.04260000000068,-371.3769999999995,0.2584261388373511,0.7,0.6
2020-03-02,5946.833,6143.728,5931.04,6113.411,245865457,6169.0888,294768680.4,0.0365785245096207,0.0282828964223323,0.8340962705615859,21.10160000000087,603.5679999999993,-0.14866909732451,0.7,0.6
2020-03-03,6225.963,6322.275,6132.71,6195.892,294093196,6126.8386,283939366.4,0.0325776236953391,0.0268285940905557,1.03576055595509,11.15059999999903,-159.96399999999994,0.2999539526628981,0.7,0.6
2020-03-04,6146.765,6231.64,6101.052,6226.533,254454054,6127.7782,269411570.2,0.0307351277004539,0.0262651935054887,0.9444807949825758,43.189800000000105,-51.83999999999924,-0.2929440463660183,0.7,0.55
2020-03-05,6312.433,6327.537,6248.977,6315.835,296079776,6144.527400000001,275021682.2,0.027280630145304,0.0249587426805697,1.0765688495232395,15.80960000000141,58.66099999999915,0.2233678155131779,0.7,0.55
2020-03-06,6236.256,6344.077,6225.705,6296.739,266263128,6229.682,271351122.2,0.0235192021343397,0.0248608187699496,0.9812494079304016,68.40539999999783,-108.39800000000014,-0.2274074961335017,0.65,0.5
2020-03-09,6198.197,6239.254,6049.621,6049.621,287184490,6216.924,279614928.8,0.0228303748332361,0.0255858554402777,1.0270713771703308,-97.91259999999876,-228.02199999999905,0.1411414108327673,0.65,0.45
2020-03-10,5965.363,6206.408,5902.387,6206.408,285396200,6219.0272,277875529.6,0.0265083238214877,0.0273607818927626,1.02706488912797,14.86120000000028,403.90499999999975,-0.04582845728229,0.65,0.45
2020-03-11,6219.927,6268.939,6122.909,6122.909,264576806,6198.3024000000005,279900080.0,0.0270837133376383,0.0272329092523338,0.94525448510054,-22.82800000000043,-240.28600000000097,-0.0818039159850693,0.65,0.45
2020-03-12,6026.059,6071.625,5938.926,5999.64,219646037,6135.063400000001,264613332.2,0.0290195633505116,0.027527942252327,0.8300641361259423,-42.51419999999962,-39.76999999999862,-0.0333799449471677,0.6,0.45
2020-03-13,5681.588,5999.769,5681.588,5945.465,251191641,6064.8086,261599034.8,0.0359630935137122,0.0292797479005578,0.9602162377703084,-7.015800000001036,69.09399999999914,0.2453424506189638,0.55,0.4
2020-03-16,5999.545,6007.26,5638.388,5657.775,246604652,5986.4394,253483067.2,0.0427333135052964,0.0311083223791873,0.9728643996777392,-8.114399999999478,-233.51500000000036,-0.1175039397369352,0.5,0.4
2020-03-17,5707.416,5756.201,5436.6,5642.919,207157724,5873.741599999999,237835372.0,0.0442638163573916,0.0328568012195193,0.871013097244425,-34.32860000000073,272.83400000000074,-0.1144994643407449,0.5,0.35
2020-03-18,5702.173,5804.301,5556.108,5556.108,205114829,5760.3814,225942976.6,0.0484279210196858,0.0342942361254577,0.9078167955763756,-0.6623999999983425,-71.95499999999993,0.1386550007652647,0.45,0.35
2020-03-19,5552.509,5641.038,5453.039,5617.195,190815761,5683.8924,220176921.4,0.0506980523707834,0.0346937190531349,0.8666474205683938,36.87119999999868,147.89799999999923,-0.0779730733399322,0.45,0.3
2020-03-20,5676.967,5688.947,5574.617,5670.471,172744000,5628.893599999999,204487393.2,0.0440272040606544,0.0345614703735346,0.8447660136732577,21.490200000000183,-7.810999999999694,0.0192879681128455,0.45,0.3
2020-03-23,5514.926,5575.532,5398.951,5416.571,170338393,5580.6528,189234141.4,0.0375077608298598,0.0349124934195033,0.9001461984597247,6.75800000000072,-307.1759999999995,0.0772615916816031,0.4,0.3
2020-03-24,5522.179,5535.933,5344.418,5517.256,175452306,5555.5202,182893057.8,0.0331226549751619,0.0341181047123451,0.9593163792573433,23.10819999999967,354.58500000000004,0.0037899960111514,0.45,0.3
2020-03-25,5632.408,5652.434,5589.956,5646.625,182114811,5573.6236,178293054.2,0.0264015278819776,0.0331620724849389,1.0214352534211062,43.23599999999988,28.683999999999287,0.0029486933661445,0.45,0.35
2020-03-26,5606.635,5666.126,5582.93,5595.434,165999234,5569.2714,173329748.8,0.0226815414672158,0.0324199468334537,0.9577076938566472,-22.45560000000023,-180.5599999999995,-0.1258464337282219,0.45,0.35
2020-03-27,5659.589,5665.622,5550.535,5553.612,154391842,5545.8996,169659317.2,0.0227936541472719,0.0315757884639946,0.9100109828804616,-19.019599999999627,9.368999999999687,0.0160308485882731,0.4,0.4
2020-03-30,5472.148,5472.148,5362.797,5415.411,159550463,5545.667600000001,167501731.2,0.0203121367211042,0.0308458964723741,0.9525302327143949,23.139800000000832,-96.3789999999999,0.0902159608101188,0.35,0.35
2020-03-31,5465.372,5479.021,5414.306,5427.132,141809524,5527.6428,160773174.8,0.0157546055774691,0.0299123501828776,0.882047170968723,-17.79280000000199,149.92199999999957,-0.113002311579605,0.35,0.35
2020-04-01,5413.547,5491.469,5391.545,5403.303,147263582,5478.9784,153802929.0,0.017240299635848,0.0297883654687874,0.9574822986628556,-30.63959999999861,-35.54999999999927,0.1459181894398046,0.3,0.3
2020-04-02,5376.659,5538.604,5367.565,5538.604,145938759,5467.6124,149790834.0,0.0204428387520595,0.0307104989851426,0.974283640079072,37.29839999999968,159.1300000000001,-0.0586337862779166,0.35,0.3
2020-04-03,5525.775,5558.379,5482.056,5507.119,140577689,5458.313799999999,147028003.4,0.0190700509201935,0.030463500660458,0.9561286676630474,2.0673999999989974,-166.78600000000097,-0.0349563138322406,0.35,0.35
2020-04-07,5605.271,5697.76,5599.816,5695.169,178924142,5514.265399999999,150902739.2,0.018471086092136,0.0297560742870991,1.1856918101590035,65.25020000000131,219.5350000000008,0.2477181149119806,0.35,0.4
2020-04-08,5673.343,5739.3,5661.954,5718.128,183301367,5572.4646,159201107.8,0.018791507845489,0.0279831461888779,1.151382484286959,2.2476000000006024,-165.09100000000035,-0.2638724683680005,0.4,0.4
2020-04-09,5750.887,5802.651,5740.031,5789.265,182524761,5649.657,166253343.6,0.0172561956244658,0.0273314860404943,1.0978712189942386,18.99319999999898,48.17800000000079,-0.0192019394206761,0.45,0.45
2020-04-10,5787.544,5787.544,5619.704,5637.532,191472398,5669.4426,175360071.4,0.017034324776155,0.0277141893415534,1.0918813870875284,-57.40679999999975,-222.8700000000008,0.0475214333860103,0.45,0.5
2020-04-13,5590.319,5613.412,5542.572,5578.856,139328572,5683.789999999999,175110248.0,0.0168021194290418,0.0256732571392904,0.795662010598032,-5.438200000001416,93.0569999999998,-0.2902295445827861,0.45,0.45
2020-04-14,5605.905,5692.001,5599.908,5692.001,142344159,5683.1564,167794251.4,0.0165984470270324,0.0232223576675331,0.8483256000270817,-14.980999999997948,171.82100000000082,0.348882965918546,0.5,0.5
2020-04-15,5689.735,5720.423,5655.222,5657.949,164401927,5671.1206,164014363.4,0.0161979134953275,0.0209666704733619,1.0023629857286025,-11.402200000000448,-147.19700000000103,0.1013737962724709,0.5,0.55
2020-04-16,5626.845,5711.717,5617.054,5700.961,156294197,5653.4598,158768250.6,0.0173555480256449,0.0195633927919841,0.9844172018608864,-5.6250000000009095,77.06400000000122,-0.1719831695692364,0.5,0.55
2020-04-17,5735.901,5764.792,5702.013,5710.053,185552049,5667.964,157584180.8,0.0136000631830756,0.0184396920446265,1.1774789071975174,32.16500000000087,-33.92000000000098,0.2110074892043467,0.5,0.55
2020-04-20,5722.734,5803.402,5714.317,5803.402,163679968,5712.8732,162454460.0,0.0141305702032587,0.0181990986749415,1.007543701785719,30.404999999999745,84.25700000000052,-0.3629969107484293,0.55,0.55
2020-04-21,5780.858,5780.858,5711.166,5773.008,175001519,5729.0746,168985932.0,0.0133091044313497,0.0171726935679056,1.035598152632019,-28.70780000000013,-123.7430000000004,0.1979896562580985,0.5,0.55
2020-04-22,5721.527,5826.583,5710.812,5826.56,168439605,5762.7968,169793467.6,0.0149782527014886,0.0164305699049435,0.9920264152729984,17.520800000000236,83.94600000000082,-0.0716261882053207,0.5,0.5
2020-04-23,5841.403,5846.381,5789.102,5789.482,187886350,5780.501,176111898.2,0.0136360300786247,0.0163720183411459,1.0668577871247995,-16.01800000000003,-90.63000000000102,0.1184031092108219,0.5,0.55
2020-04-24,5782.289,5784.115,5654.217,5675.51,181572077,5773.5924,175315903.8,0.0160146280174338,0.016772963682181,1.0356851435859291,-24.61279999999988,-76.89399999999932,-0.1060040153906717,0.5,0.5
2020-04-27,5675.565,5699.774,5617.519,5645.656,146874427,5742.0432,171954795.6,0.0158584540190867,0.0164652986428952,0.8541455705699434,-24.64060000000063,84.11799999999948,-0.1503669294771155,0.5,0.5
2020-04-28,5641.293,5644.352,5395.573,5561.198,183952128,5699.681200000001,173744917.4,0.0223910025598118,0.0176924100275825,1.0587482543532525,-10.812799999998788,-54.60399999999936,0.3861422567992947,0.45,0.5
2020-04-29,5532.997,5600.764,5524.869,5547.628,143724315,5643.8948,168801859.4,0.0211532211990091,0.0177802238103285,0.8514379848116768,-13.424400000001697,70.88799999999901,-0.4119129533248843,0.45,0.5
2020-04-30,5572.573,5695.211,5572.573,5678.166,160186056,5621.6316,163261800.6,0.0234941291420148,0.0179354757176875,0.9811606598194044,33.52320000000054,144.10800000000108,0.337032944549303,0.45,0.55
2020-05-06,5636.867,5802.465,5632.033,5802.419,160515351,5647.013400000001,159050455.4,0.024791152866778,0.0178600422108606,1.0092102571873554,47.64500000000135,-6.285000000000764,-0.1016730776397764,0.5,0.55
2020-05-07,5809.538,5837.33,5787.608,5795.872,162316275,5677.0566,162138825.0,0.0235930039644876,0.0175960369039687,1.0010944325025175,4.661399999998139,-130.79999999999927,-0.0361654220527889,0.45,0.55
2020-05-08,5825.737,5885.996,5822.81,5862.766,161392585,5737.370199999999,157626916.4,0.0168015481972788,0.0172750255538682,1.0238897561787232,30.270400000000336,73.4409999999989,0.0309111483610435,0.45,0.55
2020-05-11,5892.566,5902.161,5813.671,5851.804,158065336,5798.2054,160495120.6,0.0170897903603382,0.0173547944390408,0.9848606948864465,0.5216000000009444,-77.85599999999886,-0.0618243849684826,0.4,0.55
2020-05-12,5847.702,5869.586,5780.094,5869.507,141835687,5836.4736,156825046.8,0.0158195434510351,0.0175763126743299,0.9044198608203444,-22.567000000000007,28.66499999999905,-0.0414117727738251,0.45,0.5
2020-05-13,5849.46,5923.26,5835.329,5917.027,139578278,5859.3952,152637632.2,0.0129171624976524,0.0168307516412349,0.9144421070231984,-15.346600000000764,29.81700000000092,0.0904630802689562,0.5,0.55
2020-05-14,5889.138,5915.605,5861.775,5863.236,158974226,5872.868,151969222.4,0.0130375770052104,0.0166549012980109,1.046094883486092,-9.44879999999921,-101.3110000000006,0.1216305302600392,0.45,0.55
2020-05-15,5886.778,5924.766,5859.901,5889.977,155187827,5878.3102,150728270.8,0.013084630950055,0.0163965715346238,1.0295867270043677,-8.030600000000959,80.53200000000015,-0.1481609329446178,0.5,0.5
2020-05-18,5905.924,5916.709,5841.717,5860.043,175785977,5879.9580000000005,154272399.0,0.012619699591084,0.01646024096298,1.139451892493096,-3.794399999998859,-56.67500000000018,0.1263733219704528,0.45,0.55
2020-05-19,5896.154,5936.664,5886.902,5936.599,151779169,5893.3764,156261095.4,0.0112467603894378,0.0160491157652781,0.9713177077856322,11.770599999998922,106.49000000000068,-0.277999350196192,0.45,0.5
2020-05-20,5928.47,5928.47,5844.58,5865.841,161717837,5883.1392,160689007.2,0.0111349148204545,0.0162144645505797,1.0064026147023206,-23.65560000000005,-147.3140000000003,0.203219091624152,0.4,0.55
2020-05-21,5878.724,5883.781,5780.106,5791.64,152293102,5868.82,159352782.4,0.0128788878008675,0.0163419806974131,0.9556977901880676,-4.081999999999425,-3.443000000000211,-0.0857897314309413,0.4,0.5
2020-05-22,5782.625,5782.66,5643.396,5683.996,143844880,5827.623799999999,157084193.0,0.0155765470781107,0.0169634321963141,0.915718362572611,-26.877000000000407,-33.44300000000021,0.0107253968987962,0.35,0.5
2020-05-25,5674.302,5691.14,5640.279,5671.972,115873608,5790.0096,145101719.2,0.0148105269932057,0.0164183095359093,0.7985681261314788,3.582000000001244,95.61999999999988,-0.0771708088256755,0.35,0.45
2020-05-26,5690.399,5808.549,5690.399,5808.549,125079483,5764.3996,139761782.0,0.0172022205429624,0.0169406633813625,0.8949476831942512,12.004199999998493,148.60100000000057,0.2135297935039046,0.4,0.5
2020-05-27,5813.984,5817.061,5758.181,5772.083,145944599,5745.647999999999,136607134.4,0.0163820963292706,0.0163063316285389,1.0683526862708277,6.858400000000074,-173.04300000000055,0.077025446013804,0.4,0.55
2020-05-28,5769.787,5790.182,5675.495,5758.928,149011880,5739.1056,135950890.0,0.0167848647274853,0.0165735833745127,1.0960713828353754,12.209200000001148,23.311000000000604,-0.1456863065120287,0.4,0.55
2020-05-29,5744.234,5834.621,5732.379,5816.4,146234702,5765.5864,136428854.4,0.0154002955765368,0.0152157554504953,1.071875173643619,33.02319999999963,70.6269999999995,-0.0519149057563042,0.45,0.55
2020-06-01,5855.331,5996.416,5855.331,5993.785,182804490,5829.949,149815030.8,0.0183145902533667,0.0157086517994987,1.2202012643446989,37.8817999999992,119.91300000000048,0.1725222998928361,0.45,0.55
2020-06-02,6012.566,6021.265,5978.772,6002.836,194954803,5868.8064,163790094.8,0.0156622127716273,0.0149826842887657,1.1902722398326615,-25.50519999999869,-168.33399999999983,-0.1782551152131166,0.45,0.55
2020-06-03,6010.409,6043.104,5987.572,5994.638,192954778,5913.3174,173192130.6,0.0154747704514238,0.0139772360247003,1.114108229580265,5.6535999999987325,-17.249000000000706,-0.0462349857403598,0.45,0.5
2020-06-04,6004.459,6016.117,5973.2,6006.765,172027794,5962.884800000001,177795313.4,0.0129207972034441,0.0139055316842518,0.9675609030985852,5.056400000001304,20.325000000000728,-0.0703833162292828,0.45,0.45
2020-06-05,6009.884,6028.998,5970.15,6015.327,163123246,6002.6702000000005,181173022.2,0.0113617536475826,0.0138558068130713,0.9003727156459612,-9.782000000001062,-3.5650000000005093,0.0793591390290556,0.5,0.45
2020-06-08,6039.246,6049.856,5993.171,6001.432,157469710,6004.1996,176106066.2,0.0085430930585179,0.0135719774740436,0.8941753875824183,-38.25600000000031,-22.45700000000033,0.0609908593890811,0.45,0.5
2020-06-09,6005.836,6042.36,5979.231,6042.335,147305077,6012.099400000001,166576121.0,0.0092168853477382,0.0133320197629414,0.8843108851117982,6.370400000001609,54.79800000000069,-0.0036671744070772,0.45,0.45
2020-06-10,6033.488,6049.689,6007.985,6049.322,145670199,6023.0362000000005,157119205.2,0.0087429621095991,0.012933685927687,0.9271317202411612,3.036999999998443,-33.91600000000017,0.0526853375999831,0.5,0.45
2020-06-11,6050.121,6107.337,5999.513,6027.409,161281051,6027.164999999999,154969856.6,0.0108917959853588,0.0133690864292889,1.0407253032200328,-6.808000000000902,-28.900000000000546,0.0707727478495083,0.45,0.5
2020-06-12,5901.07,6058.774,5888.228,6031.171,158717942,6030.3338,154088795.8,0.0145906796018442,0.0142323189760186,1.0300420687692855,-0.959999999997308,25.67500000000109,-0.1242768174296187,0.5,0.45
2020-06-15,6031.093,6106.45,6028.936,6028.955,169084773,6035.838400000001,156411808.4,0.0152730213510078,0.0142353079140246,1.081023068076745,2.335799999998926,-5.978000000000975,0.0616642337582067,0.45,0.5
2020-06-16,6076.605,6151.686,6064.257,6151.686,160014620,6057.7086,158953717.0,0.0160259051805701,0.0145268059607245,1.0066742887176396,16.365599999999176,124.94700000000012,-0.1253297786665648,0.5,0.5
2020-06-17,6160.202,6178.141,6124.218,6178.141,173539704,6083.4724,164527618.0,0.016392712036058,0.0142481352315879,1.0547755210313687,3.893600000000333,-96.27599999999984,0.1224500116728344,0.55,0.55
2020-06-18,6168.051,6168.235,6121.065,6149.289,162112225,6107.848400000001,164693852.8,0.014349083744808,0.013736635415274,0.98432468634312,-1.387799999998606,-55.30699999999979,-0.1185520670019777,0.55,0.6
2020-06-19,6147.884,6198.051,6140.519,6187.108,152205993,6139.0358,163391463.0,0.0105533362907742,0.0129765162791844,0.9315418945725455,6.811399999997775,66.67100000000028,0.0176680429176742,0.6,0.6
2020-06-22,6204.499,6246.045,6204.499,6228.016,160944754,6178.848,161763459.2,0.0093161102394653,0.0128617037255895,0.9949388743041916,8.624800000001414,3.0889999999990323,0.1161797715022202,0.6,0.6
2020-06-23,6229.646,6245.152,6196.687,6238.897,152363808,6196.2902,160233296.8,0.0080273099822761,0.0122330783205529,0.9508873064640082,-22.36999999999989,-30.02699999999913,-0.107448547571829,0.65,0.6
2020-06-24,6242.56,6258.825,6210.968,6227.57,144540469,6206.176,154433449.8,0.0078186437514691,0.0121072720871375,0.9359401683196744,-7.556400000000394,-22.20800000000054,0.0291044296958494,0.65,0.65
2020-06-29,6214.884,6233.269,6190.413,6211.382,143407567,6218.594599999999,150692518.2,0.0076644009975345,0.0114565194827864,0.9516568487472526,2.5327999999990425,-4.860999999999876,0.030663818571912,0.6,0.65
2020-06-30,6239.611,6330.088,6236.639,6319.556,144583784,6245.084199999999,149168076.4,0.0087621175805238,0.0113169717801812,0.9692676039630151,14.071000000000822,124.36200000000008,0.0018940747881842,0.6,0.65
2020-07-01,6341.543,6357.104,6267.136,6339.369,176108739,6267.354799999999,152200873.4,0.0102663424871412,0.0108496417840331,1.1570810013498911,-4.219000000000051,-88.36099999999988,0.1702026421711134,0.6,0.65
2020-07-02,6341.952,6416.956,6316.959,6413.952,208171938,6302.3658000000005,163362499.4,0.0118308112496106,0.0112752279400488,1.2742945214757162,12.7404000000015,54.77000000000044,-0.0705998772610508,0.65,0.7
2020-07-03,6424.094,6479.247,6397.51,6478.353,221048096,6352.5224,178664024.8,0.0128172597549328,0.0114428944130147,1.2372277868890815,15.145599999998012,-10.182000000000698,-0.1542802547124597,0.65,0.75
2020-07-06,6516.922,6732.616,6516.922,6725.996,304890186,6455.4452,210960548.6,0.0178510829535026,0.012689090920301,1.4452474077420938,52.766200000000936,183.2420000000002,0.2450863554396469,0.65,0.75
2020-07-07,6784.822,6917.538,6711.315,6817.865,331205124,6555.106999999999,248284816.6,0.020943117447108,0.0137123127300625,1.3339725261315074,-3.2610000000013315,-155.77400000000034,-0.3192945024635987,0.7,0.75
2020-07-08,6817.831,6973.997,6769.208,6973.997,303883025,6682.0326000000005,273839673.8,0.0239776582404067,0.0147082830795052,1.1097114628537803,27.263800000002448,64.26300000000083,-0.1129861816671407,0.7,0.8
2020-07-09,6976.718,7187.76,6972.004,7182.177,344438868,6835.6776,301093059.8,0.0268676442276579,0.0156879176600287,1.143961498909315,26.71939999999813,52.04799999999887,0.2585110993332618,0.7,0.8
2020-07-10,7161.619,7238.378,7105.759,7150.425,316909079,6970.092,320265256.4,0.0280536578415901,0.0162705683460125,0.9895206322480132,-19.230599999999868,-239.93199999999888,-0.1886909027168365,0.7,0.8
2020-07-13,7179.972,7403.086,7179.972,7403.086,315544264,7105.51,322396072.0,0.0276675107314458,0.0168830196068227,0.9787472348608516,1.003600000000915,284.4129999999996,0.1436674692741403,0.7,0.85
2020-07-14,7412.272,7447.509,7201.49,7344.988,334328131,7210.9346,323020673.4,0.0283169842441807,0.0171438888906467,1.0350053681734417,-29.9934000000012,-310.759,0.0670315306997514,0.7,0.85
2020-07-15,7355.563,7368.002,7096.576,7131.463,307301021,7242.4278,323704272.6,0.030056124322289,0.0184040588223256,0.9493264285075734,-73.93139999999858,-155.4270000000006,-0.1419370729784579,0.65,0.8
2020-07-16,7130.043,7165.766,6748.503,6758.141,280755485,7157.6206,310967596.0,0.0363964845588844,0.0207805625046073,0.902844825671161,-116.300400000001,-159.79699999999957,0.0391973368294555,0.6,0.75
2020-07-17,6759.104,6885.854,6690.454,6772.533,208176424,7082.042200000001,289221065.0,0.0384574495329236,0.0217867527202289,0.719783062827737,9.228800000000774,387.7140000000009,-0.1365801600070115,0.65,0.7
2020-07-20,6851.317,7003.667,6789.313,7003.667,219450622,7002.1584,270002336.6,0.038551048463735,0.0229335107865545,0.8127730476833214,-4.3054000000011,216.74199999999928,0.2760517476990084,0.65,0.75
2020-07-21,7026.976,7067.32,6977.471,7058.791,217536562,6944.919,246644022.8,0.0343978192496614,0.0231050096303685,0.8819859469142586,22.64440000000013,-176.01000000000022,-0.0237770856246472,0.65,0.75
2020-07-22,7050.401,7181.194,7020.549,7125.569,228498916,6943.7402,230883601.8,0.0312947218751571,0.0238987117312485,0.9896714804281956,56.060600000000704,11.654000000000453,0.0384726342829997,0.65,0.75
2020-07-23,7068.4,7130.453,6921.186,7119.671,244783429,7016.0462,223689190.6,0.0248248250309118,0.0249799412667662,1.0943015545070331,73.48479999999927,-72.67600000000039,-0.0030554594350993,0.65,0.75
2020-07-24,7098.514,7133.696,6766.51,6784.634,265481767,7018.4664,235150259.2,0.029878505567046,0.0273017181741231,1.12898777106685,-69.88579999999911,-329.1390000000001,-0.0699438575190208,0.65,0.8
2020-07-27,6807.983,6839.827,6717.325,6786.529,191464459,6975.0388,229553026.6,0.0273674640148455,0.0278592765408822,0.8340750798883172,-45.84780000000046,336.9320000000007,-0.3295989077383494,0.65,0.75
2020-07-28,6835.563,6886.444,6796.824,6857.943,184867890,6934.869200000001,223019292.2,0.0274353423074432,0.0277733158120983,0.8289322783529128,3.2580000000007203,69.51899999999932,0.2897698896431283,0.65,0.75
2020-07-29,6843.836,7060.535,6816.311,7060.535,204312743,6921.862400000001,218182057.6,0.0298443717317334,0.0287932190423966,0.936432377838204,27.16279999999915,131.17799999999988,0.1126429010206956,0.65,0.75
2020-07-30,7082.72,7107.483,7029.019,7048.981,234198735,6907.724400000001,216065118.8,0.0261920644373597,0.0285702545637035,1.0839266249948716,-1.131199999999808,-214.14599999999973,0.0399941476713762,0.6,0.75
2020-07-31,7030.305,7143.594,6997.632,7141.592,232331248,6979.116,209435015.0,0.0194556770448278,0.0289613224965969,1.109323806241282,85.52959999999894,104.16499999999996,-0.122097065910257,0.6,0.7
2020-08-03,7204.173,7373.358,7193.069,7373.341,273951455,7096.4784,225932414.2,0.0207358185155673,0.0285804604313984,1.212537191575763,45.97080000000096,139.13800000000083,0.0778162040880705,0.6,0.7
2020-08-04,7398.986,7406.258,7296.12,7326.19,276232099,7190.127799999999,244205256.0,0.0211288992528391,0.0278197612635311,1.1311472305084211,-23.713000000000648,-278.90000000000146,-0.1846033464018228,0.55,0.7
2020-08-05,7340.554,7442.388,7284.675,7427.19,246411105,7263.4588,252624928.4,0.0184578055727362,0.027413255875479,0.9754029681894212,-20.31839999999829,148.15100000000075,-0.0743543012516581,0.55,0.65
2020-08-06,7425.547,7457.159,7309.361,7432.766,254526747,7340.2158,256690530.8,0.020208486048137,0.0269054650188233,0.9915704572612928,3.425999999998566,-95.42399999999998,0.1719117513908716,0.6,0.65
2020-08-07,7407.684,7417.094,7209.944,7339.811,243946170,7379.859599999999,259013515.2,0.0217653855542964,0.0273892544247734,0.9418279575551662,-37.11320000000069,-98.53099999999996,-0.0659099887779983,0.55,0.6
2020-08-10,7319.543,7414.097,7288.749,7358.862,225892914,7376.963799999999,249401807.0,0.0202818146647366,0.0267340364147211,0.9057388826376868,-42.53959999999916,112.00600000000033,0.0136534247886471,0.6,0.55
2020-08-11,7358.728,7377.823,7203.789,7213.446,229927964,7354.414999999999,240140980.0,0.0221003888290288,0.0262656124097431,0.9574707490574912,-19.652999999999334,-164.46700000000055,0.0878209413372839,0.6,0.6
2020-08-12,7176.887,7196.281,6932.295,7092.355,210726322,7287.447999999999,233004023.4,0.025297720853794,0.0262236550083552,0.9043891986287478,-44.41820000000007,24.324999999999815,-0.1048134168485478,0.6,0.6
2020-08-13,7112.336,7158.95,7076.776,7113.929,191269926,7223.6806,220352659.2,0.0236310178062348,0.0237140983306608,0.868017325928418,3.1995999999999185,142.66500000000087,0.0167096777284135,0.6,0.6
2020-08-14,7103.071,7183.958,7058.54,7183.958,175757774,7192.509999999999,206714980.0,0.021478071134456,0.0231444098251566,0.8502420772795469,32.59679999999935,48.45499999999902,0.0185966240514587,0.6,0.55
2020-08-17,7206.38,7339.694,7194.124,7339.694,207192411,7188.676399999999,202974879.4,0.0220379991171385,0.022605774078072,1.020778589017849,27.337000000000444,85.70700000000124,0.1883117603871728,0.6,0.55
2020-08-18,7348.419,7422.137,7339.891,7410.241,215555413,7228.035400000001,200100369.2,0.0194325253762636,0.0225242889413937,1.077236458192402,43.19260000000122,-85.18900000000122,-0.1140786425637483,0.6,0.55
2020-08-19,7397.883,7397.883,7248.888,7256.131,216784392,7260.7906,201311983.2,0.0160950183746889,0.0224237291332381,1.0768578628755967,-6.603800000001684,-224.65699999999924,-0.0568364644913588,0.6,0.55
2020-08-20,7196.355,7257.009,7126.037,7151.262,183396773,7268.2572,199737352.6,0.0174476960205926,0.021869816078081,0.9181896656419386,-25.28859999999986,49.24099999999908,-0.1582896019168527,0.6,0.5
2020-08-21,7182.303,7244.164,7137.053,7194.274,173774553,7270.3204,199340708.4,0.0169337568130972,0.0199082226366694,0.8717464405278496,-5.403400000000147,147.88100000000122,0.112224972119569,0.6,0.5
2020-08-24,7212.531,7267.092,7119.939,7253.64,167551942,7253.109600000001,191412614.6,0.0170244624632078,0.0200200236901626,0.8753443045022802,-19.273999999998523,16.35399999999936,0.0500410890885196,0.6,0.5
2020-08-25,7258.01,7283.282,7188.171,7213.682,195115712,7213.7978,187324674.4,0.0174416308749989,0.0200258610832826,1.0415910911093516,-22.10100000000148,-99.32400000000052,0.1626489226326407,0.55,0.5
2020-08-26,7209.511,7211.296,7010.081,7037.978,199859576,7170.167200000001,183939711.2,0.019052874380694,0.0197258547954783,1.0865493628110034,-4.318799999999101,-135.7459999999992,-0.1212885149054194,0.55,0.45
2020-08-27,7041.52,7125.877,6998.028,7113.803,171559195,7162.6754,181572195.6,0.0189843609278055,0.0200678902006925,0.9448538881907974,36.13879999999881,251.52899999999957,-0.1866537463218579,0.55,0.45
2020-08-28,7102.272,7208.415,7083.134,7204.782,174713277,7164.777,181759940.4,0.0194844052879904,0.01991540469746,0.9612309324898964,9.593400000000656,15.154000000000453,0.158072518919305,0.55,0.45
2020-08-31,7238.659,7308.596,7221.554,7224.046,184766841,7158.858200000001,185202920.2,0.0178368345768375,0.0192952777054801,0.9976453978180848,-8.020399999999427,-71.71500000000015,0.0200374210290893,0.6,0.45
2020-09-01,7216.645,7258.887,7169.402,7258.887,164072651,7167.8992,178994308.0,0.0176654028085914,0.0191599869722207,0.9166361368317923,14.959799999998722,15.576999999999316,-0.1174237263144807,0.6,0.45
2020-09-02,7270.948,7301.273,7197.212,7272.624,199255967,7214.8284,178873586.2,0.0148091434236042,0.0188136892581953,1.1139485221546923,37.888200000001234,-21.10399999999936,0.2783216463091924,0.6,0.45
2020-09-03,7263.604,7265.899,7165.77,7189.86,189863756,7230.0398,182534498.4,0.01400003466366,0.0185157773545732,1.0401527254532394,-31.71780000000126,-96.5010000000002,-0.2711081820243531,0.6,0.45
2020-09-04,7064.281,7189.127,7045.551,7182.106,170637849,7225.5046,181719412.8,0.0145204754275834,0.0181041771657818,0.9390182720203022,-19.74659999999858,75.01000000000022,-0.0273386567314841,0.55,0.45
2020-09-07,7189.969,7240.046,7027.921,7057.194,211259977,7192.1342,187018040.0,0.0181222862181286,0.0187553955938281,1.129623521880563,-28.83520000000044,-117.15799999999945,0.2917397032931981,0.55,0.45
2020-09-08,7070.679,7108.645,6981.573,7103.086,210910537,7160.973999999999,196385617.2,0.0192346945376765,0.0184435633993826,1.0739612198036264,2.210199999998622,170.80399999999918,-0.2462675519371975,0.6,0.45
2020-09-09,7023.295,7034.488,6871.772,6877.602,258714909,7081.969599999999,208277405.6,0.0211047419207144,0.0177654445249254,1.2421650262768589,-47.84419999999864,-271.3760000000002,0.2238661085501692,0.55,0.45
2020-09-10,6921.459,6938.077,6615.563,6633.89,215057643,6970.775600000001,213316183.0,0.0280426824336353,0.0196186935114234,1.0081637500517249,-32.18959999999879,-18.22799999999916,-0.4022050826983665,0.5,0.45
2020-09-11,6592.9,6746.175,6591.307,6742.06,151139928,6882.7664,209416598.8,0.0286386091635264,0.0198943116730494,0.7217189509621622,23.184799999998177,351.8819999999996,-0.0524435228644286,0.5,0.4
2020-09-14,6781.696,6871.051,6762.241,6848.359,171065211,6840.999400000001,201377645.6,0.0258047086150437,0.0196970729683044,0.8494746797258216,46.242200000000594,-1.8710000000000944,0.414200527853222,0.5,0.4
2020-09-15,6861.026,6883.023,6818.224,6881.586,154497971,6796.6994,190095132.4,0.024110028526172,0.0196129391868597,0.8127402792981773,-2.5330000000003565,-73.07200000000012,-0.1644901291913036,0.55,0.4
2020-09-16,6871.072,6871.072,6777.432,6812.911,136829449,6783.761200000001,165718040.4,0.0221271613851243,0.0192734802775342,0.8256762430314135,31.361800000000585,-101.90200000000004,0.0496703641608805,0.55,0.45
2020-09-17,6800.353,6876.014,6746.218,6825.152,138963661,6822.0136,150499244.0,0.0162073982336153,0.019308619064679,0.923351222947007,51.190599999998994,80.91600000000017,0.0847390161823572,0.55,0.45
2020-09-18,6822.972,6933.658,6811.905,6929.767,151994574,6859.555,150670173.2,0.015127225984743,0.0194426789659608,1.008790066221282,-0.7109999999993306,92.3739999999998,-0.0122361366413186,0.55,0.45
2020-09-21,6951.753,6975.133,6912.036,6927.19,147689314,6875.3212,145994993.8,0.0137712503411078,0.0188837699377794,1.0116053308123774,-21.77520000000004,-107.192,-0.0826235786831793,0.55,0.45
2020-09-22,6862.338,6912.097,6793.681,6815.777,135534517,6862.1594,142202303.0,0.0153627541869166,0.0190932200148391,0.9531105624920856,-28.928000000000797,-108.83599999999932,-0.0613100329113871,0.55,0.45
2020-09-23,6839.472,6881.481,6805.134,6862.966,118540658,6872.1704,138544544.8,0.0148387539065232,0.0182199501589915,0.8556140421921541,23.17280000000119,158.60199999999986,-0.0390017519796399,0.55,0.45
2020-09-24,6814.009,6814.009,6675.058,6675.151,131268051,6842.170199999999,137005422.8,0.0151985244893197,0.0183621599550576,0.9581230313169764,-40.011200000001736,-235.0040000000008,0.2000055094247539,0.5,0.4
2020-09-25,6703.622,6717.243,6604.675,6634.389,103410915,6783.094599999999,127288691.0,0.0150780812449634,0.0183410979552041,0.8124124318318271,-29.0753999999979,147.0530000000008,-0.2482195886099716,0.45,0.35
2020-09-28,6649.182,6660.182,6550.002,6550.369,96264154,6707.7304,117003659.0,0.0166204466172482,0.0185796729478821,0.8227448168949998,-16.28859999999986,-43.25800000000072,0.156042984548322,0.4,0.35
2020-09-29,6585.182,6651.739,6562.82,6621.032,95051523,6668.7814,108907060.2,0.0158316409510402,0.0186347795504513,0.8727765015917673,36.41519999999855,154.6830000000009,0.0396992996335948,0.4,0.3
2020-09-30,6641.385,6665.881,6584.885,6617.158,95018529,6619.6198,104202634.4,0.0160548028812332,0.0185313650233988,0.9118630209986324,-10.212599999998927,-74.53700000000026,-0.0109451652899026,0.4,0.35
2020-10-09,6737.528,6828.976,6727.393,6822.364,126973237,6649.0624,103343671.6,0.0148695125884786,0.0185795294362622,1.2286503375984177,78.60419999999885,209.07999999999905,0.2777007971929205,0.45,0.4
2020-10-12,6881.626,7036.275,6875.7,7036.275,171267161,6729.439600000001,116914920.8,0.0160402473761315,0.0187210409423411,1.4648871147334346,50.93460000000141,8.705000000000837,-0.0805505394647685,0.5,0.4
2020-10-13,7023.436,7059.243,6989.672,7053.872,145584911,6830.1402,126779072.2,0.0146487241055075,0.0177112824197268,1.148335513690563,20.3233999999984,-196.3139999999994,-0.5527883781778884,0.5,0.45
2020-10-14,7036.87,7036.87,6975.187,6988.609,138335733,6903.6556,135435914.2,0.0137280121850344,0.0172581089622908,1.0214110032566237,-27.185199999998986,-82.86000000000058,0.1896270906089321,0.5,0.5
2020-10-15,6991.736,6992.295,6924.186,6926.846,129563641,6965.5932,142344936.6,0.013246474871514,0.0165667982610987,0.9102089901805472,-11.577800000000025,3.4999999999990905,0.0157224973578627,0.5,0.5
2020-10-16,6924.811,6942.627,6846.165,6906.388,116392184,6982.397999999999,140228726.0,0.0130619473665849,0.0148343456694996,0.8300166971494842,-45.132800000001225,41.3050000000012,0.0310097200450136,0.45,0.5
2020-10-19,6943.8,6947.95,6843.0,6858.356,120084585,6946.814199999999,129992210.8,0.0115582427981062,0.014450949350986,0.923782927153663,-52.38859999999932,-27.574000000000524,0.1739585230352416,0.4,0.5
2020-10-20,6846.362,6923.384,6804.84,6923.384,113726512,6920.7166,123620531.0,0.013010133329217,0.0145126385982701,0.9199645971428484,9.48620000000119,113.0600000000004,-0.0975845600149932,0.4,0.45
2020-10-21,6926.533,6926.691,6793.493,6815.093,115787266,6886.013400000001,119110837.6,0.0151538015191129,0.015019052210526,0.972096816150674,-8.605599999999868,-173.3190000000004,0.0559505490186402,0.4,0.45
2020-10-22,6788.004,6800.045,6714.148,6771.808,107660596,6855.005799999999,114730228.6,0.0157241788465027,0.0149660526264432,0.9383803842608224,3.6955999999972846,65.00600000000031,-0.0858486508976773,0.35,0.45
2020-10-23,6774.767,6811.33,6627.696,6641.329,110708760,6801.994000000001,113593543.8,0.0184608027188912,0.0153976967908186,0.9746043331029524,-22.004199999996672,-87.19400000000041,0.0699403807319815,0.3,0.4
2020-10-26,6620.188,6674.575,6545.788,6648.521,98661452,6760.027,109308917.2,0.0192744573741492,0.0154877571983376,0.902592894772541,11.04479999999785,137.67100000000028,-0.1082353871725412,0.35,0.35
2020-10-27,6630.719,6689.032,6620.093,6682.537,100707026,6711.8576,106705020.0,0.0179132631336292,0.0155481417964005,0.9437890176113553,-6.202399999999216,26.824000000000524,0.1132075611692254,0.4,0.4
2020-10-28,6680.441,6700.471,6589.769,6685.429,115349880,6685.924800000001,106617542.8,0.0173160905644839,0.0155073863049178,1.0819033807258218,22.23660000000018,-31.124000000000706,0.0969182402756525,0.4,0.45
2020-10-29,6592.892,6698.724,6573.698,6674.742,116175399,6666.5116,108320503.4,0.0185254326992784,0.0158877223246321,1.0725153166154875,6.519599999998718,-13.578999999999724,-0.147502427224801,0.4,0.45
2020-10-30,6685.594,6694.524,6502.121,6511.158,136545161,6640.477400000001,113487783.6,0.0189053421627538,0.0163244012091771,1.2031705675147224,-6.620999999998276,-152.8969999999999,0.1400433150095692,0.4,0.5
2020-11-02,6517.422,6537.323,6461.707,6513.788,123187315,6613.5308,118392956.2,0.017352908541624,0.0160564640225027,1.0404953043988607,-0.912400000001071,166.21399999999903,-0.2933305140150966,0.45,0.5
2020-11-03,6538.283,6647.575,6518.664,6647.575,125339563,6606.5384,123319463.6,0.0191680871047917,0.0161850519182864,1.0163810264902904,19.954200000000128,131.15700000000106,0.1385609852072913,0.45,0.55
2020-11-04,6652.581,6658.584,6585.8,6632.682,113033552,6595.989,122856198.0,0.0180510554619327,0.016062239932641,0.9200476153429394,-3.5570000000006985,-148.6800000000003,-0.0722191332387806,0.45,0.55
2020-11-05,6685.203,6756.896,6665.813,6754.949,136534629,6612.030400000001,126928044.0,0.0170015916027268,0.0161244195050055,1.0756852835453763,26.590800000001764,137.15999999999983,0.2519710793497878,0.45,0.55
2020-11-06,6771.183,6771.183,6645.57,6688.662,138608165,6647.5312,127340644.8,0.0148476422376613,0.0163189336214728,1.088483297832335,19.459399999998823,-188.5539999999992,-0.142839653915478,0.4,0.55
2020-11-09,6723.429,6873.436,6723.429,6851.984,167674029,6715.1704,136237987.6,0.0169044192472177,0.0162725069902743,1.2307435830034237,32.13839999999982,229.60899999999947,0.1294622708841297,0.4,0.5
2020-11-10,6854.701,6854.773,6747.743,6779.491,146370421,6741.553600000001,140444159.2,0.0161834465549289,0.0165687325306417,1.0421965700372111,-41.255999999998494,-235.8150000000005,-0.3308072981373011,0.4,0.5
2020-11-11,6761.349,6771.534,6659.283,6663.731,130925314,6747.763400000001,144022511.6,0.0173577521372616,0.0169696749206978,0.9090614553620936,-20.173400000001493,-43.26699999999983,0.055411898291095,0.4,0.5
2020-11-12,6680.196,6702.302,6647.768,6676.422,112641881,6732.058,139243962.0,0.0162946033295544,0.0168864516195156,0.8089534323937149,-21.915200000000368,128.45100000000002,0.0330270917067387,0.45,0.5
2020-11-13,6663.222,6700.205,6621.5,6686.392,109345005,6731.603999999999,133391330.0,0.0148927899322975,0.0167766442629009,0.819730975019141,15.251400000000103,-2.720999999999549,0.1108855655938049,0.5,0.45
2020-11-16,6703.182,6747.811,6668.423,6747.811,135652613,6710.7694,126987046.8,0.0128672917816989,0.0165997692361725,1.0682397647505573,-20.380599999998594,51.448999999999614,0.23773124710599,0.5,0.5
2020-11-17,6743.869,6743.869,6637.518,6681.724,143321097,6691.215999999999,126377182.0,0.0128931677084229,0.0165394911254432,1.134074163799601,1.2811999999985346,-127.5059999999994,-0.1826743906823724,0.5,0.5
2020-11-18,6673.595,6723.608,6653.647,6682.125,134446332,6694.894799999999,127081385.6,0.011618128759713,0.0160857567308478,1.0579545648265265,23.232200000000372,66.48799999999937,-0.1419539980221182,0.55,0.5
2020-11-19,6664.832,6725.491,6625.09,6718.458,134931805,6703.301999999999,131539370.4,0.012973310075116,0.0161987344266689,1.0257902602824074,4.728399999999965,35.93199999999979,0.0439552944289554,0.6,0.5
2020-11-20,6713.648,6770.056,6701.49,6766.06,133167459,6719.2356,136303861.2,0.0126458886266079,0.0153229157398301,0.9769896305769512,7.5264000000015585,11.269000000001142,-0.0166363251613371,0.6,0.55
2020-11-23,6776.244,6833.623,6738.647,6807.718,166030510,6731.217,142379440.6,0.0130831333571673,0.015051938231927,1.1661129535298933,-3.95220000000154,-5.944000000001324,0.2379239526583985,0.6,0.55
2020-11-24,6798.831,6827.473,6785.25,6807.997,143456517,6756.4716,142406524.6,0.0111401874502491,0.0148462222045982,1.007373204303309,13.273200000000545,-41.378999999999,-0.3478630721795265,0.6,0.55
2020-11-25,6816.231,6817.756,6691.874,6691.874,151667249,6758.421399999999,145850708.0,0.0128084474685429,0.0149588459568625,1.039880101233379,-23.3048000000008,-116.40200000000095,0.1912466461566542,0.6,0.6
2020-11-26,6678.136,6693.872,6597.766,6643.185,124948306,6743.366800000001,143854008.2,0.0127130078198286,0.0147456282068065,0.8685771607161934,-17.004399999997986,67.4340000000011,-0.2038098374472554,0.6,0.55
2020-11-27,6639.599,6644.35,6578.724,6641.773,119054618,6718.5094,141031440.0,0.0126624039060558,0.0137621811756556,0.8441707607892255,-9.802800000002208,47.276999999999134,0.1468965405902176,0.55,0.55
2020-11-30,6642.155,6674.26,6591.69,6622.359,130805342,6681.4376,133986406.4,0.0123658323962219,0.0138051691955765,0.976258304961898,-12.214399999998932,-18.001999999999498,0.1564939440996403,0.5,0.55
2020-12-01,6608.62,6717.254,6600.725,6713.23,134546042,6662.484200000001,132204311.4,0.0145970606480853,0.0137034655904216,1.0177129669615297,18.11840000000029,110.28499999999894,-0.0906328821730406,0.55,0.5
2020-12-02,6712.888,6741.544,6699.754,6735.712,149384457,6671.2518,131747753.0,0.0120756748107693,0.0134650007940717,1.1338672091052664,27.72099999999864,-68.3889999999983,0.0746995801441049,0.55,0.5
2020-12-03,6726.261,6736.424,6679.516,6711.843,137204247,6684.9834,134198941.2,0.0108780524768969,0.013214743425349,1.022394407684045,4.964000000000851,-46.35100000000148,-0.2276270435649581,0.55,0.5
2020-12-04,6700.688,6755.576,6688.632,6746.63,119005147,6705.954800000001,134189047.0,0.0108864101143669,0.012771873144832,0.8868469495874727,7.239800000001196,58.65600000000086,-0.0240746566753509,0.55,0.5
2020-12-07,6760.104,6770.845,6731.684,6733.002,130050966,6728.0834,134038171.8,0.0095559920485595,0.0119680623959119,0.9702532066316948,1.1571999999978289,-48.41499999999997,0.2189537151407944,0.55,0.5
2020-12-08,6735.229,6753.7,6720.603,6734.372,119558853,6732.3118,131040734.0,0.0070672971796243,0.0114244282465954,0.9123792987911684,-17.90019999999913,14.997999999999593,-0.1412801648847486,0.6,0.5
2020-12-09,6734.122,6736.173,6602.517,6602.517,140747529,6705.6728,129313348.4,0.0098750862171843,0.0115943343140524,1.0884222761337143,-30.86740000000009,-133.22500000000036,0.2339168851830725,0.55,0.5
2020-12-10,6576.064,6647.446,6552.109,6605.192,120849979,6684.342600000001,126042494.8,0.011066066480866,0.0119076092131769,0.958803451104016,5.308800000000701,134.53000000000063,-0.3056618023722443,0.55,0.5
2020-12-11,6610.555,6617.443,6441.286,6498.239,144586345,6634.6644,131158734.4,0.0145032340105882,0.0126744841644047,1.1023767929861938,-28.348000000001772,-109.6280000000006,0.273192166911876,0.5,0.5
2020-12-14,6493.649,6578.41,6459.915,6576.816,116492766,6603.4272,128447094.4,0.0169433941406909,0.0129870879856599,0.9069318893055474,18.441000000001623,185.53000000000063,-0.3390182455628242,0.55,0.45
2020-12-15,6565.498,6603.4,6548.789,6596.503,107134787,6575.8534,125962281.2,0.0176162226443821,0.0126051919805852,0.8505306983913212,3.663399999999456,-58.89000000000033,0.1390437127664203,0.55,0.5
2020-12-16,6597.312,6598.93,6538.972,6543.362,118561620,6564.0224,121525099.4,0.0154002207129504,0.0125398573023617,0.9756142606372556,15.742799999999988,-72.82799999999952,0.1814847531601605,0.5,0.55
2020-12-17,6530.655,6599.108,6460.626,6597.859,135780084,6562.555799999999,124511120.4,0.0167112775852687,0.0128421010907151,1.0905056798444808,10.364399999999478,107.63799999999992,-0.0101921430387093,0.5,0.5
2020-12-18,6604.025,6625.965,6564.181,6573.403,133704174,6577.5886,122334686.2,0.0131694111464523,0.0128053647943658,1.0929375645874668,16.499400000001515,-78.95300000000043,-0.112459534464239,0.45,0.5
2020-12-21,6576.713,6692.377,6571.587,6691.589,143601290,6600.5432,127756391.0,0.0131761995498191,0.0130103545338228,1.124024315934222,7.921799999999166,142.64199999999985,0.0286548666037691,0.45,0.45
2020-12-22,6668.213,6684.704,6545.838,6549.97,161411454,6591.236600000001,138611724.4,0.0157606460889682,0.013760306640265,1.1644862993999372,-32.26119999999901,-259.8049999999994,0.0093752321189599,0.45,0.45
2020-12-23,6552.275,6615.201,6551.07,6601.243,163014563,6602.8128,147502313.0,0.0158710079105867,0.0133054974128727,1.105166147462379,20.882799999997587,192.89199999999985,-0.0997821354032733,0.5,0.45
2020-12-24,6591.789,6596.588,6484.409,6496.326,160886586,6582.506200000001,152523613.4,0.0151268355589807,0.0134455580255031,1.0548306745006606,-31.882799999997587,-156.1900000000005,0.0089846789758396,0.5,0.5
2020-12-25,6466.351,6570.3,6454.278,6561.275,154563507,6580.080599999999,156695480.0,0.0167835864847293,0.0138356604390342,0.9863941640180048,17.880999999997584,169.866,-0.0181010375209372,0.55,0.45
2020-12-28,6561.767,6566.655,6484.444,6519.471,174273839,6545.657,162829989.8,0.0156953971296001,0.0138427457171674,1.0702809673700535,-31.997999999997774,-106.7529999999997,0.1523233138347046,0.5,0.5
2020-12-29,6514.909,6548.711,6473.4,6477.262,165003139,6531.1154,163548326.8,0.013780590634602,0.0135561891368942,1.008895304699626,19.881999999998698,-0.4049999999997453,-0.1452724660224768,0.45,0.45
2020-12-30,6469.891,6549.385,6465.391,6526.879,150299134,6516.2426,161005241.0,0.0144113804931767,0.0138894238334745,0.933504605604733,-0.331199999999626,91.82600000000002,-0.0140050364244649,0.5,0.4
2020-12-31,6536.861,6646.498,6536.861,6646.474,156307191,6546.2722,160089362.0,0.0142568695180508,0.0142902622857916,0.9763746263165194,44.90240000000085,69.97800000000007,0.1182607198066791,0.5,0.45
2021-01-04,6671.927,6809.426,6662.799,6798.764,183204775,6593.77,165817615.6,0.0150336436241473,0.0148724688164793,1.104857130752277,17.468199999999342,32.69499999999971,0.0856124837239712,0.55,0.45
2021-01-05,6785.52,6827.497,6726.462,6807.447,197247556,6651.3652,170412359.0,0.0154799960334671,0.0153237467133943,1.1574721291194614,10.097399999999652,-143.60699999999997,-0.0758675060685731,0.55,0.5
2021-01-06,6803.687,6816.257,6686.132,6724.95,179080173,6700.902799999999,173227765.8,0.0170245171500383,0.0160454941294977,1.033784463899147,-8.057600000001003,-91.18000000000028,-0.1763026635874989,0.55,0.55
2021-01-07,6708.715,6709.071,6557.273,6616.552,193680051,6718.837399999999,181903949.2,0.0190391617485845,0.0161804427163246,1.0647380216415885,-31.602999999998246,-25.90099999999984,0.154641222962756,0.5,0.55
2021-01-08,6603.505,6638.859,6514.18,6585.358,161815950,6706.614199999999,183005701.0,0.0195266110197829,0.0164053984205208,0.8842126180539043,-30.15780000000086,77.20400000000063,-0.2114789613301257,0.5,0.5
2021-01-11,6579.642,6584.218,6437.033,6475.955,166706872,6642.0524000000005,179706120.4,0.019758852579194,0.0161863734586307,0.9276638526775518,-52.33859999999822,-78.20900000000074,0.2239766382113317,0.45,0.5
2021-01-12,6453.014,6566.145,6433.222,6564.735,140365271,6593.51,168329663.4,0.0208400932164192,0.0162979214823264,0.833871274764279,16.019399999998313,198.183,-0.1372438125369203,0.45,0.45
2021-01-13,6567.603,6567.603,6471.776,6513.64,162127981,6551.248,164939225.0,0.0199125246393672,0.0166195696282439,0.9829558796580984,6.280399999999645,-139.8749999999991,0.242877182807092,0.45,0.45
2021-01-14,6488.747,6557.255,6414.739,6506.826,147196836,6529.3028,155642582.0,0.0197045999626409,0.0172565375287472,0.9457362767214952,20.31680000000142,44.28099999999904,-0.1863042078304223,0.4,0.45
2021-01-15,6496.906,6539.171,6435.459,6528.461,131954642,6517.9234,149670320.4,0.0190952746476509,0.0170013976861164,0.8816353278816125,10.56579999999849,28.449000000000524,-0.0268813459032796,0.45,0.45
2021-01-18,6515.577,6655.053,6510.997,6652.096,137393155,6553.1516,143807577.0,0.0188808364042504,0.0176142297730803,0.9553957994855862,46.60760000000119,101.99999999999908,0.1378614204438564,0.45,0.5
2021-01-19,6647.946,6677.408,6602.777,6614.071,155029358,6563.0188,146740394.4,0.0170879630838804,0.0172758623658417,1.0564872653770103,-25.361000000000782,-161.65999999999894,0.0273309942874506,0.45,0.5
2021-01-20,6606.731,6671.448,6584.879,6671.448,130748779,6594.580400000001,140464554.0,0.0167408231287857,0.0168646138881983,0.930831126264068,21.694400000001224,95.40200000000004,-0.2267476050043668,0.45,0.5
2021-01-21,6670.178,6770.865,6669.405,6745.108,159360713,6642.236800000001,142897329.4,0.0153687181773653,0.0171309650954418,1.1152112755999484,16.09479999999894,16.282999999999447,0.3100362884488228,0.5,0.5
2021-01-22,6736.005,6737.552,6671.293,6721.917,158667993,6680.928,148239999.6,0.0141629232306675,0.016760419604038,1.070345341528185,-8.96520000000055,-96.85099999999966,-0.2292460834076437,0.45,0.55
2021-01-25,6710.801,6728.449,6631.694,6657.273,166133978,6681.963400000001,153988164.2,0.0127385228277346,0.0166029638588316,1.0788749827826054,-37.65579999999864,-41.45300000000043,0.0533955753261838,0.45,0.5
2021-01-26,6630.36,6645.806,6525.384,6534.098,142066314,6665.9688,151395555.4,0.0141677450098066,0.0168939493358933,0.9383783666875072,-17.030000000001564,-58.53099999999995,-0.1490262573495188,0.45,0.5
2021-01-27,6519.45,6552.434,6449.371,6537.754,130789778,6639.2300000000005,151403755.2,0.0147253927637781,0.0171008144204923,0.8638476491367766,-10.744199999998273,126.83100000000012,0.0659658985443678,0.45,0.5
2021-01-28,6466.569,6545.724,6395.763,6399.127,132320843,6570.0338,145995781.2,0.0164039108049346,0.0176290976733813,0.9063333331442868,-42.45740000000114,-142.28299999999945,0.1170164015582407,0.4,0.45
2021-01-29,6438.614,6459.343,6221.867,6304.118,145546544,6486.474,143371491.4,0.0219664751758358,0.0186878210184843,1.015170746839284,-14.363599999999678,43.61799999999948,0.0663517296874869,0.35,0.4
2021-02-01,6282.031,6347.167,6280.371,6345.815,131086847,6424.1824,136362065.2,0.021164927891182,0.0181357849255902,0.9613146208055524,21.268199999999524,136.70599999999922,-0.1626935397287289,0.35,0.35
2021-02-02,6351.66,6419.035,6307.812,6417.461,128040832,6400.8550000000005,133556968.8,0.0209452333563081,0.0182602586666036,0.9586982480243292,38.964200000001256,29.949000000001437,0.0512397532525085,0.4,0.35
2021-02-03,6404.072,6404.072,6306.091,6307.39,131192545,6354.7822,133637522.2,0.0208992404222926,0.0180694952385559,0.9817044108589436,-22.74540000000161,-181.71700000000052,0.0256225356158374,0.4,0.4
2021-02-04,6277.97,6295.7,6077.28,6167.746,139596610,6308.505999999999,135092675.6,0.0232949720833604,0.0186930502570753,1.0333395898778095,-0.2033999999994193,-29.57300000000032,0.0286290161842518,0.4,0.4
2021-02-05,6179.487,6214.277,6044.613,6045.297,119798217,6256.7418,129943010.2,0.0213740666898141,0.0191496849359921,0.9219289041835664,-5.487999999999374,17.19499999999971,-0.1630458647131094,0.4,0.4
2021-02-08,6056.91,6122.32,6000.959,6088.818,103575978,6205.3424,124440836.4,0.0232552248538492,0.019009877994254,0.8323310980253102,0.3648000000002867,165.97000000000116,0.021812879535987,0.4,0.4
2021-02-09,6101.678,6264.177,6097.092,6254.012,111416852,6172.652599999999,121116040.4,0.0251322530762215,0.0193332986315542,0.9199182175377656,18.70959999999832,121.67299999999886,0.1771849256707114,0.45,0.4
2021-02-10,6265.414,6316.793,6236.35,6303.306,105447348,6171.835799999999,115967001.0,0.0245777961659401,0.0192358131201991,0.909287530855437,31.873000000000506,-115.89999999999964,-0.0982178061947837,0.5,0.45
2021-02-18,6405.023,6441.507,6363.198,6404.595,139118773,6219.205599999999,115871433.6,0.0199405444584516,0.018752036381028,1.2006304632447389,48.18660000000091,51.9950000000008,0.3019736190716303,0.5,0.45
2021-02-19,6395.577,6527.904,6374.576,6527.647,155493626,6315.6756000000005,123010515.4,0.0190252568717197,0.0191321804920093,1.2640677546498598,49.10020000000077,21.76299999999901,-0.2279056409841809,0.5,0.4
2021-02-22,6553.912,6659.41,6534.574,6534.574,203594183,6404.8268,143014156.4,0.0188596848871144,0.01900459011497,1.423594615560729,-7.318800000001829,-116.125,0.0960895695057484,0.55,0.4
2021-02-23,6496.752,6545.545,6447.97,6489.962,158481358,6452.016799999999,152427057.6,0.0165233462022623,0.0191921444111496,1.0397193286764594,-41.961199999999735,-51.53899999999885,-0.543402147795139,0.5,0.4
2021-02-24,6490.379,6542.283,6378.671,6437.837,149391685,6478.923,161215925.0,0.0190537647549843,0.0198140485267488,0.9266558809249148,-20.28379999999925,-7.513000000000829,0.270811839132725,0.45,0.35
2021-02-25,6480.922,6492.42,6390.409,6399.347,135072293,6477.8734,160406629.0,0.0197965332690179,0.0198589901539411,0.8420617891047383,-27.955799999999726,13.634999999999309,0.0284693559313681,0.45,0.3
2021-02-26,6287.49,6381.321,6276.712,6325.404,123205195,6437.4248,153948942.8,0.0184063134162903,0.020193028038415,0.8002990651261556,-39.39900000000125,-35.45299999999861,0.0428313678415938,0.45,0.3
2021-03-01,6362.936,6495.193,6362.936,6495.157,128960440,6429.5414,139022194.2,0.0186580092364755,0.0204844617171553,0.9276248353156838,32.565200000000914,243.695999999999,0.169088494168111,0.5,0.35
2021-03-02,6518.324,6518.994,6423.954,6466.631,136222317,6424.8752,134570386.0,0.0185904555415077,0.0202978220440749,1.012275590856966,3.217200000000048,-198.27899999999957,-0.042675014648246,0.45,0.4
2021-03-03,6456.71,6553.947,6446.839,6553.596,136766202,6448.027,132045289.4,0.0167763091156582,0.0203267776147188,1.035752222752143,27.8179999999993,115.49099999999908,-0.0611741236461053,0.5,0.4
2021-03-04,6519.039,6534.603,6417.89,6434.894,150190997,6455.1364,135069030.2,0.0172156434939763,0.0200619233262015,1.1119573212127796,-16.04239999999936,-205.66699999999852,0.0527284665654597,0.5,0.45
2021-03-05,6369.233,6484.297,6366.472,6456.28,139905673,6481.3116,138409125.8,0.0175579949318308,0.0190909079774137,1.0108124893597152,19.0657999999994,140.08799999999883,-0.1773499303137009,0.5,0.45
2021-03-08,6496.215,6529.866,6327.649,6327.649,156811839,6447.81,143979405.6,0.0198770510390424,0.0201624925041204,1.089126867460828,-59.67679999999928,-150.01699999999892,0.1794592099541772,0.45,0.45
2021-03-09,6314.354,6321.024,6035.911,6126.283,161753224,6379.740400000001,149085587.0,0.0262455159162337,0.0216228926840563,1.0849688910571884,-34.56800000000021,-72.73500000000058,-0.0824723545047525,0.45,0.4
2021-03-10,6192.148,6208.774,6069.906,6078.244,117963399,6284.67,145325026.4,0.0275461831784442,0.0219885133037567,0.8117211599556949,-27.00080000000071,153.32699999999932,-0.2690897546978538,0.45,0.4
2021-03-11,6086.093,6219.663,6055.397,6219.663,124964076,6241.623799999999,140279642.2,0.0292008308963103,0.021538388029439,0.8908211771871771,52.02419999999984,189.4580000000005,0.3523477483329756,0.5,0.4
2021-03-12,6231.69,6234.344,6155.701,6220.478,137675183,6194.4634,139833544.2,0.0280794157715145,0.0207672452478388,0.9845647822748956,-4.114199999999073,-140.60399999999936,0.0146435878562364,0.5,0.45
2021-03-15,6204.82,6238.202,6130.396,6177.738,133597000,6164.4812,135190576.4,0.0251780239739158,0.020643192284137,0.98821237069598,17.178200000000288,-43.55500000000029,-0.0900960166666344,0.45,0.4
2021-03-16,6182.52,6233.463,6145.517,6233.463,137725927,6185.9172,130385117.0,0.0186918995345396,0.0200128042986358,1.0563009810391166,51.41819999999916,98.46499999999924,0.0644410219220525,0.45,0.35
2021-03-17,6225.523,6283.603,6184.061,6277.581,125504532,6225.784600000001,131893343.6,0.0172939024833497,0.0201675398831091,0.9515607730790744,18.431400000001304,-11.60699999999906,-0.1728288183031788,0.45,0.35
2021-03-18,6276.796,6322.455,6268.856,6298.885,127601116,6241.629,132420751.6,0.0137136081014809,0.0199816539401963,0.9636036229838164,-24.02300000000196,-22.814000000000306,0.116783057864784,0.45,0.4
2021-03-19,6230.074,6307.224,6208.758,6250.815,125290138,6247.6964,129943742.6,0.0143355897636401,0.0195948284708189,0.9641875437255568,-9.776999999999134,-69.3740000000007,-0.0114589291630015,0.4,0.35
2021-03-22,6256.525,6359.668,6253.622,6359.601,136096739,6284.069,130443690.4,0.0141804340865533,0.0194733795839968,1.043337079644597,30.305200000000696,156.85600000000068,0.0785656151773001,0.45,0.4
2021-03-23,6364.818,6372.664,6259.802,6289.001,148304553,6295.176600000001,132559415.6,0.014947882892775,0.019618938471264,1.1187779632909003,-25.265000000000327,-179.3859999999995,-0.0037086522727375,0.45,0.45
2021-03-24,6249.231,6286.854,6183.201,6196.267,137984976,6278.9138,135055504.4,0.0151221935010248,0.0191846470696192,1.021690871564358,-27.3704000000007,-22.134000000000924,-0.1725279753728452,0.45,0.45
2021-03-25,6172.395,6233.693,6130.249,6190.712,125392928,6257.2792,134613866.8,0.0167622463658642,0.0192230822144079,0.9315008251438178,-5.371799999999894,87.179000000001,0.0068970453060021,0.45,0.45
2021-03-26,6198.532,6309.587,6198.532,6301.341,124641822,6267.384400000001,134484203.6,0.0171365504667928,0.0192773877334446,0.9268138462620156,31.7398000000012,116.18399999999929,0.0855030675387379,0.45,0.45
2021-03-29,6323.942,6364.542,6309.771,6326.61,126449839,6260.7862000000005,132554823.6,0.0155330099648998,0.0186921297661028,0.9539437009216464,-16.70340000000124,-85.36000000000058,0.0318168335414331,0.5,0.45
2021-03-30,6313.485,6316.824,6268.249,6301.585,127030210,6263.303,128299955.0,0.0134854986914753,0.0183426992587559,0.990103309077544,9.114999999999782,-50.29399999999896,0.0090297534962666,0.45,0.45
2021-03-31,6289.605,6298.788,6252.401,6293.393,109810596,6282.7282,122665079.0,0.011613988278634,0.0178940668603632,0.8952066626884086,16.908400000000256,16.83299999999963,-0.131056254545033,0.45,0.4
2021-04-01,6302.561,6341.243,6286.058,6335.791,110959297,6311.744000000001,119778352.8,0.0100140868762591,0.0174226930599786,0.926371872764642,9.59060000000136,50.59000000000015,0.1260618564653688,0.45,0.45
2021-04-02,6354.708,6383.463,6337.983,6361.252,115189624,6323.7262,117887913.2,0.0079191887950535,0.0168676861992502,0.9771114007640268,-17.03360000000157,-16.936999999999898,0.0195743179231512,0.5,0.45
2021-04-06,6376.722,6425.39,6374.725,6421.487,112882527,6342.701599999999,115174450.8,0.0077657236165966,0.0156642979104914,0.9801004147701132,6.993199999999888,34.77399999999943,-0.0477505139932981,0.55,0.5
2021-04-07,6419.992,6422.769,6372.252,6422.762,125134730,6366.937,114795354.8,0.0077971095487955,0.0137305976668963,1.090067888356751,5.260000000001128,-58.96000000000004,0.1069784595805511,0.6,0.55
2021-04-08,6411.03,6435.357,6387.913,6404.128,136741809,6389.084,120181597.4,0.0078046297127971,0.0129586784939514,1.1377932392168386,-2.088400000000547,-19.90899999999965,-0.06224212272655,0.55,0.55
2021-04-09,6399.147,6410.534,6378.273,6399.522,122690981,6401.8302,122527934.2,0.0070708530454386,0.0118901985972607,1.0013306908425783,-9.400799999999435,14.028000000000247,-0.1841878992343477,0.5,0.5
2021-04-12,6398.512,6402.333,6251.49,6263.399,132052545,6382.259599999999,125900518.4,0.0104575957244043,0.0124622311874727,1.048864187996862,-32.31680000000142,-131.51699999999985,0.1839960455285436,0.5,0.5
2021-04-13,6252.71,6282.965,6216.186,6231.139,122869979,6344.1900000000005,127898008.8,0.0110230085626517,0.0121255440576754,0.9606871924967764,-18.498999999997977,103.86299999999936,-0.1357104926543693,0.45,0.5
2021-04-14,6227.254,6320.573,6225.555,6320.067,116919813,6323.651,126255025.4,0.0124568138619824,0.012171826248757,0.9260606667304982,17.53059999999823,121.1880000000001,0.0535504697338076,0.45,0.45
2021-04-15,6304.738,6304.79,6258.951,6296.608,118742397,6302.147,122655143.0,0.0124311348115539,0.0117429865760024,0.9680996173148646,-0.964999999999236,-112.38699999999972,0.0766654763506444,0.4,0.45
2021-04-16,6295.531,6379.968,6295.531,6368.846,135266662,6296.0118,125170279.2,0.0140744668235225,0.0119804132777711,1.0806611830262658,15.368800000000192,95.6969999999992,0.0705226151270348,0.45,0.45
2021-04-19,6368.864,6477.407,6357.495,6477.388,143642913,6338.8096,127488352.8,0.0129602970239451,0.0121184080025489,1.126714008340376,48.93299999999908,36.304000000001,-0.066508740397291,0.45,0.45
2021-04-20,6460.521,6506.88,6450.39,6457.63,139720478,6384.1078,130858452.6,0.0125664590429364,0.0117220502967712,1.0677222236999004,2.500400000000809,-128.30000000000018,-0.1050446099545856,0.45,0.45
2021-04-21,6425.337,6470.937,6408.042,6457.715,119477084,6411.6374000000005,131369906.8,0.0115074948103538,0.0113117292281517,0.9094707221030016,-17.768599999999424,19.842999999999847,-0.0992597169564234,0.5,0.45
2021-04-22,6470.464,6496.444,6463.14,6485.211,118546167,6449.358,131330660.8,0.0110785798323474,0.0107320831588331,0.90265415766491,10.190999999998894,27.411000000000055,0.1514349371588073,0.55,0.5
2021-04-23,6478.932,6478.932,6425.663,6453.302,121669107,6466.2492,128611149.8,0.0100779230441817,0.0103093324473505,0.94602300958513,-20.829399999999623,-59.405000000000655,0.0501854163583118,0.5,0.5
2021-04-26,6467.876,6527.327,6427.758,6431.089,133406111,6456.9894,126563789.4,0.00947193253852,0.0102022535204807,1.054062237172554,-26.15099999999984,9.696000000000822,0.0646703756672038,0.45,0.45
2021-04-27,6423.788,6429.857,6338.127,6400.905,121314356,6445.644399999999,122882565.0,0.0105885314715021,0.0104859306734217,0.9872381488781586,-2.0852000000013504,-7.971000000000458,-0.1748633158818194,0.45,0.45
2021-04-28,6395.025,6437.266,6366.015,6437.247,121918028,6441.5508,123370753.8,0.0108543391484373,0.0106539393423923,0.9882247148918694,7.251400000001922,66.52600000000075,0.0678106543081061,0.5,0.45
2021-04-29,6419.045,6441.848,6394.373,6405.103,120927347,6425.5292,123846989.8,0.0113096756118354,0.0106560049921334,0.9764254035991112,-11.928000000000791,-68.48600000000079,-0.0127858773064689,0.45,0.45
2021-04-30,6389.17,6397.265,6348.795,6382.136,130027676,6411.296,125518703.6,0.0111776960413009,0.0106002347386109,1.0359227132744224,1.7884000000003653,9.17700000000059,0.0712966209680695,0.4,0.4
2021-05-06,6385.319,6420.416,6347.985,6398.437,129283601,6404.765600000001,124694201.6,0.0103452281397458,0.0108087633566538,1.0368052350559338,7.702800000000025,39.26799999999912,-0.0586147878937999,0.4,0.35
2021-05-07,6403.981,6409.346,6320.075,6320.253,153125255,6388.6352,131056381.4,0.0103039894917195,0.0111204971422024,1.168392209248042,-9.600000000001272,-94.48499999999969,0.1307044524105967,0.35,0.35
2021-05-10,6330.155,6351.419,6300.861,6338.574,150515685,6368.900599999999,136775912.8,0.0096855275847706,0.011126043851386,1.1004546189363833,-3.604199999999764,96.50500000000012,-0.1995245645037666,0.4,0.35
2021-05-11,6303.577,6354.236,6239.263,6343.863,149454823,6356.652599999999,142481408.0,0.0118278157924565,0.0116618015120483,1.04894263116771,7.48660000000109,-13.031999999999243,0.0164256025429851,0.45,0.35
2021-05-12,6321.977,6420.338,6311.909,6420.338,138850373,6364.293,144245947.4,0.0136865612265588,0.012254161783891,0.9625946205265798,19.88839999999982,71.18599999999878,-0.0348360228724566,0.5,0.4
2021-05-13,6365.004,6432.628,6354.227,6375.015,153001739,6359.6086,148989575.0,0.0138821729883309,0.0116649076726355,1.0269291593052736,-12.324800000000325,-121.79799999999886,0.1506825494198238,0.5,0.45
2021-05-14,6395.509,6462.498,6374.869,6462.476,152664336,6388.0532,148897391.2,0.0137691871308549,0.0118070417842532,1.0252989308250553,33.129000000000815,132.78399999999874,-0.0659647672589121,0.5,0.5
2021-05-17,6456.916,6496.376,6438.869,6457.277,146156637,6411.7938,148025581.6,0.0139550919990788,0.0115006133856601,0.9873741783021646,-4.704000000000633,-92.65999999999894,-0.0362945240426724,0.5,0.5
2021-05-18,6451.07,6486.916,6431.238,6486.822,129048326,6440.3856,143944282.2,0.0120470415727791,0.0115657782023546,0.8965158186741787,4.851199999999153,34.74399999999969,-0.052933607105095,0.5,0.5
2021-05-19,6470.292,6500.12,6455.823,6488.949,133008427,6454.1078,142775893.0,0.0100346747784831,0.0112442137726311,0.9315888292150272,-14.869599999999082,-27.41800000000057,0.1259313701688342,0.5,0.5
2021-05-20,6455.725,6505.518,6445.969,6482.836,142946580,6475.6720000000005,140764861.2,0.0094121694218962,0.0107778757721232,1.0154990299525122,7.842000000000553,-8.239999999998872,0.0488371901966365,0.5,0.45
2021-05-21,6492.845,6509.368,6468.449,6480.374,130968375,6479.2516,136425669.0,0.007963095931462,0.0106562010063846,0.9599980411311012,-17.984600000001592,3.6509999999989295,-0.1394111895588959,0.45,0.5
2021-05-24,6480.553,6537.86,6471.217,6537.857,138109498,6495.3676,134816241.2,0.0082206229269362,0.0106788954148057,1.0244277452826656,12.536400000000867,59.94500000000062,0.1199306929729753,0.45,0.45
2021-05-25,6542.68,6617.433,6532.899,6615.715,149127618,6521.1462,138832099.6,0.0090595248280743,0.0110610144512863,1.0741580544388742,9.662600000000566,20.375,-0.0146993949953556,0.5,0.45
2021-05-26,6618.181,6666.211,6609.914,6644.751,155716936,6552.3066,143373801.4,0.0093886993326841,0.0110719078447567,1.0860905861424694,5.3817999999992026,-48.82200000000012,-0.0377977774526134,0.55,0.5
2021-05-27,6636.767,6706.379,6630.025,6705.045,154465323,6596.7484,145677550.0,0.0098290802113075,0.0108671626903201,1.0603234540943336,13.281400000000758,31.25799999999981,-0.037699663751731,0.6,0.55
2021-05-28,6709.888,6735.551,6669.919,6694.346,168672482,6639.5428,153218371.4,0.010527039875895,0.0106408281074828,1.100863300260872,-1.6474000000007436,-70.9930000000004,0.0663069782146741,0.55,0.6
2021-05-31,6712.748,6814.364,6712.748,6814.363,161891755,6694.844,157974822.8,0.0114707660431673,0.0108330021384882,1.024794661140142,12.506800000000112,130.71600000000126,-0.1166084852872682,0.6,0.6
2021-06-01,6810.471,6854.747,6782.659,6854.733,172711794,6742.647599999999,162691658.0,0.0110185204496087,0.0109882256607297,1.0615897343673268,-7.497600000000602,-79.64700000000084,0.1128637123479148,0.65,0.65
2021-06-02,6844.851,6852.642,6742.028,6759.459,171553765,6765.589199999999,165859023.8,0.0125969055759945,0.0114267102284301,1.034334828877728,-24.86199999999917,-135.64400000000023,-0.0640499787167838,0.6,0.7
2021-06-03,6754.779,6824.984,6729.559,6754.07,163047123,6775.394200000001,167575383.8,0.013145100238429,0.0115671307149909,0.97297776858799,-13.136599999998907,89.88500000000022,-0.034102154800139,0.6,0.65
2021-06-04,6725.817,6803.776,6718.762,6785.803,159605578,6793.6856,165762003.0,0.0136899243938086,0.0114873118330051,0.9628598539557948,8.486399999997957,37.1220000000003,0.0512391456575427,0.6,0.65
2021-06-07,6811.037,6861.852,6807.932,6861.851,158871549,6803.1832,165157961.8,0.0122791055759188,0.0114813966362753,0.9619369679094696,-8.793799999998555,44.3149999999996,0.00919502858587,0.6,0.7
2021-06-08,6865.756,6886.941,6779.927,6809.864,167777357,6794.2094,164171074.4,0.0133187112464665,0.0113609495242322,1.021966613870196,-18.471400000001267,-128.03499999999983,0.0609525320070516,0.55,0.7
2021-06-09,6807.48,6834.036,6783.005,6823.407,159067202,6806.998999999999,161673761.8,0.011541608810472,0.0108904721244084,0.983877657258792,21.76339999999982,65.53000000000065,-0.0981186025721303,0.6,0.65
2021-06-10,6817.585,6903.878,6808.664,6898.206,178116699,6835.8262,164687677.0,0.0114764490260393,0.010965699724418,1.0815423609381531,16.037600000002385,61.2559999999994,0.1357536602907649,0.6,0.65
2021-06-11,6907.831,6907.949,6852.973,6852.973,190230799,6849.2602,170812721.2,0.0105752483292869,0.0106888271326131,1.1136805131584075,-15.393200000002253,-120.03200000000017,-0.0655265514591066,0.6,0.65
2021-06-15,6854.805,6866.18,6796.879,6815.119,163778570,6839.9138,171794125.4,0.0110374036389888,0.0107519745462528,0.9533420867486776,-22.780399999998732,7.378999999999905,-0.1924765786299843,0.55,0.65
2021-06-16,6808.634,6810.198,6668.04,6673.245,156086276,6812.589999999999,169455909.2,0.0121550280374104,0.01138794614039,0.9211025849548834,-17.97740000000158,-104.01999999999953,0.1280989246159357,0.5,0.6
2021-06-17,6669.665,6790.711,6669.665,6787.668,148476838,6805.4422,167337836.4,0.0142259096826677,0.0119382808504545,0.8872879032873643,20.176000000002205,256.2969999999996,-0.0015751798737249,0.55,0.6
2021-06-18,6783.995,6869.259,6765.957,6863.716,157958939,6798.544200000001,163306284.4,0.0144754554326142,0.0122315212270975,0.9672557279736872,0.2497999999995954,-38.37499999999909,0.113782506353842,0.6,0.6
2021-06-21,6844.344,6970.639,6833.358,6968.297,157869004,6821.609,156833925.4,0.0168111723649133,0.0129008462409759,1.006599838634148,29.962799999998424,28.532999999998538,-0.0406237140258621,0.6,0.65
2021-06-22,6987.513,7010.617,6947.869,7000.252,168334055,6858.6356,157745022.4,0.0165701649086681,0.0128393600416857,1.0671275228777044,13.96180000000004,-72.62599999999838,0.0211835735830957,0.6,0.65
2021-06-23,6997.406,7060.402,6978.768,7046.175,162649502,6933.2216,159057667.6,0.0146267443068206,0.0127797510100766,1.022581963222501,37.559400000001006,13.967999999998938,-0.1050732438987598,0.6,0.65
2021-06-24,7045.05,7045.05,6969.546,6974.642,162062962,6970.616400000001,161774892.4,0.0132251999948042,0.0128974060159846,1.0017806817592418,-37.1911999999993,-117.45600000000012,0.0237442781919441,0.55,0.65
2021-06-25,6975.487,7016.078,6947.122,7000.429,163774032,6997.959,162937911.0,0.0121851611091134,0.0128205414515489,1.0051315313598197,-10.052200000001903,97.32000000000062,0.024152131063837,0.6,0.6
2021-06-28,7007.426,7081.047,7005.93,7063.471,152113850,7016.993799999999,161786880.2,0.0103719164991927,0.0128620653968004,0.9402112817303712,-8.307799999999588,37.2549999999992,-0.0682710992300263,0.6,0.6
2021-06-29,7068.401,7082.07,6999.745,7004.303,155950034,7017.804000000001,159310076.0,0.0109298788872626,0.0127041382527096,0.9789087916824544,-18.224599999997736,-122.20999999999913,0.1036177595815318,0.55,0.6
2021-06-30,7011.177,7083.99,7004.754,7083.7,148620294,7025.308999999999,156504234.4,0.0108498995329463,0.012737595780911,0.9496247470221802,6.694799999996576,138.5649999999996,-0.0679815546123575,0.6,0.55
2021-07-01,7094.191,7099.132,6969.532,6969.532,155170164,7024.286999999999,155125674.8,0.0124038437092424,0.0128491405492965,1.0002867945622629,-8.526999999998225,-193.5649999999996,0.0799460922003568,0.6,0.6
2021-07-02,6947.446,6960.481,6891.474,6908.932,144228533,7005.9876,151216575.0,0.0124314100144573,0.012642118895556,0.9537878569197854,-17.277399999999034,53.5679999999993,-0.0971609851825601,0.55,0.6
2021-07-05,6930.265,7006.724,6930.265,7006.7,150762865,6994.633400000001,150946378.0,0.0124869492942894,0.0125613216219206,0.9987842503912218,6.945199999999204,158.3680000000004,0.0914953311139138,0.55,0.55
2021-07-06,7013.989,7045.194,6885.095,6979.063,162135485,6989.585399999999,152183468.2,0.0147242312351063,0.0133154196675065,1.0653948613322508,6.306199999998171,-125.40499999999976,0.0216142174695926,0.55,0.55
2021-07-07,6932.941,7093.046,6913.505,7089.665,153671393,6990.7784,153193688.0,0.0175519608223292,0.0137959081748766,1.0031183073286936,6.241000000002714,138.23899999999958,-0.1288871649445863,0.55,0.55
2021-07-08,7102.667,7138.757,7082.389,7099.41,174040696,7016.753999999999,156967794.4,0.0154208792158221,0.0138189581506341,1.108766907665742,24.78259999999773,-100.85699999999996,0.1679251543406057,0.55,0.55
2021-07-09,7064.993,7165.877,7000.592,7142.9,169401412,7063.5476,162002370.2,0.0180512144502862,0.0142858102516178,1.0456724293037536,20.81800000000203,33.74499999999989,-0.1687430786990369,0.6,0.5
2021-07-12,7184.088,7301.099,7171.045,7284.235,192465587,7119.0546,170342914.6,0.0194395953367636,0.0147774083737897,1.129871397656595,8.713399999999638,97.84500000000024,0.1472934467148299,0.65,0.55
2021-07-13,7285.958,7331.726,7263.16,7331.726,192094228,7189.5872,176334663.2,0.0167220073204049,0.0147365705878605,1.089373039390023,15.02559999999903,-93.84400000000004,-0.1246973266194135,0.7,0.6
2021-07-14,7301.612,7338.308,7240.977,7243.817,188693518,7220.417599999999,183339088.2,0.0143444266672991,0.0143432578323488,1.0292050639750046,-39.70220000000063,-135.39999999999964,-0.0196696171484462,0.65,0.65
2021-07-15,7218.343,7250.028,7103.967,7241.623,181873511,7248.8602,184905651.2,0.0167903936868375,0.0144600791516765,0.9836016899412104,-2.3877999999976964,85.71499999999924,0.0145646013812242,0.6,0.6
2021-07-16,7230.846,7311.448,7214.037,7228.363,182770696,7265.952800000001,187579508.0,0.0148576851770922,0.0143813676877373,0.97436387347812,-11.350000000000364,-11.065999999998894,0.0363655575707037,0.55,0.6
2021-07-19,7213.629,7259.027,7174.112,7205.267,177030272,7250.1592,184492445.0,0.0136438761238449,0.0139855843135226,0.959552961640245,-32.886200000001736,-9.83600000000115,-0.0055730953747846,0.5,0.55
2021-07-20,7145.544,7253.37,7137.888,7253.276,163146121,7234.4692,178702823.6,0.0149577558431158,0.0143334683214724,0.912946520448824,0.1036000000003696,71.10500000000047,-0.0317955293535457,0.5,0.5
2021-07-21,7285.41,7416.475,7285.41,7398.809,190468877,7265.467599999999,179057895.4,0.0158133384564375,0.014639906369753,1.0637278885385582,46.6884,97.52400000000034,0.1973878092811549,0.55,0.5
2021-07-22,7405.649,7447.028,7349.129,7446.481,203728649,7306.439199999999,183428923.0,0.014408811563218,0.01475598204378,1.1106680760481813,9.97320000000036,-97.8610000000008,-0.1038411805801109,0.55,0.55
2021-07-23,7442.623,7473.138,7348.315,7379.79,219221253,7336.7246,190719034.4,0.0150964012275346,0.0151091777173426,1.1494461142259222,-10.68619999999919,-114.36299999999936,-0.0081621493318821,0.5,0.55
2021-07-26,7368.133,7395.274,7140.73,7286.148,212857936,7352.9008,197884567.2,0.0197264418743459,0.0163242156573109,1.0756671882596411,-14.109199999999872,-26.951000000000025,-0.112556964144022,0.5,0.5
2021-07-27,7298.333,7373.095,7093.863,7093.869,221926719,7321.0194,209640686.8,0.02441465858175,0.0177046632450942,1.0586051896105504,-48.057600000001,-98.63700000000064,0.0567169273171903,0.45,0.5
2021-07-28,7019.048,7058.514,6750.585,6945.508,197276061,7230.359199999999,211002123.6,0.0297387882759349,0.0193621285555002,0.9349482253267712,-58.77880000000096,43.918000000000575,-0.1065949656346885,0.45,0.45
2021-07-29,7057.877,7226.5,7057.877,7207.483,182692230,7182.559599999999,206794839.8,0.0317884944042541,0.0196021447175329,0.8834467541679925,42.860600000000886,410.3360000000002,0.0721554931250005,0.5,0.5
2021-07-30,7209.038,7279.063,7155.224,7262.383,202917306,7159.078200000001,203534050.4,0.0318160842903081,0.0199553462863053,0.9969698220087108,24.318200000002435,-207.07500000000076,0.1650245389994971,0.5,0.55
2021-08-02,7264.372,7402.397,7248.892,7402.354,213300146,7182.3194,203622492.4,0.0289764823150375,0.0204465989124979,1.0475274292438628,46.72259999999733,85.07100000000082,-0.0629654606055665,0.55,0.55
2021-08-03,7375.225,7419.345,7284.178,7308.956,209470826,7225.3368,201131313.8,0.0248026618857409,0.0202242709077529,1.041463022551986,19.776200000000244,-233.3690000000006,-0.0566220139270285,0.5,0.6
2021-08-04,7295.571,7478.207,7295.451,7478.207,186334118,7331.8766,198942925.2,0.0208233603576716,0.0201799784393358,0.9366209821871062,63.52239999999984,262.64900000000034,-0.0987776336730031,0.5,0.55
2021-08-05,7454.28,7494.331,7402.385,7447.94,198831153,7379.967999999999,202170709.8,0.0186132828650451,0.0204002456298387,0.9834815003454076,-58.44840000000022,-199.5180000000009,0.1517025585231811,0.45,0.6
2021-08-06,7462.856,7490.98,7419.728,7482.173,186015124,7423.926000000001,198790273.4,0.0171074399860909,0.0197194026702564,0.93573554087179,-4.133399999996982,64.50000000000091,-0.0946064776319188,0.45,0.6
2021-08-09,7459.349,7509.328,7386.314,7507.082,181108880,7444.8716,192352020.2,0.0162372542526658,0.0196460136414735,0.9415491441768596,-23.01240000000325,-9.323999999999614,0.0535595627786873,0.45,0.55
2021-08-10,7489.156,7566.731,7467.056,7549.552,189048528,7492.9908,188267560.6,0.01517914051676,0.0198385542068417,1.0041481782496735,27.17360000000008,17.560999999998785,0.0567854307677441,0.5,0.55
2021-08-11,7538.821,7611.645,7498.579,7605.918,196350392,7518.5329999999985,190270815.4,0.0132645507851631,0.0199100094688018,1.0319522286548208,-22.577000000000226,13.89600000000064,-0.0347949836676665,0.55,0.6
2021-08-12,7595.264,7677.743,7588.736,7657.527,210250483,7560.4504,192554681.4,0.0131202121562505,0.0194827002471919,1.0919001369966173,16.375200000002224,-4.756999999999607,0.032143857936649,0.6,0.6
2021-08-13,7635.491,7724.437,7605.857,7641.917,208006530,7592.3992,196952962.6,0.0143190415480834,0.0195847417630042,1.0561228795651536,-9.96860000000106,-67.21900000000005,-0.09572516577326,0.6,0.65
2021-08-16,7628.157,7633.658,7546.538,7568.137,201569545,7604.6102,201045095.6,0.0133440467440075,0.0195710562965142,1.0026086157358618,-19.73779999999988,-58.17000000000098,-0.0177370063978281,0.55,0.65
2021-08-17,7559.297,7578.432,7338.025,7360.033,207426805,7566.7064,204720751.0,0.017236262330576,0.0204081808287067,1.013218269211996,-50.11480000000029,-134.3239999999987,0.0641239173054259,0.5,0.6
2021-08-18,7352.969,7454.027,7338.818,7405.485,178940546,7526.6198,201238781.8,0.0173746068877884,0.0203003265766395,0.889195136242869,-2.182799999999588,253.55599999999868,-0.1346327864452611,0.5,0.55
2021-08-19,7387.442,7511.19,7330.601,7468.773,182890322,7488.869000000001,195766749.6,0.0198857549862728,0.0208519361029556,0.9342256658686436,2.335799999999836,17.83600000000115,0.1690536625949014,0.55,0.55
2021-08-20,7438.695,7505.554,7354.169,7467.361,176822352,7453.957800000001,189529914.0,0.020836923518043,0.0210198723356314,0.932952209327758,2.839600000000246,-64.70000000000073,-0.0463039861666598,0.55,0.6
2021-08-23,7501.411,7668.887,7501.411,7652.559,201491657,7470.842199999999,189514336.4,0.0229116329829734,0.020367354073671,1.063200076719895,51.79559999999765,186.61000000000055,0.1315213239330223,0.6,0.65
2021-08-24,7654.189,7737.597,7614.942,7715.073,212658510,7541.850199999999,190560677.4,0.019558483307445,0.0191941370101305,1.115962185386312,54.12360000000172,-122.6840000000002,-0.0774857587257199,0.65,0.7
2021-08-25,7707.093,7769.705,7664.286,7769.627,206398314,7614.678599999999,196052231.0,0.0191606508493777,0.0176557922200002,1.0527720748049023,1.820400000000518,-7.960000000000036,-0.1159522192478266,0.65,0.7
2021-08-26,7754.681,7771.853,7662.384,7669.528,228221412,7654.8296,205118449.0,0.0171794573137281,0.0171996768303241,1.1126323015439727,-32.67739999999958,-154.65300000000025,0.1230503373204801,0.6,0.7
2021-08-27,7634.928,7686.336,7584.279,7680.079,212891234,7697.3732,212332225.4,0.0157825860327744,0.0170114977712479,1.0026327073007733,2.39259999999922,110.64999999999964,-0.1698598209822699,0.6,0.65
2021-08-30,7701.42,7792.517,7687.146,7727.745,236841828,7712.410399999999,219402259.6,0.0141326754025126,0.0166564023455398,1.0794867310473224,-27.50640000000112,37.11500000000069,0.1868536179897486,0.65,0.65
2021-08-31,7714.171,7728.422,7636.773,7728.422,235455501,7715.080199999999,223961657.8,0.0133247944733053,0.0163246701570216,1.0513205845719542,-12.36739999999827,-46.98900000000049,-0.1050201702219173,0.65,0.7
2021-09-01,7738.268,7743.179,7495.764,7606.874,267723537,7682.5296,236226702.4,0.0171162138496545,0.0167290055929959,1.133333083347482,-35.220400000000154,-122.22499999999944,0.1101786452508959,0.65,0.7
2021-09-02,7572.046,7703.724,7568.065,7690.859,226086526,7686.7958,235799725.2,0.0177893646005921,0.0169936972642109,0.9588074193396048,36.8167999999996,205.5330000000004,-0.2565381627834048,0.65,0.65
2021-09-03,7696.464,7766.465,7561.229,7630.842,267044514,7676.948399999999,246630381.2,0.020510775621992,0.0178623316802232,1.0827721738930678,-14.113600000000588,-144.00200000000132,0.2984904185613399,0.6,0.7
2021-09-06,7625.745,7735.552,7552.948,7735.1,227954100,7678.419400000001,244852835.6,0.0225051315199708,0.0182233716623661,0.9309841131364052,11.31840000000193,164.27500000000146,-0.2757528153101255,0.6,0.65
2021-09-07,7735.221,7881.869,7718.593,7878.349,228559607,7708.404800000001,243473656.8,0.0242783218526591,0.0185994654909963,0.9387447085815488,28.514399999999117,38.99099999999908,0.1595486562018061,0.6,0.65
2021-09-08,7886.269,7911.017,7854.888,7894.252,254321788,7765.8804,240793307.0,0.0191953064329641,0.0182116945049462,1.0561829610986655,27.490199999998367,-127.34599999999956,0.1096776570719733,0.6,0.65
2021-09-09,7888.827,7922.412,7835.151,7900.238,238201734,7807.756200000001,243216348.6,0.0178765807313894,0.0181827894079956,0.9793820825414694,-15.59979999999814,-9.917000000000373,-0.1942391310743129,0.65,0.65
2021-09-10,7897.331,7954.482,7832.96,7932.651,240016301,7868.118,237810706.0,0.0155613060215895,0.0181728977985998,1.0092745824487817,18.485999999998967,26.42699999999968,0.1066933784645083,0.7,0.7
2021-09-13,7941.209,7955.984,7874.998,7947.482,230685196,7910.5944,238356925.2,0.0128778965366012,0.0181068341105145,0.9678141124132944,-17.885400000000118,-17.581999999999425,-0.0713529699427995,0.75,0.75
2021-09-14,7927.894,8042.516,7895.182,7916.896,243225554,7918.3038,241290114.6,0.0124549814709421,0.0174041452760879,1.0080212129834183,-34.766999999999825,-45.41700000000037,0.0816675706056111,0.7,0.75
2021-09-15,7900.693,7988.37,7862.311,7972.232,213453916,7933.899799999999,233116540.2,0.0141954113436068,0.0174168956189007,0.9156532428667196,7.886599999999817,85.92200000000048,-0.1325750706868225,0.7,0.7
2021-09-16,7974.083,7993.222,7749.658,7754.947,236666551,7904.8416,232809503.6,0.0182678516039997,0.0177783135624273,1.0165673966928213,-44.65419999999904,-272.6210000000001,0.1932821239428002,0.7,0.7
2021-09-17,7740.559,7786.187,7575.079,7730.224,214238032,7864.3562,227653849.8,0.020665893965702,0.0181301404105145,0.941069225001966,-11.427200000000084,192.5619999999999,-0.1764123255169567,0.65,0.65
2021-09-22,7640.472,7774.505,7633.279,7769.06,182733915,7828.671800000001,218063593.6,0.0222634655171297,0.0179447922440536,0.837984516274614,4.801000000000386,63.5590000000002,-0.0275865370364969,0.65,0.6
2021-09-23,7818.725,7850.241,7792.592,7806.802,212400135,7806.653,211898509.8,0.0200183427947429,0.0175191101479124,1.0023672898902094,13.665599999998449,-1.0940000000009604,0.2674674823429475,0.65,0.6
2021-09-24,7799.924,7806.814,7685.106,7695.618,206463409,7751.330199999999,210500408.4,0.0200189377387345,0.01763146734124,0.9808218927902088,-33.30400000000009,-148.92599999999857,-0.1859281707155958,0.65,0.55
2021-09-27,7717.104,7733.21,7399.813,7467.818,213183646,7693.904399999999,205803827.4,0.0226663247708715,0.0191500304267132,1.0358585099860975,-2.102999999999156,-116.6160000000009,0.076582014295889,0.6,0.55
2021-09-28,7428.405,7496.327,7409.371,7468.732,158064850,7641.606,194569191.0,0.0195329735431203,0.019067737288101,0.8123837550416705,5.127400000000307,228.71399999999997,-0.2785113721403156,0.6,0.5
2021-09-29,7409.961,7413.798,7199.111,7199.179,172550145,7527.629800000001,192532437.0,0.0218615807029644,0.0198770185691665,0.8962133741651024,-61.67779999999948,-270.46699999999964,0.3073043740678589,0.55,0.45
2021-09-30,7237.539,7411.284,7237.539,7405.463,146442233,7447.361999999999,179340856.6,0.0250770358585166,0.0204571704942152,0.8165581216477807,33.70839999999771,475.83699999999953,-0.1634848716407535,0.6,0.4
2021-10-08,7501.241,7514.244,7382.015,7425.669,159460337,7393.3722,169940242.2,0.0254753920637971,0.0197212618947756,0.9383318214430556,26.278000000002063,-186.07799999999952,0.2014289523125964,0.6,0.45
2021-10-11,7441.625,7442.351,7346.859,7384.844,150601221,7376.777400000001,157423757.2,0.0191326536859847,0.0194858526980613,0.9566613304030582,37.39500000000044,-61.03099999999995,-0.103444190835272,0.6,0.4
2021-10-12,7366.161,7376.725,7125.535,7208.473,156643677,7324.7256,157139522.6,0.023773417694644,0.0198833978062639,0.996844551951057,-35.457000000002154,-135.54600000000028,0.021853712587996,0.55,0.4
2021-10-13,7213.005,7297.298,7147.012,7289.363,131191523,7342.7624,148867798.2,0.0219326428392924,0.0197338963989969,0.8812619289481773,70.08860000000095,257.2610000000004,-0.1557658445508785,0.55,0.35
2021-10-14,7276.507,7362.463,7256.984,7342.254,128930725,7330.1206,145365496.6,0.0201135009986083,0.0194159652807025,0.8869417297474428,-30.67859999999928,-27.999000000000706,0.1212624238021451,0.55,0.35
2021-10-15,7321.579,7374.335,7288.28,7350.413,145334937,7315.0693999999985,142540416.6,0.0188935990618943,0.0196458350520082,1.0196051089694935,-2.409400000002279,-44.73199999999997,0.1269835784227853,0.55,0.35
2021-10-18,7344.573,7429.626,7322.697,7429.626,144948204,7324.0258,141409813.2,0.0191858865217309,0.0198131791456467,1.0250222436472325,24.00760000000355,71.054000000001,-0.127246244544312,0.55,0.35
2021-10-19,7420.476,7506.093,7408.122,7504.055,152408117,7383.142199999999,140562701.2,0.0148277362700985,0.0197000053683912,1.0842714012954668,50.159999999997126,-4.78400000000056,0.0538320229704958,0.55,0.35
2021-10-20,7467.339,7560.848,7456.812,7523.561,155743734,7429.9818,145473143.4,0.0134699085388474,0.0198818993995585,1.0706012832331495,-12.27679999999873,-54.92300000000069,-0.0729192757105516,0.6,0.4
2021-10-21,7520.928,7548.819,7481.439,7503.534,158742478,7462.2378,151435494.0,0.0123926574085745,0.0194003842651106,1.048251462104386,-14.583599999999931,-39.53299999999945,-0.0086797030664464,0.55,0.45
2021-10-22,7506.872,7530.577,7436.145,7438.481,167656958,7479.8514,155899898.2,0.012590169331052,0.0192445245488695,1.075414159571273,-14.642400000000634,-45.02599999999984,0.0495125185956504,0.55,0.4
2021-10-25,7438.427,7532.372,7417.199,7532.372,150472175,7500.400599999999,157004692.4,0.0127698007768366,0.0184386664388559,0.9583928524673828,2.935599999999795,158.9440000000004,-0.144184004570777,0.6,0.4
2021-10-26,7547.751,7583.126,7492.392,7508.689,161427463,7501.3274,158808561.6,0.0125754259584175,0.0176773883665701,1.0164909333200585,-19.62239999999838,-117.57400000000052,0.175119387956566,0.55,0.45
2021-10-27,7490.689,7501.539,7408.578,7433.546,162086332,7483.324399999999,160077081.2,0.0123109419502427,0.0173937685078367,1.01255177059038,-18.92980000000261,-51.46000000000004,-0.0620372435823542,0.5,0.4
2021-10-28,7395.488,7422.098,7253.105,7267.85,165925078,7436.1876,161513601.2,0.0151654143957131,0.0181871521653531,1.0273133455462822,-29.13379999999688,-90.55299999999988,0.0187007376855807,0.5,0.4
2021-10-29,7276.512,7385.412,7234.499,7385.305,158534550,7425.5524,159689119.6,0.0167132468218051,0.0184181018196371,0.9927698918818512,36.50159999999778,283.15099999999984,-0.0493050286203332,0.55,0.4
2021-11-01,7374.451,7488.479,7357.673,7455.611,172033253,7410.200200000001,164001335.2,0.01716409401836,0.017063108750728,1.0489747098107771,-4.7169999999978245,-47.14900000000034,0.0907482715933571,0.55,0.45
2021-11-02,7462.132,7501.965,7301.65,7368.6,187513416,7382.182400000001,169218525.8,0.0201843099849944,0.0178402224770386,1.108113991145525,-12.665600000002089,-157.3169999999991,0.0029344634058213,0.55,0.5
2021-11-03,7362.116,7391.053,7312.253,7385.199,145619008,7372.513000000001,165925061.0,0.0198171867307614,0.016882670014786,0.8776191319284794,18.348400000000765,103.60999999999876,-0.289634140551793,0.55,0.5
2021-11-04,7402.66,7483.693,7402.66,7483.693,161717927,7415.681600000001,165083630.8,0.0173323491057314,0.0162509804771568,0.9796121288119864,52.83799999999974,81.89500000000135,0.3324878561005524,0.55,0.5
2021-11-05,7476.138,7488.119,7388.2,7389.587,181677566,7416.538,169712234.0,0.015949822602946,0.0160367094544243,1.0705036503143317,-42.31220000000121,-192.6000000000004,-0.0111014753811617,0.55,0.55
2021-11-08,7376.708,7423.006,7351.505,7422.907,152051651,7409.997200000001,165715913.6,0.014367390810615,0.0158717930318856,0.9175440529327656,-7.397199999997611,127.42599999999948,-0.2438511188839111,0.6,0.55
2021-11-09,7443.453,7532.252,7435.514,7531.958,155570244,7442.668800000001,159327279.2,0.0114991358744686,0.0147716520219948,0.9764193851871162,39.21239999999944,75.73099999999977,0.2118349296359166,0.6,0.6
2021-11-10,7516.003,7535.243,7425.227,7535.228,166809268,7472.6746,163565331.2,0.0122851822173182,0.0144708048592924,1.019832667327488,-2.665800000001582,-105.78099999999904,-0.0154620501139789,0.6,0.6
2021-11-11,7524.163,7601.199,7515.714,7593.732,171153194,7494.682400000001,165452384.6,0.0123710557772057,0.0143153691718062,1.0344558914262998,-7.997999999998683,55.23399999999947,-0.0287900580415599,0.6,0.6
2021-11-12,7593.452,7705.053,7593.452,7697.808,173746790,7556.3266,163866229.4,0.0125662895522558,0.0144548820770147,1.0602965030450624,39.63639999999941,45.57200000000012,0.0112173875199508,0.6,0.6
2021-11-15,7713.85,7727.019,7653.71,7676.484,189553649,7607.041999999999,171366629.0,0.0125497565855752,0.0142127605478467,1.1061292977876107,-10.928800000001502,-125.39999999999964,0.0199921831237857,0.55,0.6
2021-11-16,7659.018,7691.645,7579.68,7589.181,177013065,7618.486600000001,175655193.2,0.012931669905141,0.0142976354307554,1.007730325390687,-39.27079999999569,-65.97900000000118,-0.1442317671394719,0.5,0.55
2021-11-17,7603.329,7725.092,7603.329,7725.092,174824288,7656.4594,177258197.2,0.0131640281344288,0.0143943347581877,0.9862691303508304,26.528199999996104,223.21400000000085,0.0769377773570669,0.55,0.5
2021-11-18,7724.034,7765.742,7686.138,7714.796,198504448,7680.672200000001,182728448.0,0.0129762369069052,0.0144612640463889,1.086335763110077,-13.75999999999749,-146.20699999999945,0.1215278277991032,0.55,0.55
2021-11-19,7709.313,7806.028,7705.838,7803.763,188001126,7701.8632,185579315.2,0.0126444197942207,0.0144684446928069,1.013050003969408,-3.0218000000022585,99.262999999999,-0.1733523918999155,0.55,0.55
2021-11-22,7822.961,7948.021,7822.961,7947.372,190400270,7756.0408,185748639.4,0.0138816607283719,0.0144907255357305,1.0250426092757694,32.98660000000109,54.642000000000735,0.0852783644470305,0.6,0.55
2021-11-23,7950.249,7974.509,7933.201,7941.559,193422045,7826.5164,189030435.4,0.0119713124755684,0.0141466070600431,1.0232322884444882,16.298000000000684,-149.42200000000048,-0.0138029261376426,0.6,0.6
2021-11-24,7939.591,7971.445,7917.676,7938.774,188605678,7869.2528,191786713.4,0.0101735019207598,0.013859974750817,0.9834136820866966,-27.73920000000089,3.0280000000002474,-0.0380082855265104,0.6,0.6
2021-11-25,7937.395,7959.84,7919.658,7925.76,175838157,7911.445600000001,187253455.2,0.0091237905659344,0.0129508580889442,0.9390382506543996,-0.54359999999906,-10.22900000000027,-0.0045568250745051,0.55,0.6
2021-11-26,7912.894,7954.787,7906.349,7940.789,173916847,7938.8508,184436599.4,0.0077760345007483,0.0122341416125427,0.9429627718455972,-14.787600000001476,28.042999999999665,0.0482999526234941,0.55,0.55
2021-11-29,7837.391,7999.935,7828.924,7999.833,176453409,7949.342999999999,181647227.2,0.0089041948682476,0.0124257507482024,0.9714071154288448,-16.913000000000466,44.01500000000033,0.0245198223920504,0.6,0.5
2021-11-30,8037.256,8082.897,7991.186,8054.291,197562643,7971.8894,182475346.8,0.0101412156010142,0.011635833464048,1.082681285250748,12.05420000000231,-4.585999999999331,0.0828298262386555,0.6,0.55
2021-12-01,8050.887,8068.38,8000.806,8055.82,189074930,7995.2986,182569197.2,0.0104642678068834,0.0115217450198475,1.035634339745018,0.8627999999989697,-52.929000000001,-0.1583211153276333,0.6,0.55
2021-12-02,8045.73,8046.245,7964.741,7968.235,184672448,8003.7936,184336055.4,0.0114960310603949,0.0114917785776101,1.0018248876990996,-14.914200000000164,-89.11399999999958,0.0132374934598116,0.6,0.5
2021-12-03,7973.621,8034.687,7952.374,8023.964,179063016,8020.428600000001,185365289.2,0.0123277307294024,0.0113286186441568,0.9660007910477773,8.140000000001237,143.3140000000003,-0.0020146446054039,0.6,0.5
2021-12-06,8018.459,8029.827,7899.915,7906.757,191520328,8001.813399999999,188378673.0,0.0113384672175439,0.0116685198499346,1.0166773390531316,-35.25020000000313,-172.9360000000006,0.0865006446566767,0.55,0.5
2021-12-07,7937.226,7948.17,7713.923,7781.441,182389995,7947.243400000001,185344143.4,0.0150818056082643,0.012531500897497,0.9840612800285546,-35.954799999995885,-8.108999999999469,-0.0832926070299313,0.5,0.45
2021-12-08,7806.382,7922.552,7803.444,7922.552,161307050,7920.5898,179790567.4,0.016410970288057,0.0125531920375322,0.8971941761612128,27.91639999999643,266.4269999999997,-0.0542510448427648,0.5,0.4
2021-12-09,7924.525,7948.031,7903.68,7931.756,181252221,7913.294,179106522.0,0.015483562274239,0.0122699052018684,1.0119800160041073,19.35780000000159,-131.90699999999924,0.2016529437102363,0.5,0.4
2021-12-10,7898.641,7964.353,7886.135,7949.125,173465763,7898.3262,177987071.4,0.0153998481068649,0.0120370082828091,0.9745975459653526,-7.671999999999571,8.164999999999054,-0.1521683098816491,0.55,0.35
2021-12-13,7963.481,8000.11,7936.622,7984.899,189522058,7913.9546,177587417.4,0.0137039490749872,0.0119570679722876,1.0672043142173653,30.596199999999044,18.40500000000065,0.1299892382907672,0.6,0.4
2021-12-14,7969.6,7997.177,7952.75,7981.827,193212509,7954.0318,179751920.2,0.0087964942150239,0.0114977069749677,1.074884255951331,24.44880000000012,-38.84600000000046,-0.0849268265180469,0.55,0.45
2021-12-15,7982.099,8019.296,7942.941,7955.582,200207035,7960.637799999999,187531917.2,0.0077092180234728,0.0111894895097932,1.0675891229037144,-33.47120000000086,-23.17299999999977,-0.0149750747815822,0.55,0.45
2021-12-16,7966.5,8005.975,7959.179,8005.975,194865198,7975.481600000001,190254512.6,0.0077599301222523,0.0109658285057051,1.02423430244566,8.237800000003517,76.63799999999992,-0.0360596874104379,0.55,0.45
2021-12-17,7997.468,7997.468,7894.103,7894.103,202303676,7964.477199999999,196022095.2,0.0084107553485951,0.0109785921714027,1.0320452691498423,-25.848200000004,-162.26500000000033,0.0511657871622368,0.5,0.45
2021-12-20,7873.669,7920.647,7747.36,7751.951,199008302,7917.8876,197919344.0,0.0112913507376344,0.0113094904746033,1.0055020291498136,-35.58519999999771,-30.279999999999745,-0.034354206704211,0.5,0.4
2021-12-21,7749.824,7849.033,7749.824,7849.033,191460577,7891.3288,197568957.6,0.0127060761927275,0.0116813979042575,0.9690822856272436,20.030799999999545,239.2340000000004,-0.0098765035225411,0.55,0.4
2021-12-22,7868.299,7943.242,7854.357,7930.811,205942185,7886.3746,198715987.6,0.0130280544551202,0.0119031276433833,1.0363644490172867,21.604599999999664,-15.304000000000997,0.1037019069126128,0.6,0.45
2021-12-23,7932.102,7947.125,7892.886,7932.661,202910623,7871.7118,200325072.6,0.0132265132115077,0.0119915091670985,1.012906773807404,-9.708599999999931,-79.92799999999897,-0.0907398385999257,0.6,0.5
2021-12-24,7940.379,7940.435,7771.418,7776.607,212132316,7848.212599999999,202290800.6,0.0149545287045984,0.0127732157223652,1.048650335906575,-8.83640000000105,-157.90400000000045,0.0592012373090538,0.55,0.55
2021-12-27,7768.383,7833.581,7739.291,7776.431,175431928,7853.1086,197575525.8,0.0129087515205856,0.0123106296376877,0.8879233765906039,28.39520000000175,155.8779999999997,-0.1964705214151422,0.5,0.5
2021-12-28,7794.025,7863.529,7783.098,7863.529,170744598,7856.007799999999,193432330.0,0.0124264941445126,0.0122527175401321,0.8827097207586757,-1.9968000000008037,87.27400000000125,0.1555133034840429,0.5,0.5
2021-12-29,7858.943,7886.713,7838.28,7855.429,172273111,7840.931399999999,186698515.2,0.0114180921312419,0.012141583724473,0.9227342317931836,-17.975600000000668,-95.19800000000124,0.0452381668664361,0.5,0.55
2021-12-30,7863.175,7949.956,7861.54,7924.528,178545904,7839.3048,181825571.4,0.0122820580053867,0.0121880159033465,0.9819625623901655,13.449800000002142,77.19900000000052,0.019203819562474,0.5,0.6
2021-12-31,7946.945,8016.404,7946.945,8010.324,189602903,7886.0482,177319688.8,0.0096694892255498,0.012108655346402,1.069271575441655,48.36999999999898,16.696999999999207,0.0280806824545075,0.55,0.6
2022-01-04,8045.096,8060.991,7948.914,7983.068,225957706,7927.375599999999,187424844.4,0.0100523371683403,0.0119890971253869,1.2055910022140053,-5.416000000001077,-113.05199999999876,0.0490104137208606,0.55,0.65
2022-01-05,7968.739,7968.918,7733.507,7781.678,218791495,7911.0054,197034223.8,0.0140570570099295,0.0119965303905484,1.11042381765152,-57.6975999999986,-174.13400000000092,-0.2314866113348355,0.5,0.65
2022-01-06,7743.862,7863.549,7721.778,7844.516,192735028,7908.8228,201126607.2,0.0164384731378641,0.0121484594369247,0.9582771304263318,14.187599999999293,264.22800000000007,-0.0569795026627029,0.5,0.6
2022-01-07,7841.134,7867.49,7681.125,7682.697,214441281,7860.456599999999,208305682.6,0.0190585731041885,0.0130817686108338,1.029454781662303,-46.183600000001206,-224.65699999999924,0.2233243384611594,0.45,0.65
2022-01-10,7669.045,7756.971,7624.934,7734.187,183118474,7805.2292,207008796.8,0.0207387092314129,0.0134433706275391,0.8845927169796486,-6.861199999997552,213.3089999999993,-0.2160397159186255,0.45,0.6
2022-01-11,7734.537,7768.744,7632.072,7646.694,184256677,7737.9544,198668591.0,0.0215055103798508,0.0139394874516028,0.927457511388904,-12.04740000000129,-138.9829999999993,0.1877268590919097,0.45,0.6
2022-01-12,7691.845,7779.523,7682.552,7779.523,179028770,7737.5234,190716046.0,0.0179480992884661,0.0142844316589089,0.9387189686178792,66.84380000000056,220.3219999999992,-0.0316033371802801,0.5,0.55
2022-01-13,7781.311,7781.311,7644.787,7644.787,196718813,7697.5776,191512803.0,0.0179052629719309,0.0146974706740393,1.027183613410953,-39.51480000000083,-267.5649999999996,0.0772031875640987,0.45,0.6
2022-01-14,7611.291,7714.497,7590.194,7675.371,195437286,7696.1124,187712004.0,0.0162927210460933,0.0152149663417941,1.0411549705686376,38.48060000000078,165.3199999999997,-0.0744932876353894,0.5,0.55
2022-01-17,7687.711,7815.656,7683.376,7808.087,199048670,7710.8924,190898043.2,0.0162666298701526,0.0154073392579284,1.0426962302146847,16.245199999999386,102.13200000000052,-0.0124300975116373,0.55,0.6
2022-01-18,7808.99,7827.186,7743.719,7758.605,221945152,7733.2746,198435738.2,0.0148435589981926,0.0148275395167423,1.1184736883247577,7.602200000000266,-182.19800000000123,0.0742361984640258,0.5,0.65
2022-01-19,7728.158,7745.811,7617.057,7665.185,188170844,7710.407000000001,200264153.0,0.015710027637511,0.0150354195201048,0.9396132117563746,-45.249799999998686,-43.93799999999828,-0.2546379346784561,0.45,0.6
2022-01-20,7664.12,7672.762,7488.859,7492.61,199876175,7679.9716,200895625.4,0.0170472557708853,0.0157022710029806,0.9949254723791512,-7.567800000002535,-79.15500000000156,0.2341727371911597,0.4,0.55
2022-01-21,7474.756,7493.021,7384.404,7388.745,176628567,7622.6464,197133881.6,0.0167483124932981,0.0160954161622417,0.8959827989304909,-26.889799999999013,68.71000000000095,-0.1542549340714368,0.4,0.5
2022-01-24,7346.386,7462.527,7332.998,7425.402,154415827,7546.109399999999,188207313.0,0.0168488383188322,0.0158809166614869,0.8204560414716723,-19.21180000000004,140.5219999999999,0.0234159159898416,0.45,0.5
2022-01-25,7398.763,7440.545,7133.066,7133.066,178576999,7421.0016,179533682.4,0.0233184698267818,0.0174299690932914,0.994671287375098,-48.57079999999951,-328.9930000000004,0.2497420033622445,0.4,0.5
2022-01-26,7158.568,7226.639,7071.471,7171.029,143072475,7322.1704,170514008.6,0.0242866561224479,0.0180004600145886,0.8390658115112778,26.276600000000144,330.2990000000009,-0.3298207217672462,0.45,0.45
2022-01-27,7178.544,7191.484,6959.465,6960.11,146786371,7215.6704,159896047.8,0.0260448464757065,0.0193589595890967,0.9180112518078136,-7.668800000000374,-248.88200000000143,0.234550916160356,0.4,0.45
2022-01-28,6996.768,7071.32,6861.474,6973.011,138984344,7132.5236,152367203.2,0.0291235861354296,0.0203057981947524,0.912167061421785,23.35320000000047,223.82000000000156,-0.0847896306825641,0.4,0.4
2022-02-07,7080.612,7102.421,7037.157,7061.621,145506305,7059.7674,150585298.8,0.0274831925161635,0.0203343424841403,0.966271649088762,10.390599999998813,75.70899999999892,0.0599487780530054,0.45,0.4
2022-02-08,7058.246,7080.618,6928.902,7080.618,160900402,7049.277800000001,147049979.4,0.0231473515277056,0.0207037226831327,1.0941885381862215,62.26660000000175,-69.61299999999937,0.0738123014304824,0.5,0.4
2022-02-09,7083.425,7212.751,7056.617,7211.43,172399731,7057.358,152915430.6,0.023149897374551,0.020273670105744,1.1274187982438968,18.569799999998395,111.8149999999996,-0.0946866290397842,0.5,0.45
2022-02-10,7208.567,7222.186,7126.069,7175.617,165781454,7100.4594,156714447.2,0.0191617792396192,0.0200397861145355,1.0578568661792147,35.021200000000135,-166.625,-0.1027921921223573,0.5,0.45
2022-02-11,7140.929,7151.235,7024.793,7033.851,168615165,7112.6274,162640611.4,0.0167382157957592,0.019725708867645,1.0367346971249765,-30.933399999998983,-105.95300000000044,0.0484397630104438,0.45,0.45
2022-02-14,6991.634,7096.553,6961.301,7006.075,147217812,7101.5182,162982912.8,0.0187507937386121,0.0198373636109401,0.90327145018358,-23.277200000000448,113.99000000000068,-0.112341077887158,0.45,0.4
2022-02-15,7020.134,7125.097,6990.401,7124.849,143297601,7110.3644,159462352.6,0.018246425572311,0.0198889514812478,0.8986296681540368,19.955399999999827,146.55000000000018,0.1288214649118529,0.45,0.45
2022-02-16,7164.23,7201.082,7132.081,7183.106,147188972,7104.6996,154420200.8,0.0158374465119663,0.0197460069116191,0.9531717433176656,-14.511000000000422,-60.517000000000735,0.0591838571931722,0.5,0.45
2022-02-17,7169.72,7265.03,7146.592,7220.607,165944068,7113.6976,154452723.6,0.0164390125961876,0.0196732235205997,1.0744003998903908,14.66280000000097,-20.755999999999403,0.0666865814090963,0.5,0.5
2022-02-18,7174.587,7252.06,7164.268,7251.793,156097027,7157.286,151949096.0,0.0152650195796652,0.019468783501038,1.0272981617475367,34.590399999999136,-6.315000000000509,-0.1683308947155792,0.5,0.5
2022-02-21,7264.445,7334.91,7259.755,7334.591,169847848,7222.989200000001,156475103.2,0.0134533578700922,0.019134045610925,1.0854624443538952,22.1148000000012,51.61200000000099,0.1052665207492125,0.55,0.5
2022-02-22,7310.657,7310.657,7212.273,7279.235,179502634,7253.866399999999,163716109.8,0.0123754785835833,0.0192719313775954,1.0964262113196144,-34.82600000000275,-138.15400000000136,-0.0472005156406392,0.55,0.55
2022-02-23,7290.703,7450.4,7289.744,7450.4,182730485,7307.325199999999,170824412.4,0.014766957449658,0.0195102393646558,1.069697723134097,22.58160000000225,226.52100000000064,-0.0376922551512366,0.6,0.55
2022-02-24,7414.465,7481.144,7174.784,7285.117,255720585,7320.227199999999,188779715.8,0.0198969740825587,0.020385653098518,1.3545977856589186,-40.55680000000029,-336.4479999999994,0.3116285507103391,0.6,0.6
2022-02-25,7346.854,7435.401,7344.776,7361.957,177757004,7342.26,193111711.2,0.019937705843522,0.020266131838594,0.9204879543317932,9.130800000000818,242.1229999999996,-0.7190098938519472,0.6,0.6
2022-02-28,7370.432,7419.831,7291.076,7419.831,167402030,7359.308,192622547.6,0.0213589397072423,0.0202615709580275,0.8690676771009543,-4.984800000001087,-18.96600000000035,0.3826895540962868,0.65,0.6
2022-03-01,7433.746,7454.902,7379.818,7429.443,166187061,7389.3496,189959433.0,0.0206770536718169,0.0186115773388542,0.874855532970558,12.993599999999788,-48.26199999999972,0.0572081331004423,0.65,0.65
2022-03-02,7400.947,7421.64,7341.833,7414.309,160209921,7382.1314,185455320.2,0.0185171556930746,0.0180678642573125,0.8638734161264574,-37.2597999999989,-24.74600000000009,-0.0167699727137041,0.65,0.6
2022-03-03,7440.94,7446.47,7334.276,7342.613,183181947,7393.630599999999,170947592.6,0.0131625531504415,0.0171650797672018,1.071567865998717,18.717399999997724,-56.5619999999999,0.2186765667163598,0.6,0.65
2022-03-04,7299.996,7360.258,7219.641,7241.563,178438419,7369.551799999999,171083875.6,0.014584181018489,0.0166312805593588,1.0429879401212256,-35.5779999999977,-29.35400000000027,-0.2362743757497503,0.55,0.6
2022-03-07,7230.81,7230.81,7050.351,7085.731,166051775,7302.7318,170813824.6,0.0162072055880761,0.0174425742260057,0.9721214040423752,-42.74120000000039,-54.78200000000015,-0.0422866102013593,0.5,0.6
2022-03-08,7089.512,7118.506,6824.033,6871.22,191960627,7191.0872,175968537.8,0.0227571503022907,0.0185140270325005,1.0908803891873902,-44.82459999999992,-58.67899999999918,0.1896255212238653,0.45,0.55
2022-03-09,6889.509,6925.551,6511.908,6796.039,213261914,7067.4332,186578936.4,0.0327774284792068,0.0204747470334764,1.1430117360235954,-12.009399999999914,139.32999999999902,-0.0666276383088096,0.45,0.5
2022-03-10,6946.576,7017.277,6914.891,6952.52,185354471,6989.414599999999,187013441.2,0.0326667509460157,0.0205413226938009,0.991129139224673,45.6353999999983,231.6620000000012,-0.2040139436351276,0.5,0.55
2022-03-11,6856.874,7001.603,6778.593,6990.778,180993184,6939.2576,187524394.2,0.0351632614787997,0.021237541980119,0.9651714102164528,27.861600000002,-118.22300000000088,0.1259248677907021,0.55,0.55
2022-03-14,6938.224,6972.906,6800.595,6800.595,162662118,6882.2304,186846462.8,0.0351371998670739,0.0215391757581211,0.8705656803046528,-6.870200000000295,-228.4409999999998,-0.0686480009035798,0.5,0.55
2022-03-15,6745.598,6790.244,6473.481,6473.481,195750814,6802.6826,187604500.2,0.0363524811765869,0.0230405409335694,1.0434228059098554,-22.52060000000074,-136.9310000000005,0.2674628555170026,0.45,0.5
2022-03-16,6586.823,6704.18,6330.405,6692.966,197558967,6782.067999999999,184463910.8,0.0353486084477132,0.0253525375174132,1.070989800352861,58.93319999999949,546.5990000000011,-0.1452901311621969,0.45,0.45
2022-03-17,6777.738,6934.493,6768.605,6818.545,205054389,6755.272999999999,188403894.4,0.0372691054842664,0.0257488459158206,1.0883765946188424,-6.180399999999281,-93.90600000000086,-0.0101802001770243,0.45,0.45
2022-03-18,6792.324,6882.657,6773.457,6879.366,173890405,6732.9906,186983338.6,0.0340636970046283,0.0259372113363597,0.929978073458145,4.51260000000093,-64.75799999999981,-0.1757853154266787,0.45,0.45
2022-03-21,6886.031,6983.521,6867.305,6954.405,179428388,6763.7526,190336592.6,0.0323383968020235,0.026260435491104,0.9426899239342588,53.04439999999886,14.217999999999847,0.1711103716368112,0.5,0.45
2022-03-22,6938.97,6976.394,6893.648,6923.442,178456271,6853.7448,186877684.0,0.02494222956903,0.0261822286799311,0.9549362298389784,59.23020000000088,-106.0019999999995,-0.000465544571394,0.45,0.5
2022-03-23,6938.513,6989.722,6910.325,6966.953,175942212,6908.542200000001,182554333.0,0.016052286936221,0.0256738698890539,0.9637799832447692,-35.194800000000214,74.47400000000016,-0.0034025524989291,0.5,0.45
2022-03-24,6934.125,6950.744,6847.172,6900.807,175917865,6924.9946,176727028.2,0.0141882340045055,0.0243216608963073,0.995421395310941,-38.34500000000117,-109.65700000000106,0.0227976586603813,0.45,0.45
2022-03-25,6906.679,6939.872,6819.555,6819.813,173818597,6913.084,176712666.6,0.0145419773657371,0.0245882792169135,0.9836227382242446,-28.36299999999937,-14.847999999999049,-0.0434400691528682,0.4,0.4
2022-03-28,6772.445,6828.397,6692.909,6767.252,168398609,6875.6534,174506710.8,0.0152039754419765,0.0247216944247875,0.9649978973759902,-25.519999999999527,28.432999999999996,-0.006826183761558,0.35,0.35
2022-03-29,6785.378,6808.878,6700.41,6725.677,166201696,6836.1004,172055795.8,0.0160391509103309,0.0250227529895596,0.965975573372693,-2.122400000000198,10.985999999998969,0.0196025168449572,0.35,0.4
2022-03-30,6750.004,6864.748,6734.073,6864.748,171325803,6815.6594,171132514.0,0.0175670366158205,0.0254363401197404,1.0011294697628297,19.11199999999917,180.64600000000064,0.0341762203934336,0.4,0.35
2022-03-31,6846.333,6846.333,6760.047,6772.065,195679084,6789.911,175084757.8,0.0171135928702524,0.02530942082626,1.1176248947011422,-5.307399999998779,-231.7539999999999,0.0813415285481763,0.4,0.4
2022-04-01,6723.258,6790.765,6688.701,6772.604,171530586,6780.4692,174627155.6,0.0165991636801502,0.0250920248823288,0.9822675368595422,16.30659999999898,93.22200000000066,-0.2518527827799128,0.45,0.4
2022-04-06,6769.739,6769.739,6711.304,6764.288,179932763,6779.876399999999,176933986.4,0.0143226888350605,0.0242505652365336,1.0169485617829273,8.84900000000016,-8.855000000001382,0.1700383827649851,0.45,0.45
2022-04-07,6736.336,6768.451,6623.586,6623.586,188432684,6759.458199999999,181380184.0,0.0154714160411824,0.0232013194242826,1.0388824172766304,-19.82539999999972,-132.3859999999986,-0.0127471694296819,0.45,0.45
2022-04-08,6635.693,6644.765,6496.184,6575.284,191574074,6701.565400000001,185429838.2,0.0161836632356878,0.0212878988088606,1.0331350976716756,-37.474599999997736,92.39999999999873,-0.027681175098658,0.4,0.4
2022-04-11,6544.292,6544.292,6297.391,6328.066,204208292,6612.765600000001,187135679.8,0.0214387347158434,0.0225024167687169,1.0912311976970197,-30.90700000000288,-198.9159999999993,0.063843419630299,0.35,0.4
2022-04-12,6314.217,6414.501,6259.052,6414.419,193676857,6541.1286,191564934.0,0.0232715708094172,0.0221191022149832,1.011024580312804,17.16280000000006,333.5709999999999,-0.1383027174095599,0.4,0.35
2022-04-13,6381.783,6388.702,6286.251,6286.251,184434050,6445.5212,192465191.4,0.0248033468276281,0.0216671019766722,0.9582722395588462,-23.970399999999245,-214.52099999999973,0.027454276630258,0.4,0.4
2022-04-14,6313.1,6388.555,6294.368,6359.708,175754732,6392.7456,189929601.0,0.0233911215390833,0.0199609795149067,0.925367773504668,42.83179999999993,201.6249999999991,0.0198478746997796,0.4,0.4
2022-04-15,6328.232,6334.482,6229.409,6275.073,190007521,6332.7034,189616290.4,0.0222206438839864,0.0180059076679289,1.0020632752553835,-7.266599999999926,-158.09199999999873,0.1095999678048936,0.35,0.4
2022-04-18,6233.421,6339.106,6164.436,6326.024,158964836,6332.295,180567599.2,0.0199395482808886,0.0181700274678725,0.8803619071433055,59.63379999999961,135.58599999999933,-0.1983968698627938,0.35,0.35
2022-04-19,6324.418,6379.426,6304.252,6345.786,150941628,6318.5684,172020553.4,0.0174619441889799,0.0179686640110711,0.8774627509133451,-13.318199999999706,-31.189000000000306,0.1188022118821178,0.35,0.35
2022-04-20,6347.8,6351.636,6208.793,6234.252,165357430,6308.1686,168205229.4,0.0187849404528853,0.0182787378893876,0.9830694954600502,3.326799999999821,-131.29599999999937,0.1085059007766654,0.35,0.35
2022-04-21,6206.176,6236.549,5966.025,5981.384,173454906,6232.5038,167745264.2,0.0248684810532663,0.0199425423859657,1.0340375737415304,-65.26499999999942,-141.33400000000074,-0.0546386662652248,0.3,0.35
2022-04-22,5937.391,5965.413,5851.228,5891.809,144729195,6155.851000000001,158689599.0,0.025395638892237,0.0203417456569329,0.9120269753785186,-0.9880000000002838,163.29300000000055,-0.1729786766444919,0.3,0.35
2022-04-25,5776.18,5776.18,5431.608,5431.608,183166673,5976.9678,163529966.4,0.032561031694752,0.0227632268904341,1.1200801726575784,-102.23040000000036,-370.6260000000002,0.3300637956420715,0.3,0.35
2022-04-26,5432.611,5483.029,5251.52,5266.552,178323322,5761.121,169006305.2,0.0389834467902673,0.0240790313672037,1.0551282201511616,-36.96360000000004,295.1449999999995,-0.2730051497854766,0.3,0.35
2022-04-27,5192.504,5541.107,5164.749,5540.717,192927271,5622.414,174520273.4,0.047986097482459,0.0264742683995082,1.1054719732062943,77.13979999999992,439.22100000000046,0.1152957055615497,0.35,0.3
2022-04-28,5501.523,5578.617,5425.771,5493.907,169714058,5524.9186,173772103.8,0.044504766031471,0.0270589461662507,0.9766473115577252,41.211600000000544,-320.97499999999945,-0.1791684147037021,0.3,0.35
2022-04-29,5534.173,5753.084,5517.723,5734.493,186660549,5493.455400000001,182158374.6,0.0488373140206856,0.0281593150081492,1.0247157146076116,66.03220000000056,287.39599999999973,0.1768930646984554,0.35,0.35
2022-05-05,5723.184,5884.379,5712.058,5836.928,168932975,5574.5194,179311635.0,0.0420541632463867,0.0289983694844677,0.942119428000308,112.52719999999864,-138.15100000000075,-0.1306646896571899,0.35,0.4
2022-05-06,5690.141,5812.476,5665.93,5764.692,154196363,5674.1474,174486243.2,0.0383467520434239,0.0295159284580221,0.8837164476242217,18.564000000000306,-174.67099999999937,0.0241933062312175,0.35,0.35
2022-05-09,5749.902,5857.709,5749.902,5840.891,138943474,5734.1822,163689483.8,0.028453036208824,0.0300068552429491,0.8488234599711041,-39.59319999999934,148.4349999999995,0.0235099927229684,0.4,0.4
2022-05-10,5761.847,5952.722,5746.716,5950.667,169630054,5825.5342,163672683.0,0.0298126309880257,0.0306442499029616,1.036398077497147,31.317199999999502,33.577000000001135,0.2224676051791606,0.45,0.45
2022-05-11,5959.789,6147.858,5959.789,6003.028,206311093,5879.2412,167602791.8,0.0278698284041098,0.0310808563002547,1.2309526039768508,-37.64499999999953,-57.41500000000087,0.0069799089536607,0.5,0.5
2022-05-12,5971.209,6061.18,5964.829,6034.573,166809919,5918.7702,167178180.6,0.0251586180355261,0.0299283403143884,0.9977971910049608,-14.178000000000791,-20.815999999999804,-0.4277099394515938,0.5,0.55
2022-05-13,6058.999,6079.159,6001.913,6071.667,154708863,5980.1652,167280680.6,0.0226188310068519,0.0293527435073808,0.9248459681362632,21.86600000000089,5.548999999999978,0.1602041901031925,0.55,0.55
2022-05-16,6110.994,6154.698,6057.325,6082.882,158814937,6028.5634,171254973.2,0.0221289152966563,0.0293382473602062,0.927359562367442,-12.996800000000803,-25.87900000000081,0.0754648170998765,0.55,0.6
2022-05-17,6079.297,6120.844,6013.704,6118.458,160980872,6062.1216,169525136.8,0.0187073096353344,0.0294732969270244,0.9495988325903536,-14.839999999999236,24.361000000000782,0.0197256759917326,0.6,0.55
2022-05-18,6124.378,6183.457,6103.625,6127.803,151802570,6087.0766,158623432.2,0.0150470719025809,0.0292874633049033,0.9569996556914748,-8.60320000000047,-26.230999999999767,-0.0148384471217902,0.6,0.6
2022-05-19,6032.728,6180.187,6020.407,6180.187,161512314,6116.1994,157563911.2,0.0170244895537161,0.0291995756325952,1.0250590555281929,4.16780000000017,43.03899999999976,0.0606585767355963,0.6,0.55
2022-05-20,6203.915,6263.444,6176.127,6263.444,167859417,6154.5548,160194022.0,0.0172681619442369,0.029304297946195,1.047850693205019,9.232599999999366,30.873000000000506,-0.0452677621598917,0.65,0.55
2022-05-23,6284.599,6345.001,6267.832,6343.467,164866544,6206.6718,161404343.4,0.0164996431314723,0.0287669230298529,1.0214504797520834,13.761600000000726,-3.234000000001288,-0.0491918511297613,0.7,0.6
2022-05-24,6343.885,6345.123,6081.642,6081.642,198397600,6199.308599999999,168887689.0,0.0216622516198477,0.0286717395686697,1.1747309775788335,-59.48020000000088,-341.84799999999905,0.1796807112796854,0.7,0.65
2022-05-25,6079.938,6188.27,6070.962,6188.27,161353725,6211.402,170797920.0,0.0228479867595288,0.0286505502717263,0.9447054448906638,19.456600000001345,368.4530000000004,-0.3833060305149198,0.75,0.65
2022-05-26,6195.211,6252.556,6095.754,6227.099,168440235,6220.7844,172183504.2,0.0227133865723138,0.0267376643519857,0.9782600010529928,-2.7110000000011496,-67.79900000000089,0.2635800888504989,0.8,0.7
2022-05-27,6252.363,6283.723,6157.814,6210.093,170565783,6210.1142,172724777.4,0.0239802195180468,0.0255534911281399,0.9875003781594104,-20.052599999999074,-55.83500000000004,-0.0243141790559116,0.75,0.75
2022-05-30,6231.636,6282.356,6171.736,6282.356,159200760,6197.892,171591620.6,0.0250688054653972,0.0230376000255875,0.9277886614936488,-1.5520000000005894,89.26900000000023,-0.0689520937721792,0.8,0.7
2022-05-31,6283.16,6356.554,6224.614,6353.347,173551180,6252.233,166622336.6,0.0205574087219667,0.0226849002412936,1.041584120961127,66.5632000000005,-1.2719999999999343,0.1735071761332398,0.8,0.7
2022-06-01,6332.392,6398.354,6316.582,6373.318,172991852,6289.2426,168949962.0,0.019332179910269,0.0212742667441221,1.023923592240879,-17.33140000000094,-51.01999999999953,-0.1314559881877262,0.8,0.7
2022-06-02,6349.56,6449.975,6329.067,6442.933,164947433,6332.4094000000005,168251401.6,0.0180492602669057,0.0207364386071155,0.9803629059337358,6.157200000001467,49.64399999999932,-0.0259001575868951,0.85,0.75
2022-06-06,6449.546,6612.799,6449.241,6604.976,183176282,6411.386,170773501.4,0.0189468498293657,0.0207035155746253,1.072627079133016,35.809799999999086,92.42799999999988,0.1358248595064233,0.85,0.75
2022-06-07,6613.165,6631.324,6539.712,6597.835,187679372,6474.4818,176469223.8,0.0182022732199384,0.0204749092783661,1.0635246642933327,-15.880800000000818,-169.1839999999993,-0.1013665880389633,0.8,0.75
2022-06-08,6594.916,6660.092,6474.226,6608.892,196322415,6525.5908,181023470.8,0.0196735968627349,0.0201501417099709,1.084513594465895,-11.986799999998766,18.19799999999941,0.0300913450122455,0.8,0.7
2022-06-09,6591.92,6591.92,6453.652,6490.375,178041439,6549.0022,182033388.2,0.0213682328704978,0.0196488678607191,0.9780702362381232,-27.69760000000042,-129.5739999999996,-0.127432288400334,0.75,0.65
2022-06-10,6446.807,6630.264,6438.803,6627.748,176920936,6585.965200000001,184428088.8,0.0233925936043169,0.0202949324993131,0.9592949596298151,13.55160000000069,255.88999999999945,0.0876680816194637,0.75,0.6
2022-06-13,6582.688,6683.914,6573.569,6674.803,200857241,6599.9306,187964280.6,0.021746339319047,0.0204853926526741,1.0685926089725368,-22.997600000001512,-90.3179999999993,0.1280729259510296,0.75,0.6
2022-06-14,6607.116,6665.253,6460.433,6665.253,207224045,6613.414199999999,191873215.2,0.0251152103950057,0.0212214830529534,1.080005068888844,-0.4817999999995663,-56.60500000000047,-0.0978851894264143,0.7,0.65
2022-06-15,6671.053,6759.376,6653.762,6653.762,228596635,6622.388199999999,198328059.2,0.0226650504087636,0.0211395769033282,1.152618726377372,-4.509599999999409,-1.9409999999998035,0.0612011975722206,0.65,0.65
2022-06-16,6651.2,6755.631,6651.2,6696.763,204190710,6663.6658,203557913.4,0.0215231913889209,0.0212678977323041,1.0031086809126233,32.30360000000019,54.49200000000019,-0.2221237029532765,0.65,0.65
2022-06-17,6652.539,6782.489,6643.102,6774.737,195544984,6693.0636,207282723.0,0.0198605382842195,0.021003944681939,0.9433732882793132,-11.879799999999705,34.97299999999996,0.0897746528314384,0.65,0.65
2022-06-20,6787.34,6874.376,6783.619,6848.755,202855378,6727.854000000001,207682350.4,0.0192045445928847,0.0209694883148361,0.9767579074933274,5.3926000000001295,-3.956000000000131,0.0931200118473244,0.65,0.65
2022-06-21,6849.733,6854.921,6709.364,6779.145,196105622,6750.6324,205458665.8,0.0173528997008414,0.0214347971952957,0.9544772484354368,-12.012000000001535,-143.6279999999997,-0.0556652782719048,0.65,0.65
2022-06-22,6781.865,6811.547,6688.392,6691.811,179497157,6758.242200000001,195638770.2,0.0178591021288697,0.0201887895305837,0.9174927690278438,-15.16859999999906,-17.72400000000107,-0.0147038203497024,0.6,0.65
2022-06-23,6694.249,6845.455,6649.929,6845.455,192680032,6787.980600000001,193336634.6,0.0204528306596788,0.0206691087073416,0.9966038376464011,22.12860000000001,240.97800000000095,0.1160955480261504,0.6,0.6
2022-06-24,6865.358,6954.453,6862.464,6931.654,199532053,6819.364,194134048.4,0.0189920972521173,0.0200736223518899,1.027805553144793,1.6449999999986176,-67.44499999999971,-0.0479093531201657,0.65,0.6
2022-06-27,6968.134,7012.122,6940.516,7002.934,209258643,6850.1998,195414701.4,0.0183868046905338,0.0195711346079578,1.0708439104162508,-0.5475999999980559,-14.91900000000078,0.0118366417730662,0.65,0.65
2022-06-28,7001.257,7081.282,6956.295,7079.724,214707144,6910.3156,199135005.8,0.0176233902015502,0.0195734433793339,1.0781988989702784,29.27999999999884,5.510000000000218,-0.0356833687174302,0.65,0.65
2022-06-29,7061.792,7075.518,6900.993,6900.993,229280025,6952.152,209091579.4,0.0190005905126828,0.0197995849782627,1.0965531259457308,-18.27939999999944,-255.52099999999973,0.0109992384214248,0.6,0.65
2022-06-30,6909.739,7032.67,6909.739,6995.53,192461610,6982.167,209047895.0,0.0168025704571489,0.0200367063440616,0.9206579669218864,-11.821399999999812,273.2679999999991,-0.1942493859992967,0.6,0.6
2022-07-01,6999.677,7039.851,6967.484,6994.501,178054494,6994.7364,204752383.2,0.0162176528583224,0.019615720499744,0.8696088964497094,-17.445600000000923,-95.5659999999989,0.1248460885516672,0.55,0.6
2022-07-04,6985.053,7076.322,6928.401,7076.322,181180357,7009.414,199136726.0,0.0183533554795984,0.019422761020516,0.9098289433562344,2.108200000000579,82.84999999999945,0.0912691173787022,0.6,0.55
2022-07-05,7081.902,7098.573,6950.237,7036.002,204398610,7000.669599999999,197075019.2,0.0190389970634338,0.0197826243402078,1.0371614364404436,-23.42200000000048,-122.14099999999962,0.0871124461776838,0.55,0.6
2022-07-06,7014.451,7041.872,6890.927,6953.98,182114585,7011.267,187641931.2,0.0183222842548141,0.0194617568262825,0.9705431181364862,19.341800000001054,-41.702000000001135,-0.1939508113881664,0.55,0.6
2022-07-07,6955.532,7053.451,6910.087,7041.867,170304242,7020.534400000001,183210457.6,0.0188794867550838,0.0194145198152081,0.929555246086564,-1.3299999999990175,169.90900000000147,0.0256304462540352,0.55,0.6
2022-07-08,7067.033,7084.897,6990.741,7000.785,174515690,7021.7912,182502696.8,0.0195001024156305,0.0186425977025724,0.9562362258747727,-8.010600000003251,-128.96900000000096,0.0676688518381309,0.5,0.6
2022-07-11,6976.096,6976.096,6830.47,6893.635,174549462,6985.2538,181176517.8,0.0195443120722822,0.0188722542088248,0.9634221041420192,-37.794199999997545,-66.0679999999993,-0.0194951015209625,0.5,0.55
2022-07-12,6891.579,6911.803,6779.555,6779.555,168057200,6933.9644,173908235.8,0.0192292036384748,0.0183111226510751,0.9663556140795488,-14.752000000001315,-6.930000000000291,-0.0042523683297165,0.5,0.5
2022-07-13,6780.612,6855.068,6737.876,6834.902,167268153,6910.148800000001,170938949.4,0.0183171712428782,0.0183747870348112,0.9785256876043488,27.47380000000157,169.42699999999968,0.0092365635872703,0.5,0.5
2022-07-14,6823.092,6954.914,6809.102,6920.873,184064915,6885.95,173691084.0,0.018459098231054,0.0186484965257414,1.0597257542592111,-0.3832000000020343,30.6239999999998,0.0690299931300622,0.5,0.5
2022-07-15,6889.81,6966.043,6852.816,6852.816,198625735,6856.3562,178513093.0,0.0190737677831495,0.0184459050773049,1.1126676013618788,-5.394999999998618,-154.02799999999934,-0.0282582195521945,0.45,0.5
2022-07-18,6868.3,6953.932,6839.132,6953.932,182047985,6868.415599999998,180012797.6,0.0181505561012674,0.0186087570859204,1.011305792849919,41.65319999999792,169.17299999999975,-0.1543036556146275,0.5,0.45
2022-07-19,6956.864,7033.251,6932.737,7009.324,182240492,6914.369399999999,182849456.0,0.0171171874777452,0.018252194595301,0.9966695881228108,33.89440000000195,-45.72400000000016,0.0867256037848516,0.55,0.5
2022-07-20,7028.792,7110.104,7019.513,7110.104,181533719,6969.409799999999,185702569.2,0.0162361977057855,0.0179690609290401,0.9775509287891964,9.086600000000544,45.38800000000083,-0.004482454606506,0.55,0.55
2022-07-21,7098.269,7134.217,7067.147,7075.294,196769740,7000.294,188243534.2,0.0139184025829836,0.0170148895065676,1.0452934855703533,-24.156200000000357,-135.59000000000106,0.0868612161147712,0.5,0.55
2022-07-22,7081.563,7124.304,6969.431,7034.598,173030973,7036.6504,183124581.8,0.0150170430783374,0.01745214153386,0.9448811912590536,5.472200000000157,-5.8859999999995125,-0.1681548510924567,0.45,0.5
2022-07-25,7037.756,7068.341,6933.819,6948.909,162390844,7035.6458,179193153.6,0.0155870583980842,0.0179088205128081,0.9062335292256388,-37.36100000000079,-44.99300000000039,0.0617646322778853,0.4,0.45
2022-07-26,6949.19,7031.112,6901.932,7027.419,147218445,7039.2648,172188744.2,0.0163955064767155,0.0179452236640923,0.8549829762914317,4.623599999999897,164.19900000000052,-0.0126028909007926,0.45,0.4
2022-07-27,7018.225,7109.54,7005.07,7099.434,152269128,7037.130800000001,166335826.0,0.0167903252247508,0.0174164946070571,0.9154319406812575,-5.752999999998792,-6.494999999999891,0.1116995173240331,0.45,0.45
2022-07-28,7138.317,7196.731,7112.744,7150.198,180354305,7052.111599999999,163052739.0,0.0172436539346158,0.0171251603759343,1.1061102444896678,17.114799999997558,-21.251000000000204,0.1302293394185841,0.5,0.45
2022-07-29,7152.325,7179.471,7105.335,7117.434,176841179,7068.6788,163814780.2,0.0149236967978029,0.0171286525187301,1.0795190689392995,1.586400000001959,-83.52800000000025,-0.2172694793587781,0.45,0.5
2022-08-01,7100.712,7180.455,7055.607,7180.455,162803032,7114.988,163897217.8,0.0145293921269604,0.0169528296746486,0.9933239513477572,29.74200000000019,95.78499999999984,-0.0596039420411743,0.5,0.45
2022-08-02,7098.183,7098.183,6872.754,6957.982,223088287,7101.1006,179071186.2,0.0173326592390935,0.0175186392080073,1.2458078361687874,-60.196600000001126,-285.4939999999997,0.3386790024125725,0.5,0.45
2022-08-03,6968.292,7079.854,6893.524,6916.671,199046301,7064.548000000001,188426620.8,0.0197774597687573,0.0177802884855429,1.0563597657003674,-22.66519999999855,181.16200000000023,-0.4419319552894502,0.45,0.45
2022-08-04,6953.983,6977.392,6853.696,6960.312,157896065,7026.5708,183934972.8,0.0209825615377204,0.0176509290715935,0.8584341661424378,-1.4246000000011918,84.95199999999932,-0.0084775290895094,0.5,0.4
2022-08-05,6975.89,7096.435,6961.646,7090.003,170848496,7021.0846,182736436.2,0.0227015657301864,0.017929018347369,0.9349448832033204,32.490999999999985,86.05000000000018,0.274436316618812,0.55,0.45
2022-08-08,7082.536,7176.484,7062.367,7176.105,158561305,7020.214599999999,181888090.8,0.0224045977877066,0.0176679011035046,0.8717519893831334,4.6161999999994805,-43.58899999999994,-0.1397036108810695,0.6,0.5
2022-08-09,7168.959,7207.396,7131.336,7207.396,162912878,7070.097400000001,169853009.0,0.0180354839252601,0.0172202092797036,0.959140370601265,50.752800000002026,-54.810999999999694,0.1505812750383186,0.6,0.55
2022-08-10,7183.181,7231.432,7169.88,7212.075,159636618,7129.178199999999,161971072.4,0.0143545470179421,0.0167896324293089,0.9855872140289664,9.197999999997592,-26.61200000000008,-0.0609415377904303,0.6,0.55
2022-08-11,7241.733,7295.892,7212.4,7294.487,179506207,7196.013199999999,166293100.8,0.0130894044477822,0.0163085056257755,1.0794567311357754,7.7542000000012195,77.73300000000017,0.0674226736791078,0.65,0.55
2022-08-12,7287.651,7311.894,7228.342,7228.834,181288905,7223.779399999999,168381182.6,0.011598809012854,0.0160602786547952,1.0766577488095157,-39.06880000000001,-148.0650000000005,-0.0966684994330688,0.6,0.6
2022-08-15,7218.091,7296.337,7215.204,7283.5,169082597,7245.258400000001,170485441.0,0.0106461946413085,0.0157918107385149,0.9917714733189446,-6.287199999998848,120.3190000000004,-0.0820872931643114,0.6,0.55
2022-08-16,7290.241,7356.11,7280.923,7324.62,183674820,7268.703200000001,174637829.4,0.0105885788041801,0.0155880571113123,1.0517470391784427,1.9657999999990352,-13.546000000000276,0.1448618413500693,0.6,0.55
2022-08-17,7330.482,7342.697,7280.574,7328.674,183612140,7292.022999999999,179432933.8,0.0105770044595887,0.0153748341177597,1.0232911880304996,-0.125000000001819,-37.0659999999998,-0.0884314170074412,0.65,0.55
2022-08-18,7315.41,7358.707,7298.93,7351.438,176377692,7303.4132,178807230.8,0.0099140904638546,0.0153074275959933,0.9864125248787198,-11.929599999997665,18.71000000000004,-0.0084228120038366,0.7,0.55
2022-08-19,7353.434,7369.731,7234.405,7234.405,190774466,7304.527400000001,180704343.0,0.0113436374551011,0.0151419272489861,1.0557270668364622,-10.27599999999984,-139.79700000000048,0.1061932051095222,0.7,0.6
2022-08-22,7214.481,7289.309,7170.204,7288.577,172667603,7305.5428,181421344.2,0.0123840448168595,0.0149910573432087,0.9517491106760304,-0.0988000000015745,171.20500000000084,-0.1732924981181742,0.7,0.6
2022-08-23,7275.383,7310.13,7267.786,7306.021,171067069,7301.822999999999,178899794.0,0.011490204466974,0.0143617316088769,0.9562172497526744,-4.735200000000077,-36.728000000000975,0.1084460952370758,0.7,0.6
2022-08-24,7312.554,7315.101,7029.878,7039.41,207521602,7243.970200000001,183681686.4,0.0178984689464559,0.015651870048186,1.1297892896523407,-54.13299999999799,-284.0549999999994,0.1691039008230223,0.65,0.6
2022-08-25,7065.336,7080.726,6930.839,7016.306,174351312,7176.943799999999,183276410.4,0.0205447352389546,0.0161326979220779,0.951302525073898,-9.173600000002809,243.5069999999996,-0.3520588044781091,0.65,0.55
2022-08-26,7032.656,7103.835,6966.066,6980.18,161725036,7126.0988,177466524.4,0.020750990820971,0.0165987507547781,0.9112988297188964,16.181400000002213,-13.021999999999023,0.1384830692234414,0.6,0.55
2022-08-29,6884.73,7022.794,6858.431,7021.315,153571445,7072.6464,173647292.8,0.0221645555164401,0.0168998481905787,0.8843872111319203,-2.60740000000078,77.2609999999986,0.0130920767680251,0.65,0.55
2022-08-30,7018.723,7025.464,6943.144,6976.722,153832925,7006.786599999999,170200464.0,0.0233652494951905,0.0158698791729012,0.9038337580560296,-12.407400000000052,-85.72799999999916,0.0463581655110856,0.65,0.6
2022-08-31,6954.508,6966.991,6738.524,6750.743,166559930,6949.0532,162008129.6,0.0220302917614349,0.0162150780463554,1.028096123393551,8.126400000001013,-181.3859999999995,0.1048158184134119,0.6,0.6
2022-09-01,6757.006,6819.617,6698.838,6717.1,136821290,6889.212,154502125.2,0.0213539236196359,0.0162255384425568,0.8855625113433715,-2.10780000000068,192.33599999999933,-0.2667959773877009,0.55,0.55
2022-09-02,6731.672,6801.349,6695.104,6776.827,128555383,6848.5414,147868194.6,0.0205420278091534,0.0160588662745199,0.8693917129897791,19.170599999999467,93.36999999999988,0.1263628136965872,0.55,0.5
2022-09-05,6774.193,6831.221,6739.135,6791.092,131911039,6802.496799999999,143536113.4,0.0185721627039469,0.0159417394196388,0.919009410770349,-5.374000000000706,-45.46200000000045,0.0657884961341622,0.55,0.5
2022-09-06,6808.874,6919.646,6780.437,6919.646,144344325,6791.0816,141638393.4,0.0202359025334348,0.0164199838249448,1.0191045064480375,34.62940000000253,114.28900000000068,0.0504773978971188,0.55,0.5
2022-09-07,6894.715,6989.755,6882.595,6963.52,142998350,6833.637,136926077.4,0.0165450087731505,0.0167626934851575,1.0443470865104911,53.97059999999783,-84.67999999999938,-0.0748525156152353,0.55,0.5
2022-09-08,6965.562,6975.132,6889.863,6897.1,133014603,6869.637,136164740.0,0.0154214481894119,0.0168085493779642,0.9768652516062528,-6.555399999999281,-110.29400000000078,-0.0927244149666917,0.55,0.5
2022-09-09,6908.713,6918.204,6848.27,6913.579,130940777,6896.9874,136641818.8,0.0143090010587329,0.0167364142859896,0.9582774742749544,-8.649599999999737,82.89899999999943,0.0488940575729399,0.55,0.5
2022-09-13,6935.591,6957.353,6886.361,6904.078,125982583,6919.5846,135456127.6,0.0136535603157393,0.0166935808382465,0.9300618970300464,-4.753200000000106,-25.97999999999865,-0.0096277999136098,0.5,0.5
2022-09-14,6800.927,6851.093,6783.188,6829.558,121309407,6901.567,130849144.0,0.011618535052864,0.0166774728871158,0.9270936231726514,-40.61480000000029,-65.01900000000114,0.0252473033875133,0.45,0.45
2022-09-15,6859.248,6866.554,6543.199,6619.189,160634562,6832.7008000000005,134376386.4,0.0183110114327826,0.018696195228456,1.1954076627856096,-50.84859999999935,-135.84899999999925,0.271282313470353,0.4,0.5
2022-09-16,6599.271,6632.56,6480.097,6481.245,135704169,6749.529799999999,134914299.6,0.0205431512322169,0.0194658145700548,1.0058546010492724,-14.304800000001704,72.42499999999927,-0.4578671013492954,0.4,0.45
2022-09-19,6468.395,6504.752,6364.073,6399.802,107934181,6646.7744,130312980.4,0.0229164149152778,0.0196296086510338,0.8282688391340023,-19.584399999997917,56.50100000000021,0.0119672998210671,0.35,0.45
2022-09-20,6441.096,6536.425,6436.761,6482.131,99898034,6562.385,125096070.6,0.0239349293519017,0.019581301972007,0.7985705188089257,18.36599999999908,163.77200000000084,0.1478874415901935,0.35,0.4
2022-09-21,6461.249,6506.062,6378.634,6480.602,105600093,6492.5938,121954207.8,0.0258789649007631,0.0202746629955631,0.8658995446321943,14.598199999999451,-83.85800000000108,0.0970273461483451,0.35,0.4
2022-09-22,6438.285,6554.298,6429.495,6487.274,105146988,6466.2108,110856693.0,0.0199563601073639,0.019210668018683,0.9484947201158166,43.40820000000076,8.201000000000931,0.0152661496603536,0.4,0.4
2022-09-23,6486.786,6504.034,6306.962,6363.684,111965685,6442.698600000001,106108996.2,0.0214452609446957,0.0196909459964901,1.0551950259614271,2.8708000000005995,-130.26200000000065,0.0241051303619884,0.4,0.45
2022-09-26,6318.299,6404.015,6274.339,6283.592,110453493,6419.4566,106612858.6,0.0211763543044998,0.019735949521916,1.0360241198897937,0.2701999999990221,43.49799999999959,-0.1258712119172446,0.35,0.45
2022-09-27,6302.888,6409.776,6287.775,6409.776,106033494,6404.9856,107839950.6,0.0219080326633103,0.0195171712587246,0.9832487256350804,8.77099999999973,206.27600000000075,-0.0336044881830793,0.4,0.4
2022-09-28,6397.836,6401.841,6211.109,6211.109,104960077,6351.087,107711947.4,0.0241170757714492,0.0204626195646278,0.97445157694735,-39.427599999999074,-324.85099999999966,0.0439782455669828,0.4,0.45
2022-09-29,6270.907,6307.782,6192.772,6228.779,105730744,6299.388000000001,107828698.6,0.0239623089895551,0.019693672325713,0.9805436342343096,2.1995999999999185,216.33699999999956,0.0148892059746901,0.45,0.45
2022-09-30,6221.831,6241.958,6123.988,6124.864,92564600,6251.624,103948481.6,0.0216208310913283,0.0197576728644132,0.8904853498119785,3.934999999998581,-121.58500000000096,-0.0961503417092908,0.4,0.45
2022-10-10,6136.712,6154.063,5964.621,5984.501,102448137,6191.8058,102347410.4,0.0238244705570525,0.0205565602088907,1.0009841636403534,-12.054199999998673,-36.4479999999985,0.200557098250706,0.35,0.4
2022-10-11,5994.763,6044.285,5939.068,6017.719,94238001,6113.3944,99988311.8,0.0235146604524497,0.0207527956958502,0.9424901701360658,-18.59320000000025,173.58099999999922,-0.1689928073326624,0.35,0.35
2022-10-12,6017.675,6192.654,5918.021,6192.654,120053053,6109.7034,103006907.0,0.0262426578473686,0.0219643083931112,1.165485465940648,74.72040000000015,141.71700000000055,0.2814892893088696,0.35,0.35
2022-10-13,6162.705,6311.506,6146.404,6252.222,128700906,6114.392,107600939.4,0.0278311856245665,0.022515216538567,1.196094631865268,8.3795999999993,-115.3670000000011,-0.1923861298799621,0.4,0.35
2022-10-14,6296.352,6427.469,6286.672,6406.458,141802026,6170.7108,117448424.6,0.0283744894031787,0.0229959331678549,1.207355709392802,51.630200000000514,94.66800000000056,-0.0193480883970857,0.4,0.4
2022-10-17,6380.207,6476.398,6370.148,6472.451,132444628,6268.3008,123447722.8,0.0253265475665476,0.0233109468358444,1.0728802848358414,41.271200000000135,-88.24299999999948,-0.1457365020844947,0.45,0.4
2022-10-18,6490.596,6551.796,6447.778,6508.504,129920946,6366.4578,130584311.8,0.025026013188658,0.0235959089140799,0.994920019174922,0.5670000000000073,-29.94000000000051,0.0565151588960413,0.5,0.45
2022-10-19,6492.599,6533.565,6460.7,6461.146,124647381,6420.1562,131503177.4,0.0184118572976009,0.0236626389542955,0.9478659258616514,-44.45859999999993,-83.41100000000006,0.0309061723476485,0.5,0.45
2022-10-20,6431.986,6525.799,6342.154,6429.704,133524986,6455.652599999999,132467993.4,0.0188428645392694,0.0226481798151887,1.00797923009831,-18.20200000000113,15.916000000000167,0.1071673975499292,0.5,0.45
2022-10-21,6433.327,6469.094,6387.766,6432.326,119879781,6460.8262,128083544.4,0.0169761211493343,0.0221041756471342,0.9359499033351236,-30.322799999998097,34.064000000000306,-0.1321426309998449,0.55,0.5
2022-10-24,6448.866,6554.369,6335.073,6378.433,141357126,6442.022599999999,129866044.0,0.0205691470221825,0.0227241298625706,1.0884841152164455,-23.977200000002085,-56.51500000000033,0.2245635386445086,0.5,0.55
2022-10-25,6346.153,6411.166,6248.839,6355.779,129321410,6411.4776,129746136.8,0.022480787737653,0.0232323735105177,0.996726478256114,-11.741399999998066,31.239000000000487,-0.2442918488416539,0.5,0.5
2022-10-26,6358.06,6548.618,6348.99,6491.691,150663892,6417.5866,134949439.0,0.0263755674329943,0.0237867895873533,1.1164469679640536,36.65399999999863,158.5659999999989,0.2114781266682712,0.5,0.55
2022-10-27,6497.52,6544.416,6459.923,6461.61,146773822,6423.9678,137599206.2,0.0232784043992762,0.0234786908881668,1.0666763715676146,0.2722000000012485,-165.99299999999948,-0.1694910861043785,0.5,0.55
2022-10-28,6412.613,6446.605,6216.274,6239.932,156120495,6385.489,144847349.0,0.0281321611404151,0.0237759006960641,1.0778277688741131,-44.86000000000149,-191.59699999999972,0.0609219937029374,0.5,0.55
2022-10-31,6201.746,6349.117,6201.283,6292.619,145874788,6368.3262,145750881.4,0.0259546372496058,0.0239187005988471,1.0008501259053106,21.316000000001623,274.3649999999998,-0.088129040275301,0.5,0.55
2022-11-01,6299.027,6440.917,6277.616,6439.823,152262990,6385.135,150339197.4,0.0259182235436177,0.0242349212305946,1.0127963474148491,33.97159999999894,94.51700000000072,0.088923864478341,0.55,0.55
2022-11-02,6434.95,6557.01,6424.66,6524.514,162568563,6391.6996,152720131.6,0.0238249687744143,0.0237137628380945,1.0644867922573216,-10.244200000000092,-62.51300000000083,0.0397442233329339,0.55,0.6
2022-11-03,6467.227,6576.372,6461.296,6566.841,141513704,6412.7458,151668108.0,0.0247144979516769,0.0236667381286972,0.933048521974046,14.481600000000071,-42.36399999999958,-0.1831287151257479,0.6,0.65
2022-11-04,6569.185,6719.513,6568.782,6709.645,165062434,6506.6884,153456495.8,0.0218249786334016,0.0238269375815824,1.0756301526337864,72.89640000000054,100.47699999999986,0.2740199009430157,0.65,0.7
2022-11-07,6713.731,6749.756,6660.979,6713.638,160254947,6590.8922,156332527.6,0.019771007303704,0.02290533478551,1.0250902320855202,-9.738800000000085,-138.8110000000006,-0.1931215512080064,0.65,0.75
2022-11-08,6707.012,6708.08,6647.442,6694.956,135471787,6641.9188,152974287.0,0.0165108615653086,0.0224839715088093,0.8855853467713826,-33.177200000000084,-22.674999999999272,-0.0889649647658714,0.6,0.7
2022-11-09,6694.405,6736.672,6664.371,6676.008,126564565,6672.217600000001,145773487.4,0.0146198494151759,0.0208080607300464,0.8682275992527294,-20.72779999999966,-0.2660000000005311,0.1221471377954844,0.55,0.65
2022-11-10,6638.516,6663.113,6583.865,6603.309,142137645,6679.511200000001,145898275.6,0.0135153408152537,0.020087776926369,0.9742242971376148,-23.005200000000517,-53.750999999999294,0.1233544454035384,0.5,0.6
2022-11-11,6749.066,6776.742,6641.763,6643.482,191648966,6666.278600000001,151215582.0,0.013085877476878,0.0200047846000072,1.267389004924109,-20.526200000000244,112.8719999999994,0.1871680099016089,0.5,0.6
2022-11-14,6639.023,6688.007,6570.491,6599.666,174303985,6643.484200000001,154025389.6,0.0140024722044075,0.0200743159449749,1.1316574848644303,-9.561799999999494,-83.98899999999958,-0.4288962278461727,0.45,0.55
2022-11-15,6593.628,6752.513,6576.875,6752.513,170939160,6654.9956,161118864.2,0.0173931710721641,0.0205757609796858,1.0609506270340257,34.30579999999918,196.6629999999996,0.0650246622292736,0.5,0.5
2022-11-16,6749.96,6775.383,6687.317,6702.042,155021163,6660.2024,166810183.8,0.0178552109229986,0.0206688991363958,0.9293267321488318,-6.304599999999482,-203.3179999999993,-0.060917037054789,0.5,0.55
2022-11-17,6685.943,6714.503,6629.897,6714.503,159191253,6682.441199999999,170220905.4,0.0179750569449576,0.0198708250277911,0.935203890649732,17.031999999999243,62.93199999999888,0.1375010533860942,0.5,0.5
2022-11-18,6711.894,6752.837,6650.742,6658.4,168105221,6685.424800000001,165512156.4,0.0169782079545905,0.0200053063013213,1.0156669132733265,-19.255199999997785,-68.5639999999994,0.0745858641226938,0.5,0.5
2022-11-21,6622.603,6689.326,6585.279,6689.326,137155265,6703.3568,158082412.4,0.0165277734011534,0.0190639725397177,0.867618749725001,14.948399999997491,87.02900000000045,-0.2285111861719194,0.55,0.5
2022-11-22,6682.052,6692.239,6556.336,6583.233,150853226,6669.5008,154065225.6,0.015454382912837,0.0188191597734818,0.9791516898930892,-51.78799999999865,-137.01900000000023,0.2595811037164134,0.5,0.5
2022-11-23,6572.164,6592.304,6451.955,6567.993,144366228,6642.691000000001,151934238.6,0.0171000736808942,0.0183500256983708,0.9501889062680308,7.046200000000681,90.85300000000008,-0.1404957237931465,0.5,0.45
2022-11-24,6573.472,6611.795,6553.956,6586.857,126197332,6617.1618,145335454.4,0.0163361707030711,0.0181352666037398,0.8683175933979121,1.2805999999982305,34.10399999999936,-0.05290852924506,0.55,0.5
2022-11-25,6573.019,6573.019,6508.516,6512.162,124579396,6587.914200000001,136630289.4,0.0152505191406754,0.0167848958013864,0.9117992543752892,-3.718399999997928,-93.55899999999929,0.1253529738474956,0.5,0.5
2022-11-28,6426.931,6494.981,6412.032,6492.712,129881780,6548.5914,135175592.4,0.0146948243898316,0.0162490193247741,0.9608375128526532,-10.075200000002042,55.24499999999989,0.0055565974999866,0.45,0.45
2022-11-29,6505.896,6607.456,6505.896,6594.322,157448301,6550.809200000001,136494607.4,0.0136462884163029,0.0157511759916531,1.1535129775390671,41.54060000000118,121.05999999999948,0.1436372062090503,0.45,0.45
2022-11-30,6591.678,6619.271,6561.275,6590.307,155403136,6555.272,138701989.0,0.0111326021929397,0.0151769340530021,1.1204102920254446,2.2449999999989814,-105.625,-0.2257781502000365,0.4,0.45
2022-12-01,6645.467,6691.509,6639.632,6658.427,162150678,6569.586,145892658.2,0.0109346439036552,0.0146903030917344,1.1114382313722213,9.851200000000972,72.13500000000022,0.0241306248603991,0.4,0.45
2022-12-02,6644.442,6721.692,6637.16,6680.542,149424028,6603.262,150861584.6,0.0114843356856976,0.0141997350644604,0.9904710228000616,19.36199999999917,-46.0049999999992,-0.1119951479189365,0.4,0.4
2022-12-05,6710.725,6723.565,6675.602,6714.367,178915025,6647.592999999999,160668233.6,0.0103578616693682,0.0138957329161902,1.1135681334832326,10.654999999999744,11.709999999999129,0.2440643192553309,0.45,0.45
2022-12-06,6690.92,6731.066,6667.002,6703.552,154810114,6669.439,160140596.2,0.0091889808951786,0.0139207058241206,0.9667137357641484,-22.484999999997854,-44.64000000000033,-0.2699515084022551,0.45,0.45
2022-12-07,6684.609,6732.258,6677.52,6705.288,155989281,6692.4352,160257825.2,0.0090616230411038,0.0137873774594841,0.9733645193632642,1.1501999999982218,12.551000000000386,0.1535051813181996,0.5,0.45
2022-12-08,6694.844,6699.298,6648.347,6662.344,148611632,6693.2186,157550016.0,0.0090329088813386,0.0135696951082556,0.943266371994529,-22.212799999999334,-44.67999999999938,-0.0367489309678508,0.45,0.45
2022-12-09,6661.899,6684.149,6626.936,6680.375,160349164,6693.1852,159735043.2,0.0082150839277557,0.0129820366771798,1.003844621616505,-0.8168000000005122,60.974999999999454,0.0906763969907108,0.5,0.45
2022-12-12,6669.166,6680.612,6626.873,6655.674,153653068,6681.4466,154682651.8,0.0084012488150076,0.0124954270688402,0.993343896112337,-11.705199999999422,-42.73199999999997,-0.0710789751261433,0.45,0.5
2022-12-13,6654.67,6654.749,6586.868,6593.667,149692723,6659.469599999999,153659173.6,0.008548879584886,0.0117096329523011,0.9741866983462678,-10.238400000001093,-37.30599999999959,-0.0086564722619014,0.45,0.45
2022-12-14,6600.407,6626.699,6556.808,6570.018,139664931,6632.4156,150394303.6,0.0090437721153428,0.0115845177575701,0.9286583843724784,-5.076999999998407,38.35799999999927,-0.0263711162077202,0.4,0.45
2022-12-15,6557.904,6605.703,6544.999,6597.55,128850544,6619.4568,146442086.0,0.0093544486288584,0.0114145430292308,0.8798737270104169,14.09519999999884,51.181000000000495,-0.003256343388272,0.45,0.4
2022-12-16,6569.057,6581.934,6504.054,6519.436,134434849,6587.269,141259223.0,0.010030744438715,0.0112451707982109,0.9516890022819962,-19.22899999999936,-105.64600000000064,0.1205999326336407,0.4,0.45
2022-12-19,6518.382,6537.135,6367.446,6390.77,135485972,6534.288200000001,137625803.8,0.0137263516411232,0.0117950716288326,0.9844518125168616,-20.792999999999665,-50.55199999999877,-0.0390524650367137,0.4,0.4
2022-12-20,6380.216,6389.054,6321.141,6341.584,110008606,6483.8716,129688980.4,0.0138092067710926,0.011298338916865,0.8482494477225453,2.564199999998891,79.47999999999865,-0.1689651750291818,0.4,0.4
2022-12-21,6341.216,6344.656,6255.349,6289.136,102729735,6427.6952,122301941.2,0.0145216730403315,0.0109399175974294,0.8399681476192301,-5.759799999999814,-3.2619999999988067,0.1279210646910011,0.35,0.35
2022-12-22,6314.553,6319.574,6171.18,6186.928,113245456,6345.5708,119180923.6,0.0174784919798818,0.0117001233484335,0.950197838540664,-25.94799999999941,-49.76000000000113,0.118510991024749,0.35,0.35
2022-12-23,6154.658,6197.238,6120.944,6160.745,97094729,6273.8326,111712899.6,0.0175661066313172,0.0118240676708714,0.8691451868822497,10.386199999999008,76.02500000000055,-0.1912823425798481,0.35,0.35
2022-12-26,6161.937,6276.111,6161.937,6275.525,100031210,6250.7836,104621947.2,0.0158943742497683,0.0120949590938168,0.95612070580923,48.68920000000071,140.96299999999974,0.1680281705853945,0.35,0.35
2022-12-27,6288.606,6328.359,6256.042,6325.628,109270500,6247.5924,104474326.0,0.0160390199754442,0.0118965218066504,1.045907680706167,19.85780000000068,-64.67699999999968,0.0028114559699565,0.4,0.35
2022-12-28,6304.59,6306.949,6251.302,6268.466,105263874,6243.4584,104981153.8,0.0149744379284191,0.0119003765312993,1.0026930567036691,-0.942800000000716,-107.26499999999942,-0.1330015988994346,0.35,0.35
2022-12-29,6253.794,6322.246,6245.229,6261.829,102382211,6258.4386,102808504.8,0.0126373090504316,0.0121257896351276,0.9958535161966484,19.114199999999983,50.52499999999873,0.036375083495477,0.3,0.35
2022-12-30,6283.5,6296.244,6262.6,6281.621,97146496,6282.6138,102818858.2,0.0112317191456833,0.0117609135358678,0.9448314997919322,9.194999999999707,26.429000000001,-0.0441824758976955,0.3,0.35
2023-01-03,6286.814,6433.785,6275.688,6423.701,133181680,6312.249000000001,109448952.2,0.0125153142063406,0.0126343222280599,1.2168383280328927,5.460000000000946,122.28799999999956,0.3230288446456768,0.35,0.4
2023-01-04,6423.429,6445.619,6385.003,6421.276,131040093,6331.3786,113802870.8,0.0121168113374788,0.0126284794172254,1.151465618387546,-10.505600000001325,-144.5050000000001,-0.3373795378863072,0.3,0.45
2023-01-05,6427.455,6489.989,6413.75,6485.469,121661526,6374.7792,117082401.2,0.0126924243304803,0.0128080768536434,1.0391102740725136,24.27100000000064,66.6180000000004,-0.0469826346696857,0.35,0.45
2023-01-06,6482.883,6539.758,6478.626,6500.32,129383997,6422.4774,122482758.4,0.0121134280311283,0.012895919422575,1.056344572004675,4.297599999999875,-49.34200000000055,0.1295896422471938,0.35,0.5
2023-01-09,6523.137,6559.461,6517.575,6535.75,122047871,6473.3032,127463033.4,0.0123239899321842,0.0127881400369749,0.957515820426097,3.127600000000712,20.579000000000637,-0.1160630495107393,0.4,0.5
2023-01-10,6541.82,6546.542,6505.098,6540.201,111628121,6496.6032,123152321.6,0.0086690490136297,0.0127012722777155,0.906423196491328,-27.52580000000125,-30.97900000000027,0.0477361276438088,0.45,0.55
2023-01-11,6544.567,6562.351,6480.945,6486.905,112882942,6509.729,119520891.4,0.0092909317413979,0.0128139924563534,0.9444620156171292,-10.174199999998564,-57.7470000000003,0.0891314430605704,0.45,0.6
2023-01-12,6495.159,6529.812,6469.477,6489.57,104937470,6510.5492,116176080.2,0.008799305679366,0.0127469602446492,0.9032622706786764,-12.305600000000595,55.96100000000024,-0.0792385640642542,0.45,0.6
2023-01-13,6505.238,6517.514,6475.657,6517.514,110761936,6513.987999999999,112451668.0,0.0082028604615497,0.0126080223807478,0.9849737044362916,2.618599999998878,25.27900000000045,0.1229111786960683,0.5,0.6
2023-01-16,6521.454,6628.731,6521.454,6591.806,141070888,6525.1992,116256271.4,0.0101759692273559,0.0128244462341352,1.213447552559302,7.772400000001653,46.34799999999905,0.1467624143653948,0.55,0.65
2023-01-17,6600.251,6622.318,6573.282,6597.495,108421111,6536.657999999999,115614869.4,0.0103951111563786,0.0118684621565293,0.9377782595151208,0.2475999999987834,-68.60299999999916,-0.5041431411671916,0.6,0.7
2023-01-18,6613.743,6635.855,6593.372,6613.005,105834674,6561.878,114205215.8,0.0091700866945117,0.0116542124372082,0.9267061338541772,13.761200000000828,9.820999999999913,0.2645971673832379,0.65,0.75
2023-01-19,6605.448,6678.179,6590.419,6676.081,107589560,6599.1802,114735633.8,0.0099397287959434,0.0116014741835522,0.9377170495048068,12.08219999999983,47.5659999999998,0.022083041311573,0.7,0.75
2023-01-20,6690.143,6740.129,6690.143,6736.851,122762682,6643.0476,117135783.0,0.0101392394118485,0.0107732092387395,1.048037404590534,6.565200000000004,-2.3060000000004948,0.0993094394350975,0.75,0.8
2023-01-30,6815.139,6839.843,6780.373,6786.453,170769332,6681.977000000001,123075471.8,0.0086369894785208,0.0105921669459361,1.38751718358231,-4.937999999999192,-11.167999999998756,0.2291594239060487,0.75,0.8
2023-01-31,6763.399,6820.142,6758.902,6805.275,147712346,6723.533,130933718.8,0.0089502662063751,0.010132435145681,1.128145960824875,2.626599999998689,-30.780000000001564,-0.5988510017492108,0.75,0.75
2023-02-01,6815.057,6916.726,6812.786,6916.721,169651661,6784.2762,143697116.2,0.0106709046396014,0.0103121836032474,1.180619802862822,19.187200000000303,92.6240000000007,0.3118450647953819,0.8,0.75
2023-02-02,6926.579,6969.787,6908.697,6933.225,167133986,6835.705,155606001.4,0.0098040563787276,0.0103088787961293,1.0740844472339226,-9.314400000000203,-94.9419999999991,-0.1590091976668461,0.85,0.8
2023-02-03,6922.791,6934.325,6829.399,6925.076,157558880,6873.35,162565241.0,0.0113504194966815,0.010451486850302,0.9692039886927613,-13.783799999999246,-24.65300000000116,0.0016548970877379,0.8,0.75
2023-02-06,6902.492,6928.281,6853.911,6891.413,146059027,6894.342,157623180.0,0.0117561485014296,0.0107232742848726,0.9266341854034412,-16.653000000001157,-25.514000000000124,0.0623106552518414,0.75,0.7
2023-02-07,6900.232,6924.419,6864.206,6924.322,150108752,6918.1514,158102461.2,0.0116955420698607,0.009927492111561,0.9494396915814745,2.8174000000008164,66.57200000000103,0.0653753094673529,0.8,0.65
2023-02-08,6927.33,6932.991,6873.599,6877.725,138510731,6910.352199999999,151874275.2,0.0104171544231343,0.0098872693746613,0.912009165591725,-31.60860000000048,-79.50600000000031,-0.0602360321677823,0.75,0.65
2023-02-09,6864.026,6999.182,6850.569,6999.182,149147697,6923.5436,148277017.4,0.0129014973074074,0.0103611470403611,1.005871979456204,20.990600000000995,168.05399999999918,0.1312933398542283,0.75,0.6
2023-02-10,6991.235,7015.249,6926.483,6975.395,152432051,6933.607399999999,147251651.6,0.0124162942903835,0.0105272034151158,1.0351805860491958,-3.127600000001621,-145.24399999999878,-0.0645542072714869,0.7,0.6
2023-02-13,6976.33,7052.596,6973.408,7052.177,160848480,6965.7602,150209542.2,0.012503730682859,0.0107682094725414,1.0708273099310466,22.08900000000176,100.5689999999986,0.0063381172888588,0.7,0.55
2023-02-14,7064.529,7070.335,7028.785,7061.449,151786438,6993.1856,150545079.4,0.0119413690914275,0.0107455721310105,1.0082457600404306,-4.727400000000671,-67.50999999999931,-0.0982282737724666,0.75,0.55
2023-02-15,7062.362,7076.869,7038.986,7063.605,159779328,7030.361599999999,154798798.8,0.0112869114687289,0.0103862643064941,1.03217421090221,9.750599999999396,-7.1159999999999854,0.0865100007523953,0.75,0.55
2023-02-16,7063.926,7098.917,6878.348,6925.203,217381617,7015.565799999999,168445582.8,0.0134103666059502,0.0115139122720072,1.290515390113275,-51.97179999999935,-140.55799999999908,0.2344127283492856,0.7,0.55
2023-02-17,6931.993,6954.847,6861.305,6868.548,172656902,6994.196399999999,172490553.0,0.0135890270988667,0.011873745074445,1.0009643948442788,-6.573600000000624,81.74699999999848,-0.5478921744800613,0.65,0.5
2023-02-20,6871.863,6959.752,6825.874,6959.361,165614379,6975.633199999999,173443732.8,0.0151906746948916,0.0120218858394253,0.9548594021034584,2.8062000000008998,147.46800000000076,0.2434460025281758,0.65,0.45
2023-02-21,6969.355,7008.546,6939.593,6990.475,171690946,6961.438399999999,177424634.4,0.0159866324911484,0.0121434524647029,0.9676838088499394,4.368399999999383,-59.698999999999614,0.0589293994873015,0.65,0.45
2023-02-22,6961.151,7014.562,6947.117,6998.43,144601016,6948.4034,174388972.0,0.0168414396894361,0.0123041025552252,0.8291866988011145,1.159800000001269,-23.15900000000056,-0.151321516795306,0.65,0.45
2023-02-23,6997.783,7008.679,6929.612,6966.787,141862467,6956.720200000001,159285142.0,0.0127412294171031,0.0122142874272971,0.8906195845937721,21.351799999999457,-39.59799999999996,0.1999299958414825,0.6,0.45
2023-02-24,6971.649,6983.161,6906.686,6944.824,121078826,6971.9754,148969526.8,0.0122198110353764,0.012393887980327,0.8127757978486106,6.938399999999092,9.679999999999382,-0.139276672537819,0.55,0.4
2023-02-27,6928.035,6950.884,6876.254,6894.296,129300939,6958.962400000001,141706838.8,0.0105373669577442,0.0124969802092311,0.91245376789818,-28.26819999999861,-28.56499999999869,0.1775217567947307,0.5,0.4
2023-02-28,6911.362,6955.573,6874.925,6955.573,131036025,6951.982000000001,133575854.6,0.0108835431278033,0.01262677169506,0.9809858629944338,6.032599999998638,111.80499999999938,-0.0311458749533153,0.5,0.35
2023-03-01,6955.482,7002.771,6932.757,7002.771,155908555,6952.850199999999,135837362.4,0.01095571927299,0.0123753062135723,1.1477589983004557,7.8485999999984415,-14.079000000000631,0.0982410402097679,0.5,0.35
2023-03-02,6999.232,7021.108,6963.055,6972.306,166505708,6953.954,140766010.6,0.0103511377795452,0.0123510577775015,1.1828544922903428,0.2356000000027052,-77.66299999999956,-0.1316776413161348,0.5,0.4
2023-03-03,6970.213,6997.425,6921.267,6967.94,154598247,6958.5772,147469894.8,0.0103347326805982,0.0121399662763062,1.0483376773928503,3.519399999999223,26.09900000000016,-0.1696123088873795,0.5,0.4
2023-03-06,6973.523,7004.71,6933.993,6997.045,150317134,6979.127,151673133.8,0.0101910935676642,0.0121057164757898,0.9910597231953546,15.92660000000069,33.47100000000046,0.0772388606999967,0.5,0.45
2023-03-07,6991.56,6993.178,6855.344,6855.344,159757780,6959.0812000000005,157417484.8,0.0118933605384789,0.0126762263122145,1.0148668059521682,-40.59560000000056,-170.8060000000005,0.0810850369543092,0.5,0.45
2023-03-08,6838.628,6894.364,6832.037,6891.455,121280600,6936.817999999999,150491893.8,0.0117025718607884,0.0126966605729858,0.8058945697180135,-2.217400000001362,177.8119999999999,-0.2327793189909681,0.5,0.45
2023-03-09,6898.24,6911.539,6851.909,6892.857,126671261,6920.9282,142525004.4,0.0117675234586754,0.0120675643153185,0.8887651786664319,6.373400000002221,-34.70899999999983,0.291842845182573,0.55,0.45
2023-03-10,6854.41,6864.935,6795.223,6798.299,140338591,6887.0,139673073.2,0.0116324348890545,0.0119440014259739,1.0047648253507464,-18.038400000001275,-95.96000000000004,0.0331290377358961,0.5,0.45
2023-03-13,6780.023,6832.621,6750.219,6832.621,141191187,6854.1152,137847883.8,0.0120231131726985,0.0119855620982496,1.0242535692811263,1.0434000000004744,128.8800000000001,-0.0965109027539343,0.5,0.4
2023-03-14,6824.248,6824.248,6690.086,6769.849,156336435,6837.0162,137163614.8,0.0119654152277718,0.0126822378463006,1.139780657049292,15.785799999999654,-97.09400000000004,0.0960383438377852,0.45,0.45
2023-03-15,6797.821,6844.966,6794.408,6803.474,139147010,6819.42,140736896.8,0.0116428361705976,0.012785641748453,0.9887031273521728,-0.4971999999997933,96.39699999999992,-0.2666046174652845,0.5,0.4
2023-03-16,6769.607,6777.906,6677.681,6689.783,141881845,6778.805200000001,143779013.6,0.0129089995141266,0.0119422225423626,0.986804968593831,-23.018599999999424,-147.3159999999998,0.1491793709387775,0.5,0.4
2023-03-17,6726.957,6781.946,6717.144,6736.367,161535345,6766.4188,148018364.4,0.0127820786130815,0.0117422643045276,1.091319618716176,28.228399999999056,160.27499999999964,0.1064128088806866,0.5,0.4
2023-03-20,6745.952,6760.91,6694.522,6721.455,175313441,6744.1856,154842815.2,0.0123454669440686,0.0112742601605439,1.1322026196279078,-9.846800000000258,-61.496000000000095,-0.0636316492106131,0.45,0.4
2023-03-21,6726.798,6810.288,6725.835,6809.391,146584935,6752.094,152892515.2,0.0108624377977814,0.0114011891729588,0.9587450033656064,30.141600000000835,102.84799999999996,-0.2143406171740333,0.45,0.4
2023-03-22,6830.194,6845.761,6810.765,6840.326,160318267,6759.4644,157126766.6,0.0103994231779384,0.0111751376205786,1.0203116277962023,-0.5380000000004657,-57.000999999999294,0.2350242406928977,0.5,0.4
2023-03-23,6827.676,6869.176,6809.851,6868.835,165448056,6795.274800000001,161840008.8,0.0091304300664184,0.0110395227046914,1.0222939137655311,28.44000000000142,-2.4260000000003856,-0.0595843384612676,0.55,0.4
2023-03-24,6874.538,6880.194,6840.75,6867.952,181680229,6821.5918,165868985.6,0.0083551243696858,0.010776092638105,1.0953236878058052,-9.493400000002111,-29.391999999999825,0.0710474880709455,0.55,0.45
2023-03-27,6874.386,6900.633,6830.945,6886.689,195064403,6854.6386,169819178.0,0.0084035650394085,0.0107408096809599,1.148659446461341,6.729800000000978,19.61999999999989,-0.019694015384738,0.55,0.45
2023-03-28,6881.108,6884.543,6816.447,6825.383,170468837,6857.837,174595958.4,0.0079184541036036,0.0106599169169089,0.9763618732196264,-29.848399999999856,-80.04300000000057,-0.2256333318972508,0.5,0.45
2023-03-29,6825.129,6839.899,6785.149,6806.281,160806595,6851.028,174693624.0,0.0085040361170553,0.0105622168315949,0.9205063774966394,-10.007400000000416,42.20400000000063,0.1164420775187277,0.5,0.4
2023-03-30,6802.07,6814.689,6751.692,6807.644,146175756,6838.7898000000005,170839164.0,0.0086274414131945,0.0106085986131037,0.8556337585449669,-5.429199999999582,20.465000000000146,-0.0090171232286854,0.55,0.4
2023-03-31,6806.608,6878.319,6801.943,6875.808,151581950,6840.361,164819508.2,0.0097003882274709,0.0106175065248232,0.9196845182674802,13.809399999999188,66.80099999999948,0.1289233786741858,0.55,0.4
2023-04-03,6878.089,6966.693,6878.089,6962.205,194554477,6855.4642,164717523.0,0.0102218275162276,0.0107484931681008,1.1811401328564175,13.532000000001062,18.23300000000017,0.197404854866424,0.6,0.4
2023-04-04,6960.906,6966.993,6918.133,6953.363,213211962,6881.0602,173266148.0,0.0096318154431224,0.0100945306430698,1.2305459806262906,10.49279999999908,-95.23899999999958,-0.2120497668190641,0.55,0.45
2023-04-06,6926.189,6988.375,6921.662,6983.027,191009494,6916.4094,179306727.8,0.0099337260047818,0.0101200053675933,1.0652667434378331,9.753200000000106,38.5059999999994,-0.2146850849583306,0.55,0.4
2023-04-07,6987.007,7043.222,6978.348,7042.89,167437320,6963.458600000001,183559040.6,0.0099252086465672,0.0101480199100767,0.9121714705671652,11.700000000001635,30.199000000000524,0.0121839643177896,0.6,0.45
2023-04-10,7050.236,7052.741,6950.771,6968.573,181007868,6982.011600000001,189444224.2,0.0106301900765394,0.0103669453216944,0.9554678627146028,-28.49620000000141,-134.1800000000003,0.1963916650181052,0.55,0.5
2023-04-11,6967.03,6986.443,6937.02,6984.142,162793965,6986.398999999999,183092121.8,0.0095001964524414,0.0101177639880365,0.8891369186153589,-14.165600000001175,89.88599999999951,-0.1096273362466812,0.6,0.45
2023-04-12,6989.693,7027.84,6979.278,7021.016,180300938,6999.9296,176509917.0,0.0094781658756795,0.0094727183050467,1.0214776657563098,9.143200000002253,21.30500000000029,0.1986716912401946,0.6,0.5
2023-04-13,7011.658,7029.104,6956.676,6966.819,182936746,6996.688,174895367.4,0.0096466744773899,0.0096209649442914,1.0459782252643015,-16.77220000000125,-91.070999999999,-0.1078401876329592,0.6,0.55
2023-04-14,6978.592,7026.121,6942.569,7020.094,174751802,6992.1288,176358263.8,0.0101847863669445,0.0094669666232811,0.9908909184895252,-1.317599999999402,107.47199999999884,-0.0795878662827679,0.6,0.55
2023-04-17,7009.468,7030.24,6989.697,7012.773,173463101,7000.9688,174849310.4,0.008414480342755,0.0092750457541128,0.9920719767391202,13.399199999998928,-60.59599999999955,0.0562683650243711,0.6,0.55
2023-04-18,7002.257,7014.385,6961.506,6997.072,160278095,7003.5548,174346136.4,0.0085106491795191,0.0091590595468991,0.9193097037279686,-6.253999999998996,-8.38000000000011,-0.0739433312607464,0.55,0.55
2023-04-19,6988.655,7011.931,6955.361,6965.576,168968117,6992.4668,172079572.2,0.0087515900517217,0.0089450063685318,0.9819185092093112,-13.673999999999978,-15.795000000000073,0.135371078492494,0.5,0.5
2023-04-20,6956.365,6963.899,6911.981,6963.899,174240785,6991.882800000001,170340380.0,0.0081634240463858,0.0090619651614032,1.022897712215976,10.504000000000817,29.81900000000041,-0.0216296024746774,0.45,0.5
2023-04-21,6954.098,6963.077,6773.512,6773.512,193177324,6942.566400000001,174025484.4,0.0113803011482902,0.0100294343937491,1.110051925245496,-48.73240000000169,-188.71000000000092,0.0461750100228547,0.45,0.45
2023-04-24,6766.518,6771.652,6692.224,6725.27,172365639,6885.065799999999,173805992.0,0.0125861157361773,0.0103327935957356,0.9917128691397477,-8.184200000000601,142.14500000000135,-0.2054932691352681,0.4,0.45
2023-04-25,6708.278,6711.567,6517.273,6603.239,194399820,6806.2992,180630337.0,0.0169594638974113,0.0112980342613998,1.0762301794299372,-21.265999999997803,-73.78900000000158,0.2028563663959379,0.4,0.4
2023-04-26,6577.359,6667.429,6573.878,6624.401,184561745,6738.064199999999,183749062.6,0.0181596269742585,0.0115052995861955,1.0044227839233617,10.531599999997525,143.19300000000112,-0.1563247057967652,0.45,0.4
2023-04-27,6597.73,6672.219,6593.384,6633.493,174202091,6671.983,183741323.8,0.0190454431778549,0.0116973169266031,0.9480833565214576,2.153800000002775,-12.069999999999707,0.0154679681046717,0.45,0.45
2023-04-28,6617.325,6724.573,6617.325,6723.305,189027616,6661.9416,182911382.2,0.0166385347948422,0.012032207739161,1.033438235097433,56.03979999999865,80.71999999999935,0.1416943059778792,0.45,0.45
2023-05-04,6701.491,6738.444,6698.642,6733.97,202137047,6663.681600000001,188865663.8,0.0154585844739061,0.0117723426573444,1.070268904008162,11.781400000000758,-79.14699999999993,-0.0485242096652464,0.45,0.45
2023-05-05,6723.159,6723.979,6612.741,6653.653,185876962,6673.7644,187161092.2,0.0129174425239632,0.0119719380133337,0.993138904112465,8.342799999998533,-90.98199999999996,-0.1139606688064258,0.45,0.45
2023-05-08,6660.917,6714.389,6660.917,6702.5,204204619,6689.3842,191089667.0,0.0116885897576062,0.0120194931648165,1.0686324499168236,5.537000000001171,129.16399999999976,0.1526235457000555,0.45,0.45
2023-05-09,6696.668,6705.738,6610.567,6611.637,217518238,6685.013000000001,199752896.4,0.0121906059804856,0.0122615369205291,1.088936590758741,-19.990999999999985,-139.71000000000004,-0.0551894049624412,0.4,0.45
2023-05-10,6599.788,6648.037,6576.399,6627.311,172301277,6665.814199999999,196407628.6,0.0111621727419831,0.012341448763015,0.8772636695843697,-14.827600000002349,106.53700000000026,-0.2319770620162885,0.45,0.4
2023-05-11,6634.164,6653.383,6618.193,6622.521,155805155,6643.524399999999,187141250.2,0.0110427841803899,0.0118754911833071,0.8325537786751411,-3.0909999999976208,-20.463999999999945,0.1669630302651426,0.4,0.45
2023-05-12,6608.828,6630.559,6535.11,6535.944,153329115,6619.9826,180631680.8,0.0106198582341934,0.0122518534587717,0.8488495169890485,-1.251999999999498,-81.78699999999935,0.061005629223136,0.35,0.4
2023-05-15,6537.397,6585.91,6466.449,6585.91,161126819,6596.664600000001,172016120.8,0.0126520495498878,0.0128129640833685,0.9366960390145014,0.2237999999997555,136.54299999999876,0.0715507837115454,0.4,0.35
2023-05-16,6586.718,6586.718,6501.307,6516.289,142434107,6577.594999999999,156999294.6,0.0123946172529131,0.0129485226144098,0.9072276876331902,4.248399999997673,-119.58699999999952,-0.117314873406764,0.35,0.4
2023-05-17,6500.439,6555.769,6497.379,6554.98,125778063,6563.1288,147694651.8,0.0120142610302145,0.0127988174288325,0.85160878520044,4.603400000002694,108.3119999999999,-0.0261505510514389,0.4,0.35
2023-05-18,6557.371,6595.491,6554.081,6583.739,144368801,6555.3724,145407381.0,0.0122094715447049,0.0128242389837946,0.9928574464868464,6.709799999998722,-9.931999999999787,0.1968675637191566,0.45,0.4
2023-05-19,6571.087,6621.426,6545.085,6602.318,135432989,6568.647199999999,141828155.8,0.0116012819259909,0.0130245116453897,0.9549090463460712,21.031199999999444,-10.179999999999382,-0.1791970614271818,0.5,0.45
2023-05-22,6589.351,6608.883,6556.74,6595.984,131198543,6570.661999999999,135842500.6,0.0095545598287443,0.0130137065276242,0.9658136622964963,-11.259999999999309,-24.913000000000466,0.0488530160912006,0.5,0.5
2023-05-23,6591.557,6600.802,6528.453,6528.453,128595517,6573.094800000001,133074782.6,0.0091495193917048,0.0131950464507396,0.9663402373275792,0.4180000000014843,-61.19700000000012,-0.0103780409193423,0.5,0.55
2023-05-24,6507.06,6564.513,6476.689,6513.181,125855093,6564.735000000001,133090188.6,0.010064781358394,0.0124699374813585,0.9456376486042488,-10.792600000001585,52.25899999999911,-0.0212291637544133,0.5,0.55
2023-05-25,6502.23,6541.388,6424.447,6501.0,135834643,6548.1872,131383357.0,0.012404464690672,0.0127788262224182,1.0338801359749088,-8.188000000000102,3.0910000000012587,0.1089450760939904,0.5,0.55
2023-05-26,6495.348,6558.109,6451.727,6546.409,126275617,6537.0054,129551882.6,0.0133420004356085,0.012120145779939,0.9747107835544492,5.3659999999999854,57.58999999999924,-0.1474118397911196,0.5,0.55
2023-05-29,6560.161,6579.151,6518.031,6534.116,152482657,6524.6318,133808705.4,0.0136317437741524,0.0118817357275977,1.139557075484567,-1.1917999999996027,-57.70199999999932,0.2240156443505774,0.45,0.55
2023-05-30,6517.707,6565.477,6461.093,6564.469,151317651,6531.835,138353132.2,0.0145955952879712,0.0120825844782687,1.0937060014026918,19.57679999999982,42.64599999999973,-0.2106973660119929,0.45,0.5
2023-05-31,6556.515,6581.934,6523.273,6561.649,142968364,6541.5286,141775786.4,0.0136867827470433,0.0117319994694087,1.0084117156411696,2.4903999999996813,-33.172999999999774,-0.039443211679647,0.4,0.5
2023-06-01,6539.26,6616.527,6515.023,6574.758,153962339,6556.280199999999,145401325.6,0.0131768394035534,0.0122083899548301,1.0588785099769409,5.057999999999993,15.928999999999178,0.1357610800972932,0.45,0.45
2023-06-02,6585.73,6640.53,6585.73,6626.28,149263604,6572.2544,149998923.0,0.011580772271834,0.0117859782169067,0.9950978381358112,1.2226000000009662,38.41300000000047,-0.1142474661769006,0.45,0.5
2023-06-05,6631.222,6647.204,6609.017,6632.956,137150594,6592.0224,146932510.4,0.0108614083101646,0.0116749403657373,0.9334257859382492,3.793799999999465,-44.84599999999955,0.0021086196435677,0.5,0.5
2023-06-06,6625.086,6625.086,6475.259,6489.811,151757959,6577.0908,147020572.0,0.0122984351791444,0.0121095417779334,1.032222613036766,-34.69959999999992,-149.82100000000082,0.1604688792960784,0.45,0.5
2023-06-07,6487.196,6517.318,6467.304,6488.557,131404709,6562.472400000001,144707841.0,0.0120520457553497,0.0119544677227504,0.9080690313111645,0.3132000000005064,141.89100000000053,-0.2229504088241182,0.45,0.45
2023-06-08,6477.94,6478.316,6399.782,6442.482,135583070,6536.017199999999,141031987.2,0.0114023624485332,0.0122982845218659,0.9613639621182336,-11.836800000001858,-44.82099999999991,0.1774485125326707,0.45,0.45
2023-06-09,6446.62,6500.447,6427.919,6495.564,151977579,6509.874,141574782.2,0.0119814972065482,0.0121263879599954,1.0734791651334077,0.3120000000017171,99.15700000000017,0.0588202722081049,0.45,0.45
2023-06-12,6488.2,6549.785,6474.863,6530.161,145153220,6489.3150000000005,143175307.4,0.0131247096765996,0.0117931053974152,1.0138146209421024,5.584200000000237,-18.485000000000586,-0.1717797472064793,0.5,0.45
2023-06-13,6525.048,6561.021,6519.967,6554.957,145636301,6502.3442,141950975.8,0.0097600196286967,0.0114508923718793,1.0259619574943422,33.588199999998324,-9.800999999999476,0.071811880743545,0.5,0.5
2023-06-14,6556.032,6591.694,6547.486,6578.123,149195931,6520.2574,145509220.2,0.0095625050025569,0.011341528715836,1.0253366129990436,4.8840000000018335,-1.6300000000010186,-0.0127726810475383,0.5,0.5
2023-06-15,6579.462,6618.625,6568.611,6613.955,147955427,6554.552000000001,147983691.6,0.0086368785139013,0.011405136264165,0.999809001926534,16.381399999999303,12.666000000001077,-0.0249022665772109,0.5,0.5
2023-06-16,6613.104,6674.622,6602.039,6669.005,155708689,6589.2402,148729913.6,0.0085804502155778,0.0113711800323921,1.0469224733012956,0.3935999999994237,19.217999999999847,0.0726410824472711,0.55,0.5
2023-06-19,6674.118,6707.227,6673.812,6693.299,168025755,6621.8678,153304420.6,0.0072842667096808,0.0112255321176494,1.0960268095491563,-2.060599999999795,-30.756000000000316,0.0019908648730992,0.6,0.5
2023-06-20,6683.925,6717.713,6671.99,6693.915,158860653,6649.6594,155949291.0,0.0073977638065211,0.0110129534755833,1.01866864530984,-4.83600000000024,-23.677999999999884,-0.1264625004871775,0.65,0.55
2023-06-21,6679.148,6681.567,6548.407,6548.407,153983944,6643.7162,156906893.6,0.0101206154903858,0.0113554872488339,0.9813714392469496,-33.73479999999927,-146.1239999999998,0.0400609581764264,0.65,0.55
2023-06-26,6504.97,6535.492,6404.044,6420.972,154732688,6605.1196,158262345.8,0.0127025708769773,0.0114796628107413,0.9776974252330336,-32.65340000000015,18.07299999999941,0.033623192048974,0.6,0.55
2023-06-27,6425.843,6518.983,6424.332,6507.273,135607119,6572.7732000000005,154242031.8,0.0134349277847678,0.0113944118696819,0.8791839514655563,6.2502000000004045,213.7360000000008,-0.094839459753561,0.65,0.5
2023-06-28,6504.499,6505.471,6367.353,6475.505,145808385,6529.2144,149798557.8,0.0167023268339067,0.0119931778825879,0.9733630759961828,-11.212400000001251,-118.0690000000004,0.1926925982981038,0.6,0.55
2023-06-29,6465.096,6542.277,6462.068,6520.039,135252145,6494.4392,145076856.2,0.0177966045082002,0.0118132057806406,0.9322792659191907,8.78360000000066,76.30199999999968,-0.1352629346076186,0.65,0.5
2023-06-30,6507.504,6615.974,6500.861,6602.038,144498924,6505.1654,143179852.2,0.0172168571277198,0.012238005844003,1.0092126914487765,45.5014000000001,37.46500000000015,0.1180172356065776,0.65,0.55
2023-07-03,6617.076,6640.34,6571.843,6612.885,160977356,6543.548,144428785.8,0.0151941460413776,0.0119839894701973,1.114579445560914,27.65639999999985,-71.15199999999913,0.0284333285825518,0.65,0.55
2023-07-04,6610.664,6639.816,6599.6,6638.447,139742795,6569.782800000001,145255921.0,0.0134966712993692,0.0118733866265657,0.9620454301480764,-12.147799999998824,14.714999999999236,-0.257900769524975,0.65,0.5
2023-07-05,6632.367,6642.549,6575.73,6584.423,133052280,6591.566400000001,142704700.0,0.0112604193184183,0.0120929306346514,0.9323608822974996,-4.451200000001336,-79.58600000000024,0.1228494675622607,0.65,0.55
2023-07-06,6573.575,6619.292,6558.885,6567.079,124077268,6600.974399999999,140469724.6,0.0106397268513422,0.0113985286986901,0.8833025646865973,-12.375600000001214,36.68000000000029,-0.0193737697603256,0.65,0.55
2023-07-07,6553.558,6558.109,6486.115,6521.427,123599541,6584.852199999999,136289848.0,0.0093604525990328,0.0115651075549238,0.9068873640537042,-25.53019999999833,-28.307999999999996,0.0726431169780092,0.65,0.55
2023-07-10,6539.079,6556.154,6501.746,6526.852,120450936,6567.645600000001,128184564.0,0.0089560352598473,0.0113724076730259,0.9396680243028326,-1.0843999999988228,51.07700000000023,0.0091958608820215,0.65,0.55
2023-07-11,6531.628,6579.37,6514.991,6579.37,119603644,6555.830199999999,124156733.8,0.0097014224634742,0.0113033679407972,0.9633278867714544,5.391199999997298,47.09299999999985,-0.0091207977805065,0.65,0.5
2023-07-12,6576.942,6576.962,6476.847,6482.987,140204471,6535.543,125587172.0,0.0107603595482038,0.0115018431025524,1.1163916566255667,-8.471799999998439,-148.90099999999984,0.1294039073854904,0.6,0.5
2023-07-13,6497.809,6553.599,6497.758,6548.313,135117757,6531.7898000000005,127795269.8,0.0106261759275304,0.0116150677733985,1.0572985777287354,16.53400000000056,161.70899999999983,-0.2121568487509436,0.6,0.45
2023-07-14,6554.535,6571.144,6538.646,6544.459,135631971,6536.3962,130201755.8,0.0094113997555154,0.0115273312431634,1.0417061595416672,8.359599999998863,-69.18000000000029,0.0435006607097632,0.55,0.45
2023-07-17,6524.605,6525.187,6481.286,6516.56,126408773,6534.337799999999,131393323.2,0.0090915621223784,0.0114860785751451,0.9620639003671992,-6.664800000000469,-24.044999999999163,-0.0640498409873999,0.5,0.4
2023-07-18,6519.757,6537.914,6490.059,6510.034,119968653,6520.470600000001,131466325.0,0.008604758254152,0.0113094449504408,0.912542835589266,-11.808799999997971,21.372999999998683,0.0301211943965349,0.45,0.35
2023-07-19,6508.522,6530.542,6459.443,6492.348,109136335,6522.3428,125252697.8,0.0077064527606763,0.0116073896153013,0.8713292161919406,15.739399999998568,-11.159999999998943,0.0083074453806077,0.4,0.3
2023-07-20,6497.778,6512.448,6404.123,6408.76,122150962,6494.4322,122659338.8,0.0093814739431658,0.0121109953075597,0.995855376321334,-29.782799999999952,-65.90200000000004,0.1657397795267188,0.4,0.3
2023-07-21,6397.154,6447.296,6378.197,6401.417,113590849,6465.8238,118251114.4,0.0105471942076767,0.0116339759224862,0.9605900931788596,-0.6977999999999156,76.24499999999989,-0.1597914432718677,0.4,0.3
2023-07-24,6397.431,6437.989,6370.055,6393.794,109049465,6441.270600000001,114779252.8,0.0113248249691198,0.0111416420981808,0.9500799346552288,4.055200000000696,-0.2800000000006548,0.0247551246188435,0.35,0.35
2023-07-25,6448.271,6499.416,6444.579,6498.269,147365727,6438.917600000001,120258667.6,0.011542374721069,0.0108363066845161,1.2254062841454598,22.200199999999317,112.09800000000088,0.2858365080138617,0.4,0.35
2023-07-26,6497.595,6497.595,6441.558,6457.254,149583522,6431.8988,128348105.0,0.0110877641824449,0.0102037489524358,1.1654517376785578,-4.665800000000672,-145.4900000000007,-0.3352808959571329,0.35,0.4
2023-07-27,6458.485,6475.83,6397.595,6407.547,144624358,6431.656199999999,132842784.2,0.0101491991718191,0.0101991439734644,1.0886880975203168,6.7762000000002445,-8.692000000000007,-0.0168090936913389,0.3,0.35
2023-07-28,6389.435,6471.677,6369.372,6465.377,157267532,6444.448200000001,141578120.8,0.0111550367193834,0.0101185208204021,1.110818049507548,13.034600000001774,107.53700000000116,0.0988935921454721,0.3,0.3
2023-07-31,6475.828,6549.745,6475.828,6515.848,183815980,6468.859,156531423.8,0.0112988760913033,0.0101678246106622,1.1743072128115402,11.618799999998371,-7.359000000001288,0.0413592113167611,0.3,0.35
2023-08-01,6513.14,6521.97,6482.168,6507.413,184326464,6470.6878,163923571.2,0.0108344161422097,0.0101707428952262,1.1244658876733893,-22.58200000000033,-58.90599999999995,-0.1133304884421431,0.3,0.35
2023-08-02,6499.864,6515.069,6475.423,6496.023,168646289,6478.4416,167736124.6,0.0103194104815316,0.0099684967432142,1.0054261680491932,5.925000000001091,-2.9549999999990177,-0.0691983944860452,0.3,0.35
2023-08-03,6472.113,6502.545,6460.28,6499.545,163471395,6496.8412,171505532.0,0.0091779989185744,0.0098337119902724,0.9531552311677036,10.645799999999326,14.911999999999352,0.0667687827427065,0.35,0.35
2023-08-04,6514.54,6561.738,6505.861,6535.322,194622999,6510.830199999999,178976625.4,0.0077232955125141,0.0097092315487724,1.0874213242373492,-4.410600000000159,32.25500000000011,0.186537029951135,0.35,0.4
2023-08-07,6524.296,6532.518,6485.662,6503.982,168919412,6508.457,175997311.8,0.0068952984524443,0.0096526404088114,0.9597840459742748,-16.362199999998666,-67.11700000000019,-0.2619033713327198,0.3,0.45
2023-08-08,6496.59,6500.902,6457.247,6471.345,142743414,6501.2434,167680701.8,0.0070211952063004,0.0095006860809328,0.8512811102750286,-4.840400000000955,-1.2969999999995707,0.0191343425638279,0.3,0.4
2023-08-09,6452.98,6464.363,6411.228,6420.977,132319467,6486.2342,160415337.4,0.0074556155336851,0.0091423107395845,0.8248554604854136,-7.795600000000377,-17.731000000000677,0.0820772859096312,0.25,0.4
2023-08-10,6409.222,6438.431,6392.895,6426.814,131957692,6471.688,154112596.8,0.0075721259056187,0.0090701994847945,0.8562420901339325,0.4630000000006475,56.20500000000084,0.0578122794381339,0.3,0.35
2023-08-11,6428.878,6428.878,6304.635,6304.635,149016729,6425.5506000000005,144991342.8,0.0098034485354164,0.0098072437437476,1.0277629417195795,-31.591199999999844,-128.01600000000053,0.1401342219371281,0.3,0.4
2023-08-14,6251.965,6320.948,6213.976,6319.407,138392221,6388.6356,138885904.6,0.0117481156720764,0.0103167787962359,0.996445401702773,9.222399999998744,136.95100000000002,-0.2028383916024535,0.35,0.4
2023-08-15,6318.547,6325.574,6203.443,6261.733,122703107,6346.7132,134877843.2,0.014299806077694,0.0109244480368183,0.9097350913155764,-5.007399999998597,-72.44599999999991,-0.0553927703703899,0.35,0.45
2023-08-16,6240.712,6255.812,6186.403,6186.403,124958759,6299.798400000001,133405701.6,0.014888683056943,0.0109378683136512,0.9366822969431464,-4.992400000000089,-17.65599999999995,0.1136575160147664,0.35,0.45
2023-08-17,6167.654,6255.05,6128.131,6247.601,129135238,6263.9558,132841210.8,0.0175345876373239,0.011108477908334,0.9721022356113604,11.072199999998702,136.52799999999934,0.0084727330406438,0.4,0.45
2023-08-18,6245.126,6259.791,6117.107,6117.107,139212539,6226.4502,130880372.8,0.0182583461611376,0.0117350317321129,1.0636624577218503,-1.662999999998647,-191.6919999999991,0.0561402834422759,0.4,0.45
2023-08-21,6107.924,6154.25,6057.171,6057.171,117091696,6174.003,126620267.8,0.0180782624146685,0.0120051381576231,0.924746867420541,-14.941600000001015,70.55799999999999,-0.2304758124117991,0.35,0.4
2023-08-22,6082.721,6108.21,5984.437,6099.195,144282422,6141.4954,130936130.8,0.0182360601964631,0.0125978694056668,1.101929781477856,19.93960000000061,101.95999999999913,0.3160985043586244,0.4,0.35
2023-08-23,6084.154,6084.154,5973.646,5973.671,128422382,6098.949,131628855.4,0.0196919746275919,0.0130889209249379,0.975640041917435,-10.038800000000265,-167.54799999999886,-0.3034726536177362,0.4,0.4
2023-08-24,5989.428,6049.546,5942.567,5987.967,134197451,6047.0222,132641298.0,0.0192021396821994,0.0133717130359291,1.011732039896051,-9.3803999999991,139.8199999999988,0.162381737539037,0.4,0.4
2023-08-25,5960.589,5980.241,5855.878,5879.027,140117108,5999.4062,132822211.8,0.0187677927228242,0.0136382207329731,1.0549222611274118,4.31079999999929,-123.23599999999897,0.0070982232527448,0.35,0.35
2023-08-28,6204.104,6204.104,5907.941,5922.162,210870098,5972.404399999999,151577892.2,0.0255642229893283,0.0155714748821294,1.391166580689529,20.614199999999077,152.07499999999982,0.2930540983307563,0.4,0.35
2023-08-29,5909.463,6121.591,5907.961,6108.759,186689576,5974.3172,160059323.0,0.0284997755149922,0.0170142092488624,1.1663773937117052,28.914600000001883,143.4619999999995,-0.561033506539941,0.45,0.35
2023-08-30,6117.412,6185.273,6102.091,6139.627,167499560,6007.508400000001,167874758.6,0.0275096160314643,0.0173864723124211,0.997765008848686,31.27839999999924,-155.72899999999936,0.0561768021148044,0.45,0.4
2023-08-31,6130.642,6130.953,6087.327,6104.296,143040409,6030.7742,169643350.2,0.0253658374629985,0.0174186726720351,0.8431831181791882,-9.925400000000993,-66.19900000000052,0.0140304941935216,0.4,0.4
2023-09-01,6108.127,6136.782,6086.271,6107.199,124017053,6076.4086,166423339.2,0.0227892495606032,0.0174047092449953,0.7451902695628644,22.368600000000697,38.23399999999947,0.0565890420531738,0.45,0.35
2023-09-04,6129.539,6198.763,6109.097,6198.763,155507281,6131.7288,155350775.8,0.0156804243267928,0.0177677563507165,1.0010074310810104,9.6858000000002,88.66100000000097,0.3538100101344699,0.5,0.4
2023-09-05,6188.515,6206.346,6154.83,6167.642,141067999,6143.5054,146226460.4,0.010356730017994,0.0178480929517858,0.9647227910332432,-43.54359999999997,-122.6850000000004,-0.2921018015659133,0.5,0.45
2023-09-06,6146.394,6202.324,6117.806,6195.383,129717664,6154.6566,138670081.2,0.0103754728954426,0.0181164366528604,0.9354408887445004,-0.6253999999998996,58.86200000000008,0.0070027377590244,0.5,0.45
2023-09-07,6185.327,6185.327,6083.489,6083.489,132254116,6150.4952,136512822.6,0.0122941318375402,0.0185991741550155,0.9688036147895164,-15.312600000000202,-139.63500000000022,0.062644628333759,0.5,0.45
2023-09-08,6063.241,6128.84,6062.897,6102.489,118918279,6149.5532,135493067.8,0.0128011693805145,0.0181541394562699,0.8776705770330192,3.2193999999999505,130.89400000000023,-0.1244957638015135,0.5,0.45
2023-09-11,6114.066,6204.433,6083.391,6182.643,144003299,6146.329199999999,133192271.4,0.0138236828305972,0.0182866481403467,1.0811685804766598,-2.2820000000010623,61.15400000000045,0.2946310412001378,0.55,0.45
2023-09-12,6175.635,6212.26,6169.035,6184.606,120512253,6149.722,129081122.2,0.0135509833594132,0.0176608872722156,0.9336164029723628,6.616800000001604,-78.19100000000071,-0.3510501809479376,0.6,0.5
2023-09-13,6169.529,6177.385,6059.287,6103.137,125032676,6131.2728,128144124.6,0.014692639810646,0.0180674258412862,0.9757191474075588,-21.842000000000557,-83.43199999999979,0.1896549219394933,0.55,0.5
2023-09-14,6101.772,6102.487,6037.717,6068.713,114441844,6128.3176,124581670.2,0.013479181576497,0.0175853226398088,0.918609004167934,15.494000000000597,47.04500000000007,-0.099212887674821,0.55,0.45
2023-09-15,6082.194,6117.821,6046.874,6079.063,124196903,6123.6324,125637395.0,0.0136521404503057,0.0170025880285619,0.9885345282748024,-1.730000000000473,44.77400000000034,0.1270356673464929,0.6,0.45
2023-09-18,6058.297,6106.265,6029.973,6083.969,118394457,6103.897599999999,120515626.6,0.0122445662529094,0.0168282240999069,0.9823992152732168,-15.049600000001192,-5.444000000000415,-0.0760608371084536,0.6,0.45
2023-09-19,6077.397,6077.397,6011.908,6031.042,112745993,6073.1848,118962374.6,0.0130184716038788,0.0163564901240695,0.9477449771753296,-10.977999999998246,-57.83299999999963,-0.0285189250963016,0.6,0.45
2023-09-20,6020.91,6038.752,5982.105,5982.558,105727974,6049.069,115101434.2,0.0110421346948869,0.01590496585811,0.9185634804192562,6.596999999999753,4.4429999999993015,0.0054727413418137,0.55,0.45
2023-09-21,5968.35,5999.401,5931.104,5939.664,99709529,6023.2592,112154971.2,0.0112072723445113,0.0155866058053868,0.8890335215029683,-1.6940000000004147,5.5900000000001455,-0.0003484621602144,0.55,0.45
2023-09-22,5934.266,6056.445,5923.243,6054.928,133556772,6018.4322,114026945.0,0.0132729178042068,0.0156288692989075,1.1712737897169831,20.98279999999977,158.15800000000036,0.3117702271303026,0.55,0.4
2023-09-25,6051.821,6058.465,6014.613,6027.393,129532612,6007.117,116254576.0,0.0122200398520993,0.0134921783155997,1.114215168614094,-6.488199999999779,-142.79899999999998,-0.339298889316904,0.5,0.45
2023-09-26,6017.303,6034.855,5996.047,5996.111,114061563,6000.130800000001,116517690.0,0.0113427480091866,0.0120672332476181,0.9789205656239838,4.329000000000633,-3.7470000000002974,-0.078235981887221,0.45,0.4
2023-09-27,5989.803,6063.912,5989.16,6034.061,121662330,6010.4314,119704561.2,0.0119266776031351,0.0120092312510277,1.0163550058608797,17.286799999998948,69.23199999999997,0.1727290432270058,0.5,0.35
2023-09-28,6048.833,6085.534,6048.677,6078.945,127759256,6038.2876,125314506.6,0.0108395969578212,0.0119550456790924,1.019508909752991,17.555599999999686,6.9340000000001965,-0.0342805363447841,0.5,0.4
2023-10-09,6073.276,6075.464,6025.358,6059.965,136755964,6039.295,125954345.0,0.0080934818016238,0.0119549273591627,1.0857582086588595,-26.84879999999885,-63.86399999999958,0.0630953950137571,0.45,0.4
2023-10-10,6069.905,6084.931,6037.466,6043.482,140815312,6042.5128,128210885.0,0.0082091748830409,0.0116243659546617,1.098310116180853,2.210399999999936,2.496999999999389,-0.0536973913838754,0.45,0.35
2023-10-11,6056.029,6105.416,6040.502,6059.401,143601130,6055.1708,134118798.4,0.0090573238923104,0.0117423817161972,1.0707009883261822,9.440199999999097,32.402000000000044,-0.0401610353766641,0.45,0.35
2023-10-12,6088.545,6106.95,6064.819,6104.456,145452824,6069.2498,138876897.2,0.0079599918056162,0.0114053609785711,1.047350761232301,1.4210000000002765,29.136000000000426,0.0042589007607896,0.5,0.35
2023-10-13,6080.328,6091.538,6063.558,6081.866,144115089,6069.834,142148063.8,0.0076674924248575,0.0107983858259218,1.013837861363821,-13.494799999999486,-67.64500000000044,-0.0101626727745987,0.45,0.35
2023-10-16,6089.424,6089.483,5996.789,6024.36,164459217,6062.713,147688714.4,0.0090911256446882,0.0110274164252061,1.1135530407190002,-7.705200000000332,-34.91600000000017,0.1332280792236591,0.4,0.35
2023-10-17,6027.913,6028.021,5967.3,6011.37,139421234,6056.2906,147409898.8,0.0095405474886513,0.0105535821191752,0.9458064562486492,0.6986000000006243,44.51600000000053,-0.2674617638255302,0.35,0.3
2023-10-18,5992.509,5992.509,5905.836,5908.008,145065153,6026.012000000001,147702703.4,0.0103320448644736,0.0109376470924623,0.982142842755849,-23.85620000000017,-90.3720000000003,0.2040829709775509,0.35,0.3
2023-10-19,5879.808,5929.58,5842.412,5842.892,155497801,5973.6992,149711698.8,0.0119354368473035,0.0107160602377354,1.0386482970026922,-22.034200000000965,38.246000000000095,0.0201690677396434,0.35,0.3
2023-10-20,5816.717,5855.462,5767.021,5774.32,138964349,5912.19,148681550.8,0.0140785769697597,0.0109482346742374,0.9346441993124542,-9.196399999999812,-3.456000000000131,-0.1605095519370812,0.3,0.3
2023-10-23,5754.177,5754.245,5613.73,5638.137,145845854,5834.9454,144958878.2,0.0159857187096966,0.0116108109900538,1.0061188097687694,-15.735399999999572,-67.61099999999988,0.1754787081465532,0.25,0.3
2023-10-24,5654.926,5734.55,5625.709,5719.323,151553066,5776.535999999999,147385244.6,0.0177715935103874,0.0119353389335447,1.0282784169562658,18.83519999999953,217.3690000000006,-0.0493150032688188,0.3,0.25
2023-10-25,5753.685,5811.267,5752.786,5778.905,163597326,5750.715399999999,151091679.2,0.0168614555564063,0.0118983930805942,1.0827686002711394,32.58880000000045,-21.60400000000118,0.0323305761273773,0.35,0.3
2023-10-26,5745.535,5817.635,5724.0,5811.692,157275832,5744.4754,151447285.4,0.017100025031722,0.0122305328219442,1.0384856459104284,19.58060000000114,-26.794999999999163,-0.0987731376755847,0.4,0.3
2023-10-27,5792.606,5937.54,5774.631,5916.679,172179646,5772.9472000000005,158090344.8,0.0195435441818545,0.0130323026335732,1.08912183231572,34.71179999999913,72.19999999999982,0.0949191407660028,0.4,0.35
2023-10-30,5899.379,6017.281,5898.694,6006.559,179281052,5846.631600000001,164777384.4,0.0185076798449275,0.012919501500234,1.0880197707519867,45.21259999999984,-15.106999999999973,-0.0517382479690251,0.45,0.35
2023-10-31,6003.365,6013.733,5934.205,5969.342,165318441,5896.6354,167530459.4,0.0173661482863599,0.0132218660421099,0.9867963210515734,-23.680600000000595,-127.09700000000066,-0.1001213881366799,0.45,0.4
2023-11-01,5969.807,5983.869,5943.193,5958.418,147451128,5932.538,164301219.8,0.016707529693741,0.0132395885017328,0.8974439032131883,-14.101200000000064,26.29300000000057,0.0118710318620282,0.4,0.4
2023-11-02,5958.477,5983.222,5885.247,5885.247,140144412,5947.249,160874935.8,0.0168147442108227,0.0134525494738661,0.8711388837738389,-21.1915999999992,-62.24699999999939,0.0630473983990356,0.35,0.35
2023-11-03,5895.602,5992.747,5895.602,5973.167,146120206,5958.5466,155663047.8,0.0145606859339902,0.0139625748776155,0.9386955225734696,-3.4134000000003653,161.09099999999944,0.0938616582389803,0.4,0.3
2023-11-06,6007.434,6097.037,6007.434,6096.569,186603146,5976.5486,157127466.6,0.0135515589964547,0.0142840207989417,1.1875908778892004,6.704400000000533,35.48199999999997,0.1813387165160999,0.45,0.35
2023-11-07,6088.511,6132.138,6068.244,6116.757,173946707,6006.0316,158853119.8,0.0129761569679431,0.0144136115633354,1.095015994769276,11.480999999999767,-103.21400000000084,-0.3414702384356549,0.45,0.4
2023-11-08,6114.988,6160.243,6099.292,6138.938,183964088,6042.1356,166155711.8,0.0135965461681385,0.0143743940706899,1.1071788384947956,6.620999999999185,1.9930000000013024,0.1047377268454436,0.45,0.4
2023-11-09,6135.071,6160.979,6087.728,6100.693,162244319,6085.2248,170575693.2,0.0126684335711432,0.0146296599152478,0.9511573188201472,6.985200000000987,-60.42600000000039,-0.1681843634001678,0.45,0.45
2023-11-10,6079.473,6097.611,6055.988,6088.559,141567605,6108.3032,169665173.0,0.0107829731365709,0.0147414450555438,0.8343940155591035,-20.010800000000017,26.11099999999988,0.0392582164136047,0.45,0.4
2023-11-13,6107.269,6144.635,6095.275,6144.635,150359606,6117.9164,162416465.0,0.0094501213201394,0.0143737697178046,0.9257657836599263,-13.46520000000055,68.21000000000004,0.2081350713618664,0.5,0.45
2023-11-14,6143.481,6189.5,6133.223,6181.98,160172363,6130.961,159661596.2,0.0091816538733973,0.0143238881595219,1.003199058584885,3.4314000000003944,-18.73100000000068,-0.0139384931758644,0.55,0.5
2023-11-15,6226.198,6234.536,6184.9,6207.268,167613188,6144.627,156391416.2,0.0087952223362995,0.0139901884386463,1.071754397221195,0.6213999999999942,-12.05699999999888,-0.008877936288648,0.6,0.55
2023-11-16,6188.826,6193.638,6143.819,6145.15,143682116,6153.5184,152678975.6,0.0080152317731056,0.0136496086466984,0.9410733562715888,-4.774600000000646,-87.40600000000086,-0.1992363795859164,0.6,0.55
2023-11-17,6135.825,6199.231,6131.666,6199.228,145989658,6175.6522,153563386.2,0.0088277664125628,0.0134287424162446,0.9506801172635252,13.242400000000998,116.19600000000082,0.1402878019415426,0.65,0.55
2023-11-20,6211.339,6254.136,6184.638,6253.276,160246271,6197.3804,155540719.2,0.0094439325388349,0.0127383231750891,1.0302528612713269,-0.4056000000009589,-0.0300000000006548,0.0699659830158652,0.65,0.6
2023-11-21,6258.741,6267.22,6200.691,6212.125,176150665,6203.4094,158736379.6,0.0097651616894433,0.0123222802042859,1.1097056984913118,-15.69920000000002,-95.1989999999996,-0.0001199067878167,0.6,0.6
2023-11-22,6193.358,6221.871,6132.97,6132.97,171183163,6188.549800000001,159450374.6,0.0110649925690013,0.0125410726917951,1.0735826957411236,-20.888599999998405,-38.00399999999991,-0.1155758399701731,0.55,0.6
2023-11-23,6123.586,6199.876,6107.004,6197.526,152107183,6199.025,161135388.0,0.0124406507098692,0.0124847650662351,0.9439713081523718,25.334799999997813,143.71099999999933,-0.0934883848385635,0.55,0.55
2023-11-24,6194.024,6194.024,6098.961,6115.407,149815992,6182.2608,161900654.8,0.0133698303984883,0.011885313970403,0.9253575421610956,-27.239399999998568,-146.67499999999927,0.1109976215974756,0.5,0.55
2023-11-27,6107.562,6130.401,6076.711,6111.365,154433077,6153.8786,160738016.0,0.0129041137611985,0.0113374316541569,0.960775060207288,-11.618000000000391,78.07699999999932,0.0540312840374683,0.5,0.5
2023-11-28,6099.512,6143.302,6065.688,6143.302,128368133,6140.114,151181509.6,0.0132889902546031,0.0113029906963467,0.8490994258467175,14.617599999999584,35.97900000000027,-0.1470931524067625,0.55,0.5
2023-11-29,6138.761,6154.898,6103.983,6113.366,135643952,6136.1932,144073667.4,0.0120555673411672,0.0113780821036516,0.9414902420954128,9.843800000000556,-61.87299999999959,0.2040664506092657,0.55,0.55
2023-11-30,6104.774,6110.408,6031.475,6080.547,131032999,6112.7974,139858830.6,0.0116547471334139,0.0111947657968829,0.9368947133181592,-19.47499999999945,-2.8830000000007203,-0.0969863450259489,0.5,0.55
2023-12-01,6078.639,6142.739,6059.803,6130.051,145352744,6115.7262,138966181.0,0.0112516627681762,0.0110580581789496,1.0459576780051256,26.32459999999901,82.32300000000123,0.1136584934642198,0.5,0.5
2023-12-04,6131.588,6147.053,6110.253,6114.393,153414365,6116.3318,138762438.6,0.0106983256895251,0.0106241233274245,1.105590003662562,-2.323199999999815,-65.16200000000117,-0.04943063902953,0.45,0.5
2023-12-05,6098.117,6098.117,5992.6,5992.6,142775427,6086.1914,141643897.4,0.0116931178450229,0.0109822309156167,1.0079885517185718,-30.74600000000009,-106.13499999999932,-0.1572337776014263,0.4,0.45
2023-12-06,5977.611,6066.418,5970.282,6023.803,144320624,6068.2788,143379231.8,0.013219294015576,0.011283769065511,1.0065657500614391,12.22780000000057,152.9959999999992,0.0961786502868575,0.45,0.4
2023-12-07,6019.959,6044.858,5983.245,6020.83,148536627,6056.335400000001,146879957.4,0.0126697086699292,0.0111950845715794,1.0112790718987503,5.969200000000456,-34.17599999999948,0.0061361234944434,0.45,0.45
2023-12-08,6021.919,6056.064,6003.144,6003.144,167971282,6030.954,151403665.0,0.0117269019469063,0.0112940403815334,1.1094267896355086,-13.43800000000192,-14.712999999999738,0.0934343958994472,0.4,0.45
2023-12-11,5984.678,6080.805,5933.736,6075.08,159843436,6023.091399999999,152689479.2,0.0153648987690295,0.012102817689647,1.0468529779358893,17.518800000000738,89.62199999999939,-0.1607215294363775,0.4,0.4
2023-12-12,6070.876,6084.279,6050.735,6078.99,129712088,6040.3694000000005,150076811.4,0.0129469265395247,0.0119235490821485,0.8643046636583858,25.14060000000154,-68.02599999999984,-0.1199745025778842,0.4,0.4
2023-12-13,6067.781,6076.361,6019.553,6019.553,122547150,6039.5194,145722116.6,0.0116425050069399,0.0119955897331711,0.8409646583461717,-18.12800000000152,-63.34699999999975,0.1592083089652894,0.4,0.4
2023-12-14,6038.921,6072.615,5989.234,5991.863,120199382,6033.726,140054667.6,0.0123789847360419,0.0122860228123135,0.8582318894454326,-4.943400000000111,31.7470000000003,0.0406072364114749,0.35,0.4
2023-12-15,6000.258,6016.395,5935.317,5951.6,123710100,6023.4172,131202431.2,0.0133404868526119,0.0124222204915457,0.9428948752589884,-4.5153999999993175,-12.57300000000032,0.0673957547142948,0.3,0.35
2023-12-18,5939.434,5941.897,5845.961,5857.005,125259423,5979.8022,124285628.6,0.0117747133531188,0.012685512893218,1.0078351327580606,-33.30619999999999,-54.332000000000335,-0.0197227283144834,0.3,0.3
2023-12-19,5853.194,5887.765,5820.513,5863.542,111682675,5936.712600000001,120679746.0,0.0129650125539803,0.0127235117982828,0.9254467191205392,0.5254000000004453,101.13200000000052,-0.1473286711365937,0.35,0.3
2023-12-20,5869.56,5873.759,5761.312,5761.312,111630053,5885.0644,118496326.6,0.0149810840230581,0.0129746125966853,0.9420549666220625,-8.558600000001206,-108.76700000000072,0.0989966611390448,0.3,0.35
2023-12-21,5739.021,5814.036,5685.642,5798.912,124949100,5846.474200000001,119446270.2,0.0166261529347025,0.0133323983685219,1.0460694987862418,13.058000000000902,139.83000000000084,0.0874062846626559,0.35,0.3
2023-12-22,5797.609,5819.651,5713.805,5733.909,141167085,5802.936,122937667.2,0.0175935062999222,0.0134781394669042,1.1482817936535563,-4.94800000000123,-102.60300000000096,-0.0018022372968645,0.35,0.35
2023-12-25,5726.562,5753.434,5698.324,5735.726,109638963,5778.6802,119813575.2,0.0162392056918065,0.01351928587587,0.9150796378205396,19.28240000000096,66.82000000000062,-0.3354144507003316,0.35,0.35
2023-12-26,5734.151,5734.556,5632.872,5651.588,104063276,5736.2894,118289695.4,0.0175437243580516,0.0137871953241449,0.8797323862244047,-18.13500000000022,-85.95499999999993,0.1978549042368819,0.35,0.35
2023-12-27,5658.193,5703.168,5636.943,5696.16,108265354,5723.259,117616755.6,0.0159654544662794,0.0139520843779633,0.9204926070924542,29.36040000000048,128.71000000000004,0.0761074724641843,0.4,0.35
2023-12-28,5687.754,5824.396,5660.13,5805.528,144134383,5724.5822,121453812.2,0.0171961957464459,0.0147177605217799,1.186742354061736,14.35359999999946,64.79600000000028,0.2254895261012325,0.4,0.4
2023-12-29,5797.576,5891.627,5795.757,5887.235,134690778,5755.2474,120158550.8,0.0167611410715291,0.0148555090427424,1.1209420977803604,29.342000000000557,-27.661000000000968,-0.3320500032506577,0.45,0.4
2024-01-02,5891.174,5891.227,5854.592,5854.749,128377670,5779.052000000001,123906292.2,0.0160909638620324,0.0148674454189968,1.0360867694497924,-6.860599999999977,-114.1929999999993,-0.0190550720491922,0.45,0.45
2024-01-03,5838.553,5861.411,5785.252,5824.043,119248925,5813.543,126943422.0,0.0151078725783813,0.0146408840074845,0.9393864063314756,10.686399999998685,1.7799999999997451,-0.0118450347877486,0.4,0.45
2024-01-04,5814.938,5814.938,5753.467,5783.016,102952534,5830.9142,125880858.0,0.0149085368036951,0.0143743950749931,0.8178569453347705,-17.119799999998577,-10.320999999999913,-0.0248290978783886,0.4,0.4
2024-01-05,5779.757,5796.759,5652.126,5675.809,119205197,5804.9704,120895020.8,0.0143460572520941,0.0151368476673211,0.986022387118858,-43.31500000000051,-66.17999999999938,0.2896949027807929,0.4,0.35
2024-01-08,5664.453,5664.453,5543.575,5543.575,110512726,5736.238399999999,116059410.4,0.0154501928206298,0.0157863317611732,0.952208232138322,-42.78820000000087,-25.027000000000957,-0.2019795967646237,0.35,0.35
2024-01-09,5553.184,5607.218,5513.13,5553.304,110223223,5675.9494,112428521.0,0.0175872714271758,0.0154230385835334,0.9803848882793718,8.44300000000203,141.96300000000065,0.0619908111215857,0.35,0.3
2024-01-10,5540.665,5580.42,5462.362,5512.069,106499446,5613.5546,109878625.2,0.0192555588275163,0.0162180420794824,0.9692462551852168,-2.1058000000011816,-50.96399999999994,-0.0393152892352046,0.35,0.3
2024-01-11,5507.803,5634.025,5502.294,5611.115,124717749,5579.1744,114231668.2,0.0218250030290256,0.0169200195805145,1.0917966179189529,28.01459999999952,140.28099999999904,0.133688995827891,0.4,0.3
2024-01-12,5601.097,5646.271,5574.408,5574.492,121066881,5558.911,114604005.0,0.0193068110976791,0.0168688042577304,1.0563931077277795,14.116800000000694,-135.66899999999896,-0.1579538729249092,0.4,0.35
2024-01-15,5558.148,5607.134,5520.363,5559.376,108667184,5562.0712,114234896.6,0.0180674079058669,0.016968062024487,0.9512608426521744,23.42360000000008,21.506999999999607,-0.0697287548844322,0.4,0.35
2024-01-16,5555.001,5566.21,5463.295,5539.474,116803108,5559.305200000001,115550873.6,0.0183945623480197,0.0170780008322586,1.0108370829314095,-5.926199999999881,-4.786000000000058,0.1647085053548405,0.35,0.35
2024-01-17,5529.895,5529.895,5389.122,5389.122,104037354,5534.7158,115058455.2,0.0193352829379741,0.0178106096754808,0.9042130264929892,-21.82340000000113,-130.44999999999982,-0.1662002967176555,0.35,0.3
2024-01-18,5360.206,5375.234,5214.899,5373.424,148711036,5487.177600000001,119857112.6,0.0206076270904315,0.0183266553473579,1.2407360128580305,-22.9487999999983,134.65399999999954,0.4431470428034618,0.3,0.3
2024-01-19,5364.807,5395.137,5304.96,5306.986,106431086,5433.676399999999,116929953.6,0.0214277734617381,0.0180692093894893,0.9102123341644772,-5.9630000000024665,-50.73999999999978,-0.6670466650585948,0.3,0.3
2024-01-22,5298.314,5298.314,4970.198,5000.834,144252512,5321.968,124047019.2,0.0314286153051873,0.0204268392758033,1.1628857584028105,-58.20719999999801,-239.71399999999997,0.5831971029318868,0.25,0.3
2024-01-23,4992.793,5102.443,4939.52,5079.632,130288241,5229.9996,126744045.8,0.0341276755845839,0.0215501183054529,1.0279634059148837,19.73999999999978,384.9499999999998,-0.3875957767262602,0.3,0.25
2024-01-24,5102.825,5151.423,4951.901,5143.408,143326441,5180.8568,134601863.2,0.0366616945117401,0.022590102213903,1.0648176599683206,42.82559999999921,-15.021999999999023,0.1717766065413637,0.3,0.3
2024-01-25,5143.289,5316.261,5112.535,5316.195,163144917,5169.411,137488639.4,0.0383583451595617,0.0239248780206785,1.1866065277245008,37.69700000000103,109.0109999999986,0.0849346137027433,0.3,0.3
2024-01-26,5303.962,5352.847,5253.317,5269.765,155415661,5161.9668,147285554.4,0.0387373170529437,0.0234544897161138,1.0551996197666482,4.001599999999598,-219.21699999999876,-0.2531957757140328,0.25,0.3
2024-01-29,5282.818,5301.871,5131.247,5131.247,150000892,5188.0494,148435230.4,0.0322652570984913,0.0243028682825438,1.0105477762643065,33.52679999999964,-92.08800000000063,0.0867550644555108,0.25,0.25
2024-01-30,5099.587,5144.294,4978.91,4984.66,125015069,5169.055,147380596.0,0.0324862194529228,0.0256489322031755,0.8482464611555784,-45.07699999999932,-8.069000000000415,-0.1176494716063862,0.25,0.25
2024-01-31,4949.188,4986.102,4775.623,4785.032,158237155,5097.3798,150362738.8,0.033525253102963,0.0271944473450484,1.0523694650871842,-52.680800000001,-53.04099999999926,0.3664243190403338,0.25,0.25
2024-02-01,4753.639,4858.715,4684.473,4750.444,147115516,4984.229600000001,147156858.6,0.0331967187377329,0.0284969235041879,0.99971905760701,-41.47499999999855,165.03999999999996,-0.2567734114117801,0.25,0.25
2024-02-02,4753.668,4802.619,4431.815,4574.669,176885435,4845.2104,151450813.4,0.0456305044980473,0.0312756015276021,1.1679398151056744,-25.869000000001503,-141.1870000000008,0.2208711649788388,0.25,0.3
2024-02-05,4534.753,4534.753,4177.943,4293.07,211274330,4677.575,163705501.0,0.0556027166823782,0.034340999247981,1.2905756294652555,-28.61619999999948,-105.8239999999996,-0.0455849431390833,0.2,0.3
2024-02-06,4229.793,4641.454,4192.965,4592.444,210187410,4599.1318,180739969.2,0.0684986028209353,0.0383767650516154,1.1629271097607337,89.19220000000041,580.9730000000009,-0.250284334064103,0.25,0.3
2024-02-07,4604.122,4848.236,4599.351,4797.846,216213317,4601.694600000001,192335201.6,0.0700760753419169,0.0398995764736485,1.1241484408541051,81.00600000000031,-93.97200000000156,0.0888698507978933,0.25,0.35
2024-02-08,4826.143,5067.228,4826.143,4993.104,217620059,4650.2266,206436110.2,0.0723969743310587,0.0411399163296962,1.054176320165909,45.96919999999864,-10.143999999998414,-0.0311934517815679,0.3,0.35
2024-02-19,5062.685,5071.2,4950.328,5029.586,203870996,4741.21,211833222.4,0.0609922298645321,0.0416969562193153,0.9624127589157612,42.45140000000083,-158.77600000000075,-0.0217914405619511,0.35,0.4
2024-02-20,5004.42,5058.217,4950.394,5046.012,154344285,4891.7984,200447213.4,0.0486432191501334,0.0419849520590476,0.7699996541832693,59.60499999999956,-20.05600000000049,-0.1006495434823441,0.4,0.4
2024-02-21,5001.657,5208.648,4974.076,5073.482,193280527,4988.005999999999,197065836.8,0.038358597271841,0.0433677737825708,0.980791648814088,-54.38079999999991,11.04400000000078,0.4032050993633105,0.45,0.4
2024-02-22,5075.432,5152.025,5066.003,5151.535,153064295,5058.743799999999,184436032.4,0.0313233979977905,0.0428966052386026,0.8299045094834734,-25.46979999999985,50.58299999999963,-0.3616791339614335,0.5,0.45
2024-02-23,5169.013,5225.67,5114.145,5225.67,171213693,5105.257,175154759.2,0.0259350316437307,0.042471767468021,0.9774995197504176,-24.224599999999555,-3.917999999999665,0.2984821495975588,0.55,0.45
2024-02-26,5234.805,5325.77,5201.125,5255.396,184471643,5150.419,171274888.6,0.0258720978387952,0.0428080373135796,1.0770501414881668,-1.3512000000000626,-44.40900000000056,-0.0480443885291947,0.6,0.5
2024-02-27,5237.105,5394.034,5218.586,5394.034,182622372,5220.0234,176930506.0,0.0281037663311747,0.0411537398155444,1.032170065686694,24.442399999999907,108.91200000000026,-0.1444306975392222,0.6,0.55
2024-02-28,5403.496,5478.086,5152.052,5152.052,260742382,5235.7374,190422877.0,0.0315132553218992,0.0427141687168996,1.369280761365663,-53.89040000000023,-380.6199999999999,0.381990771480442,0.55,0.55
2024-02-29,5122.18,5344.605,5122.18,5344.605,188036238,5274.3514000000005,197417265.6,0.036496937169485,0.0428554159030389,0.9524812200620412,22.900000000000546,434.5349999999999,-0.7539102369825911,0.55,0.5
2024-03-01,5354.73,5411.323,5322.086,5401.939,184436487,5309.6052,200061824.4,0.0355324727109712,0.0417652993558734,0.92189745621454,-3.3602000000009866,-135.21899999999914,0.3862157774561209,0.6,0.5
2024-03-04,5412.908,5429.801,5332.238,5428.336,179308205,5344.1932,199029136.8,0.0343835493858967,0.0417195953968178,0.9009143479338044,-0.6657999999997628,-30.937000000000808,0.0096006555667655,0.65,0.55
2024-03-05,5392.877,5417.815,5337.665,5375.131,174166911,5340.4126,197338044.6,0.0308605411005437,0.0408025608160575,0.8825815181914497,-38.36859999999979,-79.60199999999986,0.0026502785383806,0.65,0.55
2024-03-06,5346.079,5434.401,5306.456,5381.459,154684371,5386.294,176126442.4,0.0229590996534624,0.0403323887670345,0.8782575114342966,49.66200000000026,59.53299999999945,0.0140088229852017,0.7,0.55
2024-03-07,5389.989,5430.393,5303.277,5303.277,161023860,5378.0284,170723966.8,0.0194296191585543,0.0393315074169367,0.9431825127905824,-54.146999999999935,-84.50999999999931,0.0692490081134389,0.7,0.6
2024-03-08,5309.593,5386.175,5283.146,5370.372,139130895,5371.715,161662848.4,0.0199626723295615,0.0384567877538305,0.8606238005639395,1.9521999999997208,145.27700000000004,-0.1474837135829289,0.75,0.55
2024-03-11,5358.837,5466.646,5350.292,5466.646,164133442,5379.377,158627895.8,0.0206249598739981,0.0354682092408055,1.034707301463177,13.975400000000263,29.178999999999174,0.2566422131258802,0.8,0.6
2024-03-12,5477.131,5524.505,5443.965,5496.355,183984140,5403.6218,160591341.6,0.0205733764836849,0.0320452257663842,1.1456666229133738,16.582799999999224,-66.5649999999996,-0.06312417944904,0.8,0.65
2024-03-13,5501.586,5561.082,5476.786,5521.784,181270807,5431.6868,165908628.8,0.0188715624302706,0.0279256286693683,1.0925942086985652,3.820200000001023,-4.279999999999745,-0.1640317356650058,0.8,0.65
2024-03-14,5521.717,5546.103,5433.208,5486.646,168948172,5468.3606,167493491.2,0.0181929608877625,0.0263607288033981,1.008684998978635,8.608799999999064,-60.56700000000001,-0.0308367955051214,0.75,0.65
2024-03-15,5472.892,5555.644,5459.317,5555.644,161095841,5505.415,171886480.4,0.0178237367770587,0.0248134783653305,0.937222291276842,0.3806000000004133,104.13600000000042,0.012446502018137,0.75,0.6
2024-03-18,5573.927,5648.011,5559.052,5648.011,193419517,5541.688,177743695.4,0.0167169671226626,0.0243993935553381,1.0881934043552015,-0.7813999999998487,23.368999999999687,0.2224338207801528,0.75,0.65
2024-03-19,5633.505,5660.503,5607.256,5607.476,181118096,5563.912200000001,177170486.6,0.0156854408305617,0.0238057811864913,1.022281416480571,-14.048799999999574,-132.90200000000095,-0.2168831009529905,0.7,0.7
2024-03-20,5600.125,5663.739,5600.125,5659.154,179307654,5591.3862,176777856.0,0.0148804052545028,0.0220560806650338,1.0143106046042327,5.249799999998686,92.21300000000156,0.0579411759982926,0.7,0.65
2024-03-21,5674.495,5690.455,5623.297,5658.279,194332946,5625.712799999999,181854810.8,0.0131389366547177,0.0218146134676299,1.0686159202778702,6.852600000000166,-52.55300000000079,0.0622761275499756,0.65,0.65
2024-03-22,5649.084,5660.146,5546.779,5595.885,210254327,5633.761,191686508.0,0.0137230186379062,0.0217604751138744,1.0968655498695818,-26.278399999998328,-61.51900000000023,-0.0260556860819258,0.6,0.6
2024-03-25,5581.352,5611.694,5466.062,5466.062,204705382,5597.3712,193943681.0,0.0159015079346947,0.021906746079313,1.0554887941927842,-44.43800000000192,-67.42900000000009,-0.0696263852685092,0.55,0.55
2024-03-26,5454.653,5495.633,5381.853,5447.748,183180684,5565.4256,194356198.6,0.0181795036032689,0.0213247155045148,0.9424998292799496,4.444200000000819,111.509,-0.0716122092360368,0.55,0.5
2024-03-27,5435.972,5436.652,5266.231,5266.231,179173504,5486.841,194329368.6,0.0224035419809175,0.0197786523297883,0.9220093971941202,-46.638999999999214,-163.20299999999952,0.092498532827005,0.5,0.5
2024-03-28,5262.22,5430.767,5262.22,5382.237,178598735,5431.632599999999,191182526.4,0.0262928295378658,0.0192635865597251,0.9341791761153336,23.37619999999788,297.52300000000014,0.0326602110070427,0.5,0.45
2024-03-29,5383.745,5441.261,5345.872,5441.261,168653431,5400.7078,182862347.2,0.0257471665627055,0.019314148576808,0.9222972010500368,24.28360000000248,-56.98199999999997,-0.0240517539865101,0.5,0.45
2024-04-01,5461.587,5559.868,5461.587,5559.055,191025707,5419.3064,180126412.2,0.0239544659124126,0.019299475210942,1.0605091428118725,49.52339999999913,58.76999999999953,0.1500939168271327,0.55,0.5
2024-04-02,5556.518,5556.518,5490.824,5531.053,196097459,5435.9674,182709767.2,0.0221527879037738,0.0191477772053223,1.0732729946798378,-1.9376000000002025,-145.79600000000028,-0.1254480898938704,0.5,0.55
2024-04-03,5518.911,5525.034,5457.614,5500.926,186291066,5482.9064,184133279.6,0.0181317926343947,0.0185718255750214,1.011718611674584,30.277999999999334,-2.1249999999990905,-0.0743182348732192,0.5,0.5
2024-04-08,5487.632,5492.397,5399.915,5399.915,186573359,5486.442000000001,185728204.4,0.0152940222637608,0.0182296873360267,1.0045504914169083,-43.40339999999833,-70.88400000000092,0.0543862627475781,0.45,0.5
2024-04-09,5392.995,5468.911,5384.03,5468.911,159201159,5491.972,183837750.0,0.0148920145048259,0.0180464841206241,0.8659873121815297,1.994399999997768,170.00700000000052,-0.1313950589777029,0.45,0.45
2024-04-10,5456.972,5456.972,5325.912,5367.052,167459493,5453.5714,179124507.2,0.0162399986954864,0.0182032349163141,0.9348776201406348,-43.930599999998776,-170.85500000000047,0.2074534871944837,0.4,0.45
2024-04-11,5330.685,5441.502,5322.839,5379.915,165143700,5423.3438,172933755.4,0.018275871456627,0.0185734009485578,0.9549535289858164,8.172999999999774,114.72200000000066,-0.0488143991139234,0.4,0.4
2024-04-12,5379.17,5408.52,5330.542,5338.769,157174522,5390.912399999999,167110446.6,0.0187458455416871,0.0185403963528755,0.9405427679588284,-2.2038000000002285,-54.009000000000015,-0.0344866698721695,0.4,0.4
2024-04-15,5320.809,5364.594,5205.713,5287.512,201711028,5368.4318,170137980.4,0.0213302019416248,0.0190139975994923,1.1855731890420391,9.950800000001436,-10.111000000000786,0.2594411821101987,0.35,0.4
2024-04-16,5255.207,5283.832,5063.94,5066.66,207171940,5287.9816,179732136.6,0.0269060326880024,0.02031705809836,1.1526705458416056,-57.96960000000127,-169.59499999999937,-0.2779330642836446,0.3,0.35
2024-04-17,5109.082,5287.456,5109.082,5287.456,190079395,5272.0624,184256117.0,0.0287692229916346,0.0212162988835571,1.0316042587611896,64.53099999999995,441.64800000000014,-0.0881636438799822,0.35,0.3
2024-04-18,5276.471,5345.436,5233.899,5286.719,188225058,5253.423199999999,188872388.6,0.0285774062239133,0.0217963922968957,0.9965726562532604,-2.7200000000002547,-221.5330000000004,0.0860346845724867,0.3,0.35
2024-04-19,5257.01,5312.152,5224.319,5264.389,178870211,5238.5472,193211526.4,0.0289930819440731,0.0220685655252681,0.9257740173828468,3.763200000001234,-21.592999999999847,-0.0357670363624841,0.3,0.3
2024-04-22,5231.565,5300.793,5187.523,5246.082,167762229,5230.2612,186421766.6,0.0273016826503794,0.0225546840984077,0.899906872784672,6.589999999999236,4.023000000000138,0.0449314942722384,0.3,0.3
2024-04-23,5234.434,5260.293,5194.262,5218.427,156851394,5260.6146,176357657.4,0.0211524098320389,0.0221744058968932,0.8893937258660819,38.63940000000002,-9.348000000000866,0.0153539976795848,0.3,0.35
2024-04-24,5219.257,5305.607,5200.598,5305.607,162666749,5264.2448,170875128.2,0.0183637626621991,0.0218318625654332,0.951962703487236,-26.72319999999945,114.83500000000096,0.073082124539744,0.35,0.35
2024-04-25,5285.137,5357.44,5273.553,5313.986,157831248,5269.698200000001,164796366.2,0.0173014614881922,0.0215768817681266,0.9577350013194648,1.8231999999998152,-78.80100000000039,-0.056796679788925,0.4,0.4
2024-04-26,5303.151,5420.366,5303.151,5415.938,210886927,5300.008,171199709.4,0.018293108763734,0.0210409572209722,1.2318182533083202,24.85639999999876,93.57300000000032,0.2683109541566263,0.4,0.45
2024-04-29,5422.411,5550.214,5422.411,5545.235,241439744,5359.8386,185935212.4,0.0185843094955674,0.0206275540878331,1.298515439241244,29.520800000001145,27.344999999999345,-0.2073860660559315,0.4,0.45
2024-04-30,5530.944,5542.193,5482.988,5497.431,204909743,5415.6394,195546882.2,0.0182075386895901,0.0202894989286143,1.0478803890640604,-4.02980000000025,-177.10099999999966,-0.3173322361101072,0.35,0.45
2024-05-06,5558.924,5611.266,5558.924,5606.842,205174028,5475.886399999999,204048338.0,0.0161161985975589,0.0198722957367197,1.0055167810286207,4.446199999999408,157.21500000000017,0.2082714421417437,0.4,0.45
2024-05-07,5604.271,5631.954,5593.008,5625.336,185622540,5538.1564,209606596.4,0.0143436468590479,0.0196245965069451,0.8855758510851903,2.023000000001048,-90.91699999999946,-0.0775773219079907,0.45,0.5
2024-05-08,5605.592,5605.592,5529.914,5536.659,175730988,5562.3006,202575408.6,0.012748832485767,0.0196952171838153,0.8674843072734151,-38.12580000000071,-107.1710000000012,0.1018493861316551,0.45,0.55
2024-05-09,5533.513,5638.641,5533.513,5626.826,172678261,5578.618799999999,188823112.0,0.0118760329093223,0.0197730567492235,0.9144974848206082,-7.826000000000022,178.84400000000096,0.0651047213589683,0.45,0.55
2024-05-10,5632.759,5641.922,5549.61,5574.232,188377044,5593.979,185516572.2,0.0130342152672516,0.0198250491192207,1.0154189556548954,-0.9579999999987194,-142.76100000000042,0.053908293287094,0.45,0.55
2024-05-13,5537.928,5556.708,5479.946,5520.804,180308639,5576.7714,180543494.4,0.0139479661417314,0.019299287598281,0.9986991755046036,-32.567800000001625,-0.8339999999998327,-0.117641250984579,0.4,0.55
2024-05-14,5524.435,5574.252,5524.263,5551.676,169585067,5562.0394,177335999.8,0.0143641637633153,0.0186466695836172,0.9562923895388328,2.475600000000668,84.30000000000018,-0.0256870058154787,0.45,0.5
2024-05-15,5541.81,5551.264,5491.523,5497.235,163304598,5554.1546,174850721.8,0.0138039500631726,0.0184597433141867,0.9339658213524172,6.847200000000157,-85.31300000000101,0.0200802177793548,0.45,0.55
2024-05-16,5508.95,5539.919,5474.281,5488.946,169798002,5526.5786,174274670.0,0.0124589217568005,0.0175552367030174,0.9743125722171788,-19.691200000000208,46.15200000000095,0.0626733190511774,0.45,0.55
2024-05-17,5489.416,5564.063,5478.297,5563.231,182873081,5524.3784,173173877.4,0.0122301403858402,0.0161560760436802,1.0560084681686523,25.3757999999998,82.57399999999961,0.0413491450867118,0.45,0.55
2024-05-20,5563.653,5612.346,5548.903,5596.777,197476441,5539.573,176607437.8,0.01171643977595,0.0150360917943598,1.118166049289686,17.39480000000094,-40.73899999999958,-0.0195383148304397,0.5,0.55
2024-05-21,5586.009,5586.009,5517.39,5536.745,172959880,5536.586799999999,177282400.4,0.0123942547492269,0.0146008817149456,0.9756178820331451,-18.18080000000191,-93.57800000000044,-0.2047057483775747,0.5,0.6
2024-05-22,5532.843,5553.696,5508.758,5539.659,168002993,5545.0716,178222079.4,0.0118431724076597,0.0141722659300833,0.9426609405837736,11.471000000002276,62.94599999999991,0.1095912258071695,0.55,0.6
2024-05-23,5521.18,5521.18,5402.004,5412.823,175806710,5529.847,179423821.0,0.0138549985933854,0.0141935656887689,0.9798404081473664,-23.70940000000155,-129.7499999999991,0.0701364090129641,0.55,0.55
2024-05-24,5401.583,5436.813,5350.106,5350.108,151050114,5487.222400000001,173059227.6,0.0140130001866761,0.0143712236323395,0.872823229912532,-27.399999999998727,64.12099999999919,-0.144196645798427,0.5,0.55
2024-05-27,5358.076,5404.615,5295.088,5404.615,151409114,5448.789999999999,163845762.2,0.0157989656093129,0.0143948925311383,0.9240953929292413,4.192199999997683,117.22199999999977,0.1582893412515434,0.5,0.5
2024-05-28,5390.405,5414.978,5343.83,5348.03,148458050,5411.0470000000005,158945396.2,0.0159810071171783,0.0142707681221921,0.9340191886602124,0.6894000000029337,-111.09199999999964,-0.0413483672857378,0.45,0.5
2024-05-29,5336.696,5386.783,5324.687,5351.252,142698663,5373.3656,153884530.2,0.0166793994678864,0.0137688386061214,0.9273099954526812,0.0615999999981795,59.8070000000007,-0.0166329889385022,0.45,0.45
2024-05-30,5334.797,5371.807,5311.439,5334.296,141323171,5357.6602,146987822.4,0.0145393216085161,0.0131823187170061,0.9614617639236488,21.976000000000568,-20.178000000000797,0.0408609616784984,0.45,0.4
2024-05-31,5334.099,5381.716,5334.099,5355.21,136735137,5358.6806,144124827.0,0.0130763468226278,0.0130884256655989,0.9487271544131672,16.725799999999253,37.86999999999989,-0.0468863779814489,0.45,0.35
2024-06-03,5350.642,5351.251,5246.169,5284.623,163388152,5334.6822,146520634.6,0.013000151902927,0.0136158808574803,1.1151204227721794,-25.01879999999892,-91.5010000000002,0.1791278778694938,0.4,0.35
2024-06-04,5267.361,5319.709,5229.676,5313.708,145127777,5327.8178,145854580.0,0.0137281409390604,0.0141168916421952,0.9950169339900056,17.133999999999105,99.67200000000048,-0.2864967571411859,0.45,0.3
2024-06-05,5294.301,5330.804,5244.085,5244.085,132143504,5306.3844,143743548.2,0.0147146454410181,0.0142602918449342,0.9193004183821868,-14.568999999999503,-98.70799999999964,0.0443869731743546,0.4,0.35
2024-06-06,5249.95,5275.886,5113.214,5130.869,169793255,5265.699,149437565.0,0.0187921681636006,0.0149113525305757,1.1362153485303377,-19.252000000000407,-43.59300000000076,0.29263144575597,0.4,0.3
2024-06-07,5159.173,5189.995,5096.084,5153.587,130320202,5225.374399999999,148154578.0,0.0206583159248624,0.0149944508300016,0.8796231865342696,0.3607999999994717,135.9340000000011,-0.473507092144219,0.45,0.3
2024-06-11,5132.218,5208.18,5086.86,5198.923,128533904,5208.234399999999,141183728.4,0.0213485396598416,0.0154660242370079,0.9104016833713252,23.18460000000141,22.61799999999857,0.2873706588331237,0.45,0.3
2024-06-12,5188.358,5231.47,5186.607,5216.463,121650752,5188.7854,136488323.4,0.0196798869389168,0.0154458224360956,0.8912905439059704,-2.3090000000001965,-27.795999999999367,-0.0498896363024106,0.5,0.3
2024-06-13,5214.412,5219.708,5170.166,5180.236,131172507,5176.015600000001,136294124.0,0.0182853111428458,0.0153806321148525,0.9624223198352996,6.679200000000492,-53.76699999999983,0.0902429153946842,0.5,0.35
2024-06-14,5164.872,5190.712,5138.358,5180.651,139132978,5185.972,130162068.6,0.0139655329161847,0.0152880053204217,1.0689210727556,22.726199999998244,36.64199999999983,0.035366976990971,0.5,0.35
2024-06-17,5158.98,5211.39,5151.277,5183.968,124616372,5192.0482,129021302.6,0.0126402308941455,0.015096973457078,0.9658588891041006,-3.880199999998695,2.902000000000044,-0.2095609365717997,0.5,0.3
2024-06-18,5183.271,5237.819,5177.277,5227.255,135460663,5197.714599999999,130406654.4,0.0102895078363647,0.0151092912521115,1.0387557569301462,-0.4098000000012689,39.970000000000255,0.1759590514775451,0.55,0.3
2024-06-19,5230.488,5241.967,5159.995,5159.995,125806229,5186.421,131237749.8,0.0117466658433766,0.015283925209633,0.958613121542564,-16.959999999998217,-110.54700000000048,-0.1530395032136279,0.5,0.35
2024-06-20,5150.795,5174.875,5052.885,5056.138,141500845,5161.6014,133303417.4,0.0146593565452366,0.0160846781492467,1.0614945044912254,-13.52600000000166,-36.59699999999975,0.1830240183362437,0.5,0.35
2024-06-21,5040.629,5090.57,5014.479,5055.333,111201689,5136.5378,127717159.6,0.0156485465185685,0.0157363923017175,0.8706871445330828,-0.2439999999987776,103.05199999999968,-0.293688742906804,0.5,0.35
2024-06-24,5025.517,5029.731,4884.497,4887.777,128915163,5077.2996,128576917.8,0.0192721002976904,0.0164117484848315,1.0026306836855907,-34.17460000000028,-166.7509999999993,0.3227508991106504,0.45,0.35
2024-06-25,4885.89,4907.955,4814.68,4847.61,112593300,5001.3706,124003445.2,0.020803991002353,0.0163605476003716,0.9079852565257598,-16.69080000000031,127.3889999999992,-0.2265889663123388,0.45,0.3
2024-06-26,4842.004,4988.309,4812.1,4986.384,138027529,4966.6484,126447705.2,0.0246943851273704,0.0174622697121811,1.091577967205371,41.20679999999993,178.9410000000007,0.278238137839442,0.45,0.3
2024-06-27,4964.659,4969.089,4862.634,4864.086,121642911,4928.237999999999,122476118.4,0.0242461471569496,0.0179763650715125,0.9931969806776632,-3.6882000000005055,-261.0720000000001,-0.2819736972073188,0.45,0.35
2024-06-28,4855.35,4968.272,4851.835,4895.986,134567796,4896.3686,127149339.8,0.0259922482294414,0.0185996239569488,1.0583444334958316,6.541000000001077,154.1979999999994,0.163528439345876,0.45,0.35
2024-07-01,4894.559,4954.175,4839.745,4940.247,129219325,4906.8626,127210172.2,0.0246820676457964,0.0193131786906237,1.015793963369857,42.36340000000018,12.361000000000786,-0.107697922944143,0.5,0.35
2024-07-02,4940.7,4951.197,4886.702,4905.649,118827986,4918.4704,128457109.4,0.0234631971569955,0.0189763089138887,0.9250401675315916,1.1137999999991737,-78.85900000000038,-0.0482033257122905,0.45,0.4
2024-07-03,4900.667,4906.51,4857.775,4867.132,102300301,4894.62,121311663.8,0.0183982073870567,0.0186297863241802,0.8432849554240472,-35.45820000000003,-3.9190000000007785,0.0089985837307208,0.45,0.35
2024-07-04,4868.546,4883.737,4745.909,4761.868,121202257,4874.1764,121223533.0,0.0198098439562414,0.0192501647003184,0.9998244895238286,3.4068000000006577,-66.74699999999848,0.2382947462073258,0.45,0.35
2024-07-05,4753.733,4828.843,4711.868,4810.794,110602467,4857.138000000001,116430467.2,0.0199164395678907,0.0188806918080213,0.9499443716051668,3.40520000000015,154.1899999999987,-0.2064196520184431,0.45,0.35
2024-07-08,4801.489,4801.489,4679.285,4693.965,123548775,4807.881600000001,115296357.2,0.0204907337112046,0.0192712831372092,1.0715757028271489,-32.21800000000076,-165.7549999999992,0.1715114491406437,0.4,0.4
2024-07-09,4689.275,4810.322,4645.197,4797.063,148511187,4786.1644,121232997.4,0.0247457368127894,0.0198256082021256,1.225006311689197,27.53919999999925,219.92699999999968,0.031799277640066,0.4,0.35
2024-07-10,4783.17,4829.209,4768.125,4777.682,138401543,4768.2744,128453245.8,0.0253001759879048,0.0200348585864271,1.0774468339670402,3.82720000000154,-122.47900000000028,-0.3009900865842048,0.4,0.35
2024-07-11,4846.106,4896.147,4821.414,4893.595,153190469,4794.6198,134850888.2,0.0225656742600357,0.0203202554796158,1.135998961851851,44.23539999999957,135.29400000000078,0.2061116056069674,0.4,0.4
2024-07-12,4884.413,4897.169,4858.303,4878.019,130854179,4808.0648,138901230.6,0.0192961673772129,0.0202133504232784,0.9420663764803248,-12.900400000000444,-131.4890000000005,-0.2524847132563368,0.35,0.45
2024-07-15,4869.004,4869.004,4815.407,4827.602,126413017,4834.792200000001,139474079.0,0.0163097512185732,0.0201886632183161,0.9063549148799184,13.282400000000962,-34.84100000000035,0.1582211237711196,0.3,0.4
2024-07-16,4815.738,4845.349,4786.214,4836.718,120891502,4842.7232,133950142.0,0.0118705836457736,0.0202208771544779,0.9025111895738044,-18.79640000000109,59.53300000000036,0.0318677362942925,0.35,0.35
2024-07-17,4834.441,4842.722,4786.348,4795.624,120425116,4846.311599999999,130354856.6,0.0116645877843051,0.0200143390716593,0.9238253114690628,-4.342600000000857,-50.21000000000004,0.0251578472013723,0.35,0.4
2024-07-18,4763.303,4822.619,4714.601,4812.426,121727781,4830.0778,124062319.0,0.0130993975903805,0.0199302657409018,0.9811825377857076,-19.822199999997792,57.89600000000064,0.0360431044213864,0.4,0.4
2024-07-19,4788.771,4854.707,4778.714,4821.423,112647955,4818.7586,120421074.2,0.0146581877268538,0.0199657607253497,0.935450507715202,4.9145999999991545,-7.8050000000012,-0.1030892563871505,0.45,0.45
2024-07-22,4822.639,4848.307,4798.117,4826.871,110732121,4818.6124,117284895.0,0.0145173559419462,0.0189999771293801,0.9441294294546624,11.172999999999774,-3.5489999999990687,0.0544109518099662,0.5,0.5
2024-07-23,4825.745,4825.745,4694.953,4694.953,120495201,4790.2594,117205634.8,0.0176437027477616,0.01943080509083,1.028066621588743,-28.20679999999993,-137.366,0.0752582703946199,0.45,0.55
2024-07-24,4682.062,4713.074,4625.422,4631.011,121091980,4757.3368,117339007.6,0.0190780796144908,0.0186102626934394,1.0319840134731122,-4.569599999999809,67.97599999999966,-0.0800198002497114,0.45,0.5
2024-07-25,4602.633,4678.658,4587.707,4632.566,108530458,4721.3648,114699543.0,0.018515543581587,0.0184976148470612,0.9462152608576652,-3.0493999999998778,65.49699999999939,-0.089686144499816,0.45,0.5
2024-07-26,4638.312,4710.569,4638.312,4702.08,110691033,4697.4962,114308158.6,0.0184366435285963,0.0180768595501384,0.9683563654221966,12.103399999999056,67.95900000000074,0.1079098571799782,0.45,0.5
2024-07-29,4707.279,4707.279,4670.8,4685.646,109319605,4669.251200000001,114025655.4,0.0179140886136639,0.017307982371347,0.9587281442628744,-4.376399999998284,-85.94800000000032,-0.0317693257238536,0.45,0.5
2024-07-30,4674.925,4716.215,4637.41,4702.492,112315594,4670.759,112389734.0,0.0156941158221773,0.0174885347571255,0.9993403312085426,29.752799999998388,33.280000000000655,0.0502404081049905,0.5,0.5
2024-07-31,4698.734,4889.772,4690.0,4889.081,173761942,4722.3730000000005,122923726.4,0.0200808486856674,0.019030923018092,1.4135752884237325,50.10620000000108,169.74299999999948,0.3736227702695216,0.55,0.55
2024-08-01,4894.809,4933.061,4850.633,4878.289,146421421,4771.5176,130501919.0,0.0195336375330231,0.0184285632412566,1.1219867272603097,-2.46940000000086,-197.3810000000003,-0.7058235183786129,0.5,0.6
2024-08-02,4844.777,4902.941,4802.022,4809.889,137989767,4793.0794000000005,135961665.8,0.0206565447753369,0.018261885852,1.014916713384369,-27.582799999999224,-57.60799999999927,0.1845185472874826,0.5,0.55
2024-08-05,4776.181,4854.59,4678.739,4678.775,152847485,4791.705199999999,144667241.8,0.0266164591786568,0.01883941373821,1.0565452351079525,-22.936000000001517,-62.71400000000085,0.1486985355995236,0.45,0.55
2024-08-06,4731.196,4766.273,4695.637,4749.947,127097641,4801.1962,147623651.2,0.0262390125528697,0.0178618536921455,0.8609571702559272,10.865200000002003,202.28600000000097,-0.2372165865756083,0.5,0.5
2024-08-07,4741.652,4772.206,4715.529,4743.41,112619284,4772.062,135395119.6,0.0204565581886079,0.0178200185682678,0.8317824477921582,-38.625200000001314,-77.70900000000074,0.166413342388256,0.45,0.5
2024-08-08,4728.33,4776.487,4677.425,4739.493,126746572,4744.3028,131460149.8,0.0212574549609219,0.0181015084164781,0.9641444361110868,1.3750000000009095,2.6200000000008004,0.1615367107826977,0.45,0.45
2024-08-09,4760.127,4789.169,4702.745,4702.745,115665338,4722.874,126995264.0,0.0207366122968778,0.0186219970819162,0.9107846572924168,6.330399999998917,-32.83100000000104,-0.1857217671375985,0.45,0.5
2024-08-12,4696.364,4707.216,4657.33,4674.102,107665245,4721.9394,117958816.0,0.0153542151625218,0.0186005297241972,0.9127358908044652,20.494200000001,8.105000000000473,0.0553110123307182,0.4,0.5
2024-08-13,4671.2,4698.342,4642.669,4697.586,100207248,4711.467200000001,112580737.4,0.0147503158550879,0.0185817867444741,0.8900923045472964,-9.537599999999657,52.12700000000041,-0.024594819769217,0.45,0.45
2024-08-14,4698.002,4698.148,4649.278,4649.278,99911373,4692.640799999999,110039155.2,0.0144628623389744,0.0185195872069352,0.9079620142340024,-8.354200000002493,-71.79200000000037,0.0405132959438747,0.4,0.5
2024-08-15,4639.084,4743.728,4620.555,4691.85,129900650,4683.1122000000005,110669970.8,0.0155330928454167,0.0187099322302372,1.1737660095235156,9.297800000003008,90.88000000000012,0.2479342856028072,0.4,0.45
2024-08-16,4696.718,4703.027,4654.46,4655.651,122612541,4673.6934,112059411.4,0.0139439901834162,0.0184434476960568,1.0941744157688835,0.1097999999983585,-78.77100000000064,-0.3453955890441451,0.35,0.45
2024-08-19,4651.297,4714.059,4644.601,4663.612,119942244,4671.5954,114514811.2,0.0147881409498177,0.018668225976165,1.0473950290196172,7.320800000000418,44.16000000000077,0.0328122070053653,0.4,0.4
2024-08-20,4663.776,4665.634,4563.855,4579.304,129979655,4647.939,120469292.6,0.0168630330308868,0.0183866193152554,1.07894428691947,-21.55839999999989,-92.26900000000025,0.0783286446491193,0.4,0.45
2024-08-21,4564.379,4590.201,4543.881,4548.265,108164315,4627.7364,122119881.0,0.0167975917650993,0.0179494652445873,0.8857224074759784,3.453799999999319,53.26900000000023,-0.2247711373433445,0.35,0.45
2024-08-22,4549.3,4562.977,4484.559,4491.839,113469330,4587.7342,118833617.0,0.015038659516597,0.0178407112139897,0.9548588426791722,-19.799599999999373,-25.387000000000626,0.2623583146466854,0.3,0.4
2024-08-23,4482.655,4510.598,4462.76,4495.344,110254720,4555.6728,116362052.8,0.0150806272395118,0.0176044436237857,0.947514394486516,7.940800000000308,59.931000000000495,-0.07648088339585,0.35,0.35
2024-08-26,4492.706,4531.173,4476.243,4512.893,112271843,4525.529,114827972.6,0.0145362646505271,0.0178237699853808,0.9777394867981848,1.9175999999997655,14.043999999999867,0.0375695405043249,0.35,0.4
2024-08-27,4500.735,4501.084,4449.215,4459.68,113939520,4501.6042,111619945.6,0.0124172223457309,0.0175673959461438,1.020781002781639,6.218999999999141,-70.76199999999972,0.0128164236717857,0.3,0.4
2024-08-28,4449.712,4506.313,4437.518,4470.551,107903177,4486.0614000000005,111567718.0,0.0134580983985341,0.0162937776728039,0.9671541099370696,8.382000000001426,64.08399999999983,-0.0966684088280237,0.35,0.35
2024-08-29,4453.432,4558.948,4443.903,4542.464,129788753,4496.1864000000005,114831602.6,0.0150318343563726,0.016715260419827,1.1302529100120735,25.66779999999926,61.04199999999946,0.2167256929195733,0.4,0.4
2024-08-30,4539.929,4691.015,4534.044,4629.32,177838616,4522.9816,128348381.8,0.0196850996587509,0.0173615823446392,1.3855929736388777,16.670199999999568,14.943000000000213,0.0922412635517999,0.45,0.45
2024-09-02,4627.182,4635.765,4529.834,4532.514,155927274,4526.9058,137079468.0,0.0219250123097458,0.0166509082681531,1.137495470875332,-22.870999999999185,-183.66199999999932,-0.5034375663903496,0.4,0.5
2024-09-03,4529.941,4598.632,4529.941,4572.397,128952462,4549.4492,140082056.4,0.0226034760322741,0.0166585118159949,0.920549464463744,18.619199999999186,136.6889999999994,0.0311514963519577,0.45,0.45
2024-09-04,4542.904,4594.438,4529.338,4550.769,122871657,4565.4928,143075752.4,0.022386834257487,0.0167763466900237,0.8587874251150889,-6.499799999999596,-61.51099999999951,0.1551839670629327,0.45,0.5
2024-09-05,4554.518,4614.752,4554.518,4586.781,121209194,4574.3562,141359840.6,0.0199479387756263,0.0163878813735032,0.8574514054736421,-7.180199999999786,57.63999999999942,0.0604260197072084,0.5,0.5
2024-09-06,4588.928,4595.697,4506.387,4508.228,127217733,4550.1378,131235664.0,0.0171284268961113,0.0164595359944476,0.969383848280754,-33.08179999999993,-114.5649999999996,0.1132684624485587,0.5,0.55
2024-09-09,4490.99,4523.366,4459.126,4475.532,113284927,4538.741400000001,122707194.6,0.0153248757933308,0.0166435734258553,0.9232134054509628,12.822000000000116,45.85699999999997,-0.158102885636903,0.45,0.55
2024-09-10,4481.487,4507.154,4400.776,4487.575,132351585,4521.777,123387019.2,0.0170612825910987,0.0172362534999976,1.0726540430113576,-5.5680000000011205,44.73899999999958,0.1956110803901858,0.5,0.5
2024-09-11,4469.015,4500.683,4453.2,4486.007,113953972,4508.8246,121603482.2,0.0163171659720651,0.0172399225982964,0.9370946451400222,4.012000000000626,-13.610999999999876,-0.2850000354317301,0.45,0.5
2024-09-12,4490.524,4542.285,4468.744,4468.744,118731187,4485.217199999999,121107880.8,0.01698209875718,0.016750132851444,0.9803753993191828,-10.655000000000657,-15.694999999999707,0.1788401520504962,0.45,0.5
2024-09-13,4471.983,4478.218,4413.187,4413.187,116827287,4466.209,119029791.6,0.0159671317704351,0.0169653213912023,0.9814961904041508,4.599200000001474,-38.29399999999987,-0.0421599630941927,0.4,0.5
2024-09-18,4413.903,4425.792,4342.209,4399.134,113552078,4450.929399999999,119083221.8,0.016896386773766,0.0171706348818424,0.953552282879199,3.728599999998551,41.50399999999991,-0.0290646986099198,0.4,0.45
2024-09-19,4418.784,4527.612,4385.486,4482.275,145747160,4449.8694,121762336.8,0.018497075555284,0.0176447641310969,1.1969806413899244,14.219600000001265,97.1939999999995,0.2713722660356773,0.45,0.5
2024-09-20,4484.175,4487.075,4428.165,4463.356,127480177,4445.3392,124467577.8,0.0190198549995564,0.0177954884069106,1.0242038870945234,-3.4701999999997497,-102.05999999999948,-0.4162051128061265,0.45,0.55
2024-09-23,4462.717,4513.97,4445.99,4469.133,124945066,4445.417,125710353.6,0.0187707059285619,0.0176831444544352,0.9939122945876432,4.607999999999265,24.695999999999916,0.142485161788521,0.45,0.55
2024-09-24,4489.492,4642.557,4466.336,4642.557,215782531,4491.290999999999,145501402.4,0.023415133267361,0.0190489478981646,1.4830271560324149,45.79619999999886,167.6469999999999,0.5194064539516516,0.45,0.55
2024-09-25,4688.388,4799.857,4681.853,4686.258,264240731,4548.7158,175639133.0,0.02465132980782,0.0196994011711657,1.5044524900951315,11.5508000000018,-129.72299999999996,-0.4676895273820549,0.5,0.55
2024-09-26,4675.945,4874.132,4672.866,4874.132,253977829,4627.0872,197285266.8,0.0265681765929392,0.021182502692899,1.287363385616994,20.946599999999307,144.17299999999975,-0.2385144385408539,0.5,0.55
2024-09-27,4950.938,5164.542,4944.84,5136.441,290681694,4761.7042,229925570.2,0.0324830981479523,0.0225517383442652,1.264242570963949,56.2456000000002,74.4350000000004,0.1939682898250925,0.5,0.55
2024-09-30,5375.572,5732.568,5307.549,5708.826,471432852,5009.6428,299223127.4,0.0443307888921247,0.0250078830883732,1.575522774915025,113.32159999999932,310.076,0.3344010186041204,0.5,0.55
2024-10-08,6437.113,6437.113,5861.322,6201.986,550590792,5321.5286,366184779.6,0.0553071951565135,0.0279544717726052,1.5035873216834268,63.94720000000052,-79.22500000000036,-0.3832156571826737,0.55,0.55
2024-10-09,6052.67,6105.029,5706.045,5727.38,458094212,5529.753,404955475.8,0.0642035370841045,0.0302690323647553,1.1312211820201297,-103.66139999999996,-967.7659999999996,-0.300430686431699,0.5,0.55
2024-10-10,5777.899,5881.329,5593.983,5654.53,349628012,5685.8326,424085512.4,0.0661083910961261,0.032058731458862,0.8244280971103507,-52.14480000000003,401.7559999999994,0.0655730547535181,0.5,0.5
2024-10-11,5610.948,5616.807,5349.321,5416.758,279992646,5741.896000000001,421947702.8,0.0674299914293078,0.0338125276372204,0.6635719169508416,-100.01619999999912,-164.92199999999957,0.1459369047502698,0.45,0.45
2024-10-14,5451.619,5620.418,5346.424,5615.756,281144405,5723.282,383890013.4,0.0622981449256969,0.0355954346258909,0.7323566521306126,-74.6774000000014,436.7700000000005,0.2296409153392801,0.5,0.4
2024-10-15,5585.689,5704.561,5505.81,5507.176,297517095,5584.32,333275274.0,0.0509480811460529,0.0364093853350906,0.8927067748806352,-120.34799999999996,-307.57800000000043,0.0915653875702515,0.5,0.45
2024-10-16,5425.431,5598.835,5424.393,5524.254,248520319,5543.694799999999,291360495.4,0.0433310627697528,0.0372705791088608,0.8529650481916363,98.33680000000004,125.65799999999945,-0.2000918494390214,0.5,0.45
2024-10-17,5563.464,5624.794,5504.485,5505.615,276397486,5513.9118,276714390.2,0.0375380825829624,0.0371779314568279,0.9988547606802416,10.842200000000958,-35.71699999999964,0.1856314391776042,0.5,0.5
2024-10-18,5495.196,5880.895,5484.235,5749.434,359719039,5580.447,292659668.8,0.0414600707484809,0.0400982538313243,1.2291377232639034,96.3181999999997,262.45800000000054,0.0843932500950562,0.55,0.45
2024-10-21,5797.003,5954.436,5767.79,5860.571,355061095,5629.410000000001,307443006.8,0.0380715757029867,0.0408678038623425,1.1548842782134798,-17.57219999999961,-132.6820000000007,-0.3045364076340852,0.6,0.5
2024-10-22,5866.785,5940.367,5814.297,5888.814,347298628,5705.7376,317399313.4,0.0351353610837604,0.041201442663422,1.0942009429060096,27.364599999998973,-82.89399999999932,0.0135701097429532,0.65,0.55
2024-10-23,5871.319,5991.589,5856.368,5903.579,333753772,5781.6026,334446004.0,0.0334008496555585,0.0413966948293089,0.9979302129739304,-0.4625999999998385,-13.478000000000977,-0.0355873946246088,0.65,0.55
2024-10-24,5871.286,5887.45,5817.932,5861.632,264149476,5852.806,331996402.0,0.031402406118016,0.0404042640975109,0.7956395744312916,-4.661600000000362,-56.711999999999534,-0.1060199086105597,0.65,0.5
2024-10-25,5876.437,6014.11,5876.214,5974.909,306820665,5897.901,321416727.2,0.0222200143173837,0.0408982936607812,0.9545883553505364,-26.108399999999165,155.22400000000016,0.3612394194618836,0.65,0.55
2024-10-28,5988.723,6082.087,5965.001,6082.087,326722938,5942.2042,315749095.8,0.0197006558739239,0.041100291348683,1.0347549441818544,-0.7917999999999665,-6.098999999999251,-0.0787821920879268,0.65,0.55
2024-10-29,6106.194,6113.638,5982.526,5983.836,369325299,5961.2086,320154430.0,0.0198011844444613,0.040297955457697,1.153584846537966,-25.298800000000483,-205.429000000001,0.0386633135247936,0.6,0.55
2024-10-30,5960.791,6043.587,5945.675,6019.347,324380186,5984.3622000000005,318279712.8,0.018473443854453,0.0398522233409672,1.0191670186777924,4.1492000000007465,133.76199999999972,-0.2532477302162854,0.6,0.55
2024-10-31,6041.013,6161.555,6004.713,6116.663,386119485,6035.3684,342673714.6,0.0212298283050357,0.039069677025535,1.1267846600102194,27.852599999999256,61.80500000000029,0.2420354691926007,0.6,0.55
2024-11-01,6100.79,6125.408,5912.532,5930.232,409338276,6026.433,363177236.8,0.0237933404415813,0.0387258542341884,1.1271033383224418,-59.94160000000011,-283.7469999999994,-0.1072989630202045,0.55,0.55
2024-11-04,5912.314,6053.112,5912.314,6053.112,295637147,6020.638000000001,356960078.6,0.0245952352851405,0.036166402946937,0.8282078717583518,3.1404000000011365,309.3109999999997,-0.2992141448763125,0.55,0.5
2024-11-05,6057.208,6279.915,6051.457,6266.542,390142531,6077.1792,361123525.0,0.0275043874405244,0.0333472535286997,1.0803575618619696,62.33619999999792,90.55000000000018,0.5510451566677079,0.6,0.55
2024-11-06,6287.293,6368.868,6247.152,6293.193,424250101,6131.948399999999,381097508.0,0.0281193236658763,0.0308311699864101,1.113232419772212,-1.771999999999025,-186.77900000000045,-0.2192748321933754,0.65,0.6
2024-11-07,6238.617,6403.917,6229.49,6403.917,408571652,6189.3992,385587941.4,0.0284384815216445,0.0296521996319146,1.059606922655699,2.681600000000799,84.07300000000032,-0.0865003550267555,0.7,0.6
2024-11-08,6470.074,6526.65,6400.094,6423.122,451796308,6287.977199999999,394079547.8,0.0251997716079669,0.0281682992788532,1.1464596691764677,41.12719999999899,-91.51900000000025,0.1404782436372817,0.7,0.65
2024-11-11,6416.168,6580.568,6412.576,6579.006,402436255,6393.156,415439369.4,0.0256545964973008,0.027005515839838,0.9687003318467872,6.6008000000010725,136.6790000000001,-0.2646120838504491,0.75,0.6
2024-11-12,6593.822,6616.157,6429.35,6491.972,400715244,6438.242,417553912.0,0.0241182542591049,0.0266397968069627,0.95967306851624,-60.09280000000035,-242.91800000000055,0.168732073999133,0.7,0.65
2024-11-13,6453.864,6512.597,6357.556,6474.394,317485928,6474.4822,396201077.4,0.0250394342198551,0.0262582628489357,0.8013252515198739,-8.845800000000054,69.45600000000104,-0.1493205536658186,0.7,0.6
2024-11-14,6462.011,6472.954,6263.314,6272.191,294794718,6448.137000000001,373445690.6,0.0262766699263643,0.0268368464677651,0.789391136168596,-62.585399999999936,-184.6250000000009,0.1464137016450881,0.65,0.65
2024-11-15,6246.336,6331.872,6124.661,6125.512,295191634,6388.615,342124755.8,0.0291015396415119,0.0250786665021109,0.8628186911226141,-33.176800000001094,55.52400000000034,0.0853616703052959,0.6,0.6
2024-11-18,6154.507,6180.879,5937.085,5974.557,322672608,6267.7252,326172026.4,0.0321557020539955,0.0255265474275902,0.9892712491668172,-61.36779999999908,-4.27599999999984,0.0530250030901848,0.55,0.55
2024-11-19,5977.844,6130.496,5945.456,6130.285,273167526,6195.3878,300662482.8,0.032437599929838,0.0259653565184821,0.9085520862332211,48.55240000000049,306.683,-0.2071717209777988,0.55,0.5
2024-11-20,6116.96,6262.083,6105.222,6250.803,299975821,6150.669599999999,297160461.4,0.0326671476640704,0.0260748373510637,1.0094742065843354,27.619199999998276,-35.21000000000004,0.1816412832847099,0.6,0.55
2024-11-21,6241.009,6292.86,6199.706,6262.165,299655111,6148.6644,298132540.0,0.0289575394467021,0.0262256297999367,1.005107027230238,42.71300000000156,-109.15599999999996,-0.1052892997052115,0.6,0.55
2024-11-22,6240.086,6280.603,6030.375,6030.488,342129117,6129.659600000001,307520036.6,0.0304907960629767,0.0271463619385092,1.1125425217252332,-16.99959999999919,-243.03899999999976,0.1118026738490924,0.55,0.5
2024-11-25,6047.938,6076.19,5937.905,6052.129,277646776,6145.174,298514870.2,0.0268995192066783,0.0273262632607788,0.9300936191687244,34.51919999999791,253.3179999999993,-0.2898843970515038,0.6,0.45
2024-11-26,6036.638,6093.371,5979.392,5981.57,244404112,6115.431,292762187.4,0.0246736118921226,0.0271834633803975,0.8348213072546541,-45.25739999999951,-92.19999999999982,0.0871765906424383,0.55,0.45
2024-11-27,5942.533,6119.011,5856.997,6118.663,290946267,6089.003,290956276.6,0.0282191247588307,0.0285112575771581,0.9999655975801004,3.3150000000005093,207.65200000000004,0.2604166022395167,0.55,0.4
2024-11-28,6121.678,6170.134,6077.601,6086.085,301235560,6053.786999999999,291272366.4,0.0282847929440331,0.027989370959686,1.034205763228214,-8.788000000000466,-169.67099999999937,-0.1309041246773327,0.55,0.4
2024-11-29,6066.714,6246.198,6039.832,6189.128,324762691,6085.515,287799081.2,0.0266546899622677,0.0278616993186808,1.1284354684034343,66.94400000000132,135.6209999999992,0.0599895395271067,0.55,0.4
2024-12-02,6188.802,6325.861,6188.802,6313.608,354028066,6137.8108,303075339.2,0.0264265944091682,0.0277841030417857,1.1681190126999288,20.567799999998897,21.437000000000808,-0.0545461608787258,0.55,0.4
2024-12-03,6318.966,6342.357,6239.44,6303.276,326652363,6202.152,319524989.4,0.0258810965535381,0.0267776406586509,1.0223061539361404,12.045399999999972,-134.8120000000008,-0.1854964030602828,0.5,0.4
2024-12-04,6301.048,6303.505,6175.839,6204.945,299202098,6219.4084,321176155.6,0.0214316525552953,0.0268393397995128,0.9315825374428884,-47.08479999999963,-87.9989999999998,0.0550892422705363,0.45,0.4
2024-12-05,6186.123,6302.356,6186.123,6285.601,288535617,6259.3116,318636167.0,0.0220892365594611,0.0264020597191402,0.9055331656685414,22.64679999999953,178.98700000000008,0.0646742447189049,0.45,0.35
2024-12-06,6291.302,6384.656,6229.212,6349.621,349030963,6291.4102,323489821.4,0.0203167412404214,0.0266409417267944,1.0789550085052535,-7.804599999999482,-16.635999999999513,0.1994712146110594,0.45,0.4
2024-12-09,6346.595,6371.098,6257.542,6303.272,293773287,6289.343,311438865.6,0.0195781210165973,0.0262649841716098,0.9432775399885736,-34.16580000000067,-110.3690000000006,-0.3090993113533925,0.45,0.4
2024-12-10,6493.537,6497.889,6352.762,6362.02,374209206,6301.0918,320950234.2,0.0208749058398629,0.0259668035538404,1.16594152651969,13.816000000000711,105.09700000000066,0.3583414550477966,0.5,0.45
2024-12-11,6343.781,6454.971,6343.781,6447.374,331351956,6349.5776000000005,327380205.8,0.0202090859996885,0.0256317527444712,1.0121319191864226,36.73700000000008,26.605999999998858,-0.3764735938643837,0.55,0.4
2024-12-12,6454.942,6493.71,6390.589,6490.146,342326053,6390.486599999999,338138293.0,0.0196884679648692,0.0247550092287664,1.0123847552516034,-7.57680000000164,-42.58199999999943,0.1540624433984481,0.6,0.45
2024-12-13,6447.203,6460.939,6351.301,6354.988,361985513,6391.56,340729203.0,0.0182427567024358,0.0239262459920254,1.062384761308528,-39.83559999999761,-177.92999999999938,0.0497471699917437,0.6,0.45
2024-12-16,6355.628,6367.809,6248.158,6277.516,310215173,6386.408799999999,344017580.2,0.0184517248605334,0.0228389898732443,0.9017422098593088,-6.224600000002283,57.68599999999879,-0.2106425575061437,0.55,0.45
2024-12-17,6262.493,6269.14,6133.129,6143.944,274793959,6342.7936,324134530.8,0.0183169135132711,0.0224366319496987,0.8477774901729168,-38.46399999999812,-56.09999999999855,0.106677831762827,0.5,0.4
2024-12-18,6156.692,6242.517,6121.054,6195.868,248024122,6292.4924,307468964.0,0.01878853161085,0.0221620987311661,0.8066639272248629,-6.686000000000604,185.4959999999992,0.0128511567383381,0.5,0.35
2024-12-19,6127.22,6223.804,6108.394,6207.186,251487924,6235.9004,289301338.2,0.0193293535196011,0.0223479627469911,0.8692940225051472,-6.290799999999763,-40.60600000000068,0.1037436582283382,0.55,0.35
2024-12-20,6195.643,6320.962,6191.081,6271.753,243659085,6219.2534,265636052.6,0.0200206751676889,0.0213087157682034,0.9172666233182838,39.9449999999988,53.24900000000071,-0.0146574944671477,0.55,0.4
2024-12-23,6271.763,6276.971,6086.912,6096.381,258474975,6183.026400000001,255288013.0,0.0224437677428235,0.0217250520072806,1.0124837902201071,-19.57999999999811,-239.9389999999994,0.0472445660886867,0.55,0.45
2024-12-24,6110.767,6165.202,6066.226,6164.361,216010918,6187.1098,243531404.8,0.0212275190683685,0.0215751087437601,0.8869940949808868,40.31039999999848,243.35199999999892,-0.2207068621410437,0.55,0.45
2024-12-25,6158.65,6159.597,6037.736,6094.687,219027032,6166.8736,237731986.8,0.0213056703933031,0.0204337351397842,0.9213191499731328,-24.31959999999981,-137.65399999999954,0.1598147502314663,0.55,0.45
2024-12-26,6083.887,6185.806,6083.887,6160.452,206916739,6157.526800000001,228817749.8,0.0208958927888738,0.0205007377082013,0.9042862242149364,10.889400000000933,135.4390000000003,-0.0513579807504422,0.55,0.45
2024-12-27,6164.67,6250.202,6135.479,6171.566,237841554,6137.4894,227654243.6,0.0204719083698718,0.0197630203701045,1.044749046795278,-10.690600000000812,-54.65100000000075,0.157495748338538,0.55,0.45
2024-12-30,6164.908,6192.584,6097.103,6145.928,207712448,6147.3988,217501738.2,0.0173438970149146,0.0194543776587172,0.9549921288858924,29.946799999999712,-36.7519999999995,-0.2302197404897273,0.55,0.45
2024-12-31,6151.034,6160.733,5957.717,5957.717,237990032,6106.07,221897561.0,0.0209478919763932,0.0203418075994739,1.0725220724710895,-51.23819999999978,-162.57300000000032,0.2072868614945828,0.55,0.45
2025-01-02,5948.681,5982.554,5743.179,5797.089,244125606,6046.5504,226917275.8,0.0252074215898147,0.0213776773984141,1.0758352581985298,-18.1907999999994,27.58300000000054,-0.1142167578577569,0.5,0.45
2025-01-03,5808.542,5826.083,5609.766,5625.209,237093211,5939.5018,232952570.2,0.0295895912862539,0.0223758263898995,1.017774608781715,-47.52900000000045,-11.252000000000407,-0.0613738351442549,0.45,0.4
2025-01-06,5614.028,5688.922,5561.898,5608.034,203047676,5826.7954,225993794.6,0.0304018714685497,0.0222843029271365,0.8984657138900043,-5.657799999999952,154.70499999999993,-0.0612482454748959,0.45,0.35
2025-01-07,5610.946,5694.004,5580.885,5692.041,193912450,5736.018,223233795.0,0.031269378592299,0.0223771920526426,0.8686518544380791,21.929000000000087,101.1820000000007,0.0894950354397855,0.45,0.3
2025-01-08,5664.312,5706.659,5501.492,5661.779,225800830,5676.830400000001,220795954.6,0.0317015899092802,0.0230484786168282,1.0226674234546869,31.58980000000065,-114.26900000000025,0.1838294284685329,0.4,0.35
2025-01-09,5629.895,5714.461,5629.824,5672.78,193320421,5651.9686,210634917.6,0.0264271037335096,0.0229321818318694,0.9177985454772482,34.32579999999871,41.26299999999901,-0.2588844469940464,0.4,0.3
2025-01-10,5662.767,5718.212,5544.916,5544.916,198014877,5635.910000000001,202819250.8,0.024986745085438,0.0237003956700417,0.9763120424661385,8.803200000001198,-138.86499999999887,0.163382374966329,0.4,0.35
2025-01-13,5487.125,5599.327,5457.51,5559.473,169309190,5626.1978,196071553.6,0.0255584871993858,0.024113235551374,0.8635071579297161,6.346399999998539,142.42099999999937,-0.1713183815253126,0.45,0.35
2025-01-14,5580.878,5814.707,5562.18,5811.054,235772869,5650.0004,204443637.4,0.0302751128681648,0.0253330390545505,1.153241411659603,33.51480000000083,237.02400000000037,0.4025391382663092,0.5,0.4
2025-01-15,5805.898,5815.149,5755.625,5775.571,204290325,5672.7588,200141536.4,0.0250889069293561,0.0247414769708495,1.020729273266436,-1.0442000000002736,-287.0640000000003,-0.4222463921230538,0.45,0.45
2025-01-16,5810.051,5906.466,5753.764,5801.305,216373239,5698.4638,204752100.0,0.0273693395866045,0.025077383825808,1.0567571175094177,2.9466000000011263,61.21700000000055,0.1685399826361482,0.45,0.5
2025-01-17,5780.605,5885.416,5755.907,5841.572,196817967,5757.795,204512718.0,0.0255527590643792,0.0252562470562362,0.962375195658981,33.62619999999879,14.532999999999449,-0.1304097660934178,0.45,0.45
2025-01-20,5877.972,5925.072,5856.833,5879.15,198430783,5821.7304,210337036.6,0.0227723345547137,0.0248011503981302,0.9433944026574728,4.604200000000674,-2.6890000000003056,0.0754011288489283,0.5,0.45
2025-01-21,5911.404,5917.129,5834.964,5908.023,199127834,5841.1242,203008029.6,0.0168625432243727,0.0239377329249378,0.9808864919892804,-44.54160000000047,-8.704999999999018,0.0564728823333157,0.5,0.5
2025-01-22,5879.844,5886.742,5824.035,5855.74,180296760,5857.158,198209316.6,0.0169430374023012,0.0236703565543327,0.9096280795107692,-3.3599999999996726,-81.15600000000086,-0.1087505018103189,0.5,0.45
2025-01-23,5911.219,5991.845,5829.033,5829.033,222855753,5862.7036,199505819.4,0.0172648795790747,0.0240671861222509,1.1170388596694738,-10.488200000000688,25.57600000000093,0.2786691926372161,0.45,0.5
2025-01-24,5815.458,5943.112,5815.458,5938.13,208090445,5882.0152,201760315.0,0.0171303014154351,0.0243148492128766,1.031374504941668,13.766000000000531,135.80399999999918,-0.2930751348865105,0.45,0.45
2025-01-27,5946.729,5964.15,5846.069,5846.069,188646200,5875.398999999999,199803398.4,0.018848583204871,0.02439531910688,0.9441591159642658,-25.92780000000039,-201.15799999999945,-0.0015510342495964,0.45,0.45
2025-02-05,5900.513,5928.88,5851.595,5881.436,212005310,5870.0816,202378893.6,0.0186952109661166,0.0242755614127383,1.0475663060942837,1.2988000000013926,127.42799999999896,0.1906225791074198,0.5,0.45
2025-02-06,5869.705,6042.019,5853.746,6041.833,255998511,5907.3002,217519243.8,0.022785797297282,0.0241298328845549,1.1769005193645308,42.53599999999824,125.03000000000064,0.0259270231402296,0.55,0.45
2025-02-07,6046.365,6198.748,6042.261,6134.055,323952835,5968.3046,237738660.2,0.0223017900158316,0.0233407782287551,1.362642637623479,23.785800000001476,-68.17499999999927,0.0564079049887009,0.6,0.5
2025-02-10,6155.051,6218.066,6126.082,6210.547,297825932,6022.788,255685757.6,0.0209645087460718,0.022158578577831,1.1648123649731204,-6.52100000000155,-15.730000000001382,-0.3835723909093069,0.65,0.55
2025-02-11,6209.521,6220.964,6135.866,6190.174,288271576,6091.609,275610832.8,0.0196742911754476,0.0217134240336045,1.0459370303822106,14.337600000001656,-96.86499999999889,0.0789549380594489,0.6,0.6
2025-02-12,6172.393,6284.918,6171.061,6284.611,281342765,6172.244,289478323.8,0.0206695502163466,0.0216256043187502,0.9718957927723084,11.813999999998488,114.80999999999948,0.0448340969810074,0.65,0.55
2025-02-13,6290.79,6290.79,6202.593,6212.497,312984935,6206.3768,300875608.6,0.017276577692507,0.0205235798303616,1.0402469527401896,-46.50219999999899,-166.55099999999948,0.1423923975777834,0.6,0.6
2025-02-14,6203.477,6257.307,6182.264,6248.835,298005849,6229.332799999999,295686211.4,0.0145761647806113,0.0203780434905305,1.0078449298971943,-11.176800000001094,108.45199999999932,-0.1007531828108763,0.65,0.55
2025-02-17,6285.041,6308.484,6231.868,6281.566,323734337,6243.5366,300867892.4,0.0140533697418561,0.0194252347419355,1.0760016112639874,-8.752199999998084,-3.606999999999971,0.1005587042097879,0.65,0.6
2025-02-18,6264.282,6282.404,6112.585,6142.138,300159330,6233.9294,303245443.2,0.0168335535773062,0.0195321906280846,0.9898230516922736,-23.811000000001517,-172.15899999999965,-0.1543352409385067,0.6,0.55
2025-02-19,6134.991,6290.012,6133.942,6288.529,272920114,6234.713000000001,301560913.0,0.0181738358087434,0.0186002850538948,0.9050248299254884,10.390800000001036,285.8190000000004,0.0013803378049286,0.65,0.5
2025-02-20,6289.133,6349.474,6274.031,6334.414,288110198,6259.0964,296585965.6,0.0177164984785898,0.01868047771767,0.9714222229536272,23.59979999999905,-100.50600000000122,0.1511956147949239,0.65,0.5
2025-02-21,6347.67,6456.919,6317.085,6449.228,327263771,6299.175,302437550.0,0.0196511317933522,0.0184484915422174,1.082087098642348,15.695200000000114,68.929000000001,0.044267482660582,0.65,0.55
2025-02-24,6454.558,6504.4,6411.766,6464.023,318461161,6335.6664,301382914.8,0.0200778808794136,0.0180565151956941,1.0566662719130355,-3.587199999999939,-100.01900000000025,-0.136085702418033,0.65,0.55
2025-02-25,6369.276,6503.006,6359.836,6435.428,295366372,6394.3244,300424323.2,0.0189976749406615,0.0185885257245716,0.983163975718994,22.16660000000047,-43.39000000000033,-0.0480814694647291,0.6,0.5
2025-02-26,6451.402,6527.846,6423.603,6524.405,303176413,6441.4996,306475583.0,0.0172295131281308,0.0186920275298343,0.9892351293773376,-11.48280000000068,117.57200000000012,0.0795734498523851,0.65,0.55
2025-02-27,6526.81,6550.1,6395.908,6499.53,311964101,6474.522800000001,311246363.6,0.0195922213568995,0.0193427737063196,1.00230601055607,-14.151999999999134,-113.85199999999986,0.0069997275203885,0.65,0.55
2025-02-28,6460.904,6468.796,6252.014,6270.419,295559675,6438.761,304905544.4,0.0221701986088728,0.019674821299667,0.9693483127097902,-68.78500000000076,-204.23599999999988,-0.046028579025012,0.6,0.55
2025-03-03,6291.05,6382.047,6240.568,6273.67,266945412,6400.6904,294602394.6,0.0238143046103294,0.0197275159944177,0.9061209850736224,-2.308799999999792,232.36200000000008,-0.0302696297898881,0.65,0.5
2025-03-04,6218.831,6364.121,6217.81,6357.628,229548486,6385.1304,281438817.4,0.0239675639420081,0.0198682709088558,0.8156248243246066,22.510599999999613,80.70699999999943,-0.0272688331128477,0.65,0.5
2025-03-05,6365.432,6401.831,6318.287,6398.237,238961847,6359.8968,268595904.2,0.0233835541922316,0.0198641133363631,0.8896704799417414,-9.673599999999167,-43.34899999999925,0.1645418163661505,0.65,0.55
2025-03-06,6438.159,6548.854,6435.543,6534.971,300554770,6366.985,266314038.0,0.022106676705097,0.0191729935582733,1.1285727641589811,32.3217999999988,96.12499999999908,0.164856628600105,0.65,0.55
2025-03-07,6512.732,6577.951,6465.264,6507.765,308888807,6414.4542,268979864.4,0.0186553976076714,0.0187632231976269,1.1483714875424706,40.38100000000122,-163.9399999999987,-0.2191035608337506,0.6,0.55
2025-03-10,6519.028,6541.593,6466.903,6520.973,256522113,6463.9148000000005,266895204.6,0.0164359132511598,0.0185953671206897,0.961134215148053,1.991399999999885,40.41399999999885,-0.207035995777907,0.65,0.55
2025-03-11,6438.244,6551.734,6432.758,6551.734,252455216,6502.736,271476550.6,0.0154651152875311,0.0188159769368767,0.9299337841225688,-10.639400000000933,17.553000000000793,0.1560368413689333,0.65,0.55
2025-03-12,6585.596,6632.388,6564.716,6566.968,281705576,6536.4822,280025296.4,0.0149146274764661,0.018425382651393,1.0060004564644751,-5.074999999998909,-15.527000000000951,0.1072671033673909,0.7,0.55
2025-03-13,6558.42,6570.887,6405.732,6466.851,266825677,6522.8582,273279477.8,0.0165545336546247,0.0189924825488027,0.9763838805169144,-47.370200000001205,-115.35099999999966,-0.1056832482894675,0.65,0.55
2025-03-14,6463.925,6575.819,6428.225,6571.171,276329994,6535.5394,266767715.2,0.0175835458631548,0.0195150684682628,1.0358449626965955,26.305200000000696,204.4370000000008,0.0890776581272418,0.65,0.5
2025-03-17,6585.82,6609.889,6557.634,6589.565,252080841,6549.2578,265879460.8,0.0168787758249099,0.0193017186414532,0.9481019716284906,1.0372000000006665,-85.9260000000013,-0.1472040732477859,0.7,0.55
2025-03-18,6605.043,6642.857,6581.965,6611.927,234726563,6561.296400000001,262333730.2,0.0150887659587594,0.01837978003224,0.8947631813150653,-1.6797999999998865,3.9680000000007567,0.0344042007546795,0.7,0.6
2025-03-19,6590.555,6598.508,6536.716,6564.676,219662999,6560.838000000001,249925214.8,0.0149103449323069,0.0176095099322838,0.8789149153108979,-12.497000000001208,-69.61299999999937,0.037490524309258,0.65,0.55
2025-03-20,6551.82,6596.271,6528.858,6535.062,231907477,6574.4802,242941574.8,0.0118657213126047,0.0175297882573065,0.9545812699654896,14.100599999999758,17.636999999998807,0.091514620658759,0.6,0.5
2025-03-21,6507.95,6531.76,6389.615,6405.611,256205335,6541.3682,238916643.0,0.0118116941840552,0.0175552090659385,1.0723628617199348,-46.7541999999994,-99.83699999999952,0.0421152370998534,0.55,0.45
2025-03-24,6403.565,6412.518,6244.868,6360.341,257684583,6495.5234,240037391.4,0.0154974317131552,0.0181566063498886,1.0735185109997825,-12.73279999999977,84.1810000000005,-0.1166259424745974,0.55,0.45
2025-03-25,6355.813,6382.188,6289.124,6310.764,231663781,6435.290800000001,239424835.0,0.0166049215820399,0.0177815916925846,0.9675845907965228,-14.387799999999515,-4.3070000000006985,-0.1070895694831073,0.5,0.4
2025-03-26,6297.329,6371.102,6297.329,6334.908,206679513,6389.3372,236828137.8,0.0170514556390953,0.017564995560025,0.872698298943429,14.278999999998632,73.72100000000046,0.0110476283501658,0.55,0.35
2025-03-27,6315.097,6394.21,6254.887,6328.766,198894704,6348.078,230225583.2,0.0193911870912126,0.0174795296908847,0.8639122604685404,4.694400000001224,-30.286000000000968,0.0861002533782052,0.55,0.4
2025-03-28,6326.813,6356.804,6261.686,6268.322,196553528,6320.620199999999,218295221.8,0.0179879260329384,0.0165096409219549,0.9004023376200165,13.801399999998466,-54.30199999999877,0.0452761156263646,0.5,0.45
2025-03-31,6229.556,6259.365,6143.65,6226.649,207382027,6293.8818,208234710.6,0.0164329625393309,0.016311270832139,0.9959051802768948,0.7194000000017695,18.77099999999973,0.0590127655054021,0.45,0.45
2025-04-01,6242.072,6300.666,6240.204,6259.484,182332217,6283.6258,198368397.8,0.0154154415858811,0.0156435611035529,0.9191595991203796,16.48239999999896,74.50799999999981,-0.1722484238133934,0.45,0.45
2025-04-02,6252.63,6316.636,6251.852,6277.253,159266425,6272.094800000001,188885780.2,0.015150434575495,0.0155067156558408,0.8431890681837574,-1.2749999999987267,-15.066000000000711,0.0007750502198929,0.45,0.45
2025-04-03,6208.288,6299.164,6168.535,6203.257,183699630,6246.993,185846765.4,0.0149592119893974,0.0156926635119598,0.9884467432329064,-13.570800000001327,-91.76499999999942,0.2212282059857712,0.45,0.4
2025-04-07,5811.544,5905.573,5437.453,5496.443,277214829,6092.617200000001,201979025.6,0.0289578943217775,0.0190852651004815,1.37249314960553,-129.27399999999943,-632.8179999999993,0.2387887313234747,0.4,0.35
2025-04-08,5475.56,5632.64,5426.034,5530.019,309701516,5953.2912,222442923.4,0.0327132902799059,0.0203806150893255,1.3922740776207585,15.049799999998868,740.3899999999994,-0.3642654783573956,0.4,0.35
2025-04-09,5439.176,5688.484,5224.973,5652.33,305724039,5831.8604,247121287.8,0.0471821432999554,0.0235728181066589,1.2371416551026893,17.89520000000084,88.73499999999967,-0.1749133505332971,0.4,0.3
2025-04-10,5766.505,5883.459,5766.406,5784.585,274161849,5733.3268,270100372.6,0.0491651221832266,0.024069339332531,1.0150369152063878,22.89720000000034,9.944000000000417,-0.0669723173782324,0.45,0.35
2025-04-11,5744.795,5923.136,5743.078,5862.188,222139162,5665.113,277788279.0,0.0510965264903801,0.0243281617208987,0.7996707521270183,30.31980000000021,-54.65200000000005,0.0067385768169319,0.45,0.35
2025-04-14,5933.992,5979.902,5914.254,5938.526,216581141,5753.5296,265661541.4,0.0362738839728732,0.0237578496279111,0.8152521432294904,156.6303999999991,-1.2650000000003274,0.2309475541818415,0.45,0.35
2025-04-15,5938.572,5949.861,5872.287,5914.028,183047848,5830.331400000001,240330807.8,0.0314251112568715,0.0240171989473159,0.7616495349706888,-11.614799999998468,-100.83599999999932,-0.0691839993612736,0.4,0.35
2025-04-16,5897.201,5903.12,5758.666,5835.348,190423901,5866.935,217270780.2,0.0199754043450809,0.0247944777032393,0.8764358503463413,-40.198200000001634,-54.1820000000007,0.1683889236344541,0.4,0.35
2025-04-17,5802.293,5898.179,5801.12,5839.564,173196708,5877.9308,197077752.0,0.0192525244061867,0.0251548842010009,0.8788242520647384,-25.60779999999977,82.89600000000064,-0.1123979136572554,0.45,0.35
2025-04-18,5833.108,5855.692,5793.787,5831.687,164444603,5871.830599999999,185538840.2,0.015232550181737,0.0251698689381818,0.886308240488829,-17.09600000000046,-12.093000000000757,0.0050955867056935,0.45,0.4
2025-04-21,5826.622,5952.718,5802.835,5952.638,192711500,5874.653,180764912.0,0.0180574825077057,0.0253192967088237,1.066089087023703,8.922600000001694,128.82800000000043,0.1722968581107834,0.5,0.4
2025-04-22,5947.149,5974.318,5923.589,5949.313,206457074,5881.71,185446757.2,0.0171394662082229,0.0244277075710828,1.1132956818292643,4.234599999998864,-124.27599999999984,-0.1325742517293127,0.5,0.45
2025-04-23,5971.473,6013.276,5954.027,5984.584,218196156,5911.5572,191001208.2,0.0141685216558975,0.0241853777217037,1.1423810250012858,22.790200000000368,38.59599999999955,-0.0181212516335398,0.5,0.5
2025-04-24,5979.406,5984.367,5897.65,5920.478,199796564,5927.74,196321179.4,0.013773726973943,0.0243354520347128,1.017702545444264,-13.664400000000567,-99.3769999999995,-0.1537638227290434,0.5,0.5
2025-04-25,5927.316,5982.715,5901.077,5939.503,198087660,5949.3032,203049790.8,0.0143996548602869,0.0239219858804503,0.9755619999387856,5.380400000000918,83.1309999999994,0.0825379340515435,0.55,0.45
2025-04-28,5933.419,5939.959,5868.872,5877.057,194950891,5934.187,203497669.0,0.011782939500798,0.0237680500757886,0.9580006098251672,-36.679400000000896,-81.47099999999955,0.02457915539186,0.55,0.5
2025-04-29,5850.828,5921.556,5836.031,5903.382,186023394,5925.0008,199410933.0,0.0129750577653058,0.0235632313775765,0.932864568664347,5.930000000000291,88.77099999999973,-0.0075746510472017,0.55,0.45
2025-04-30,5907.188,5972.655,5907.188,5950.117,195458998,5918.1074,194863501.4,0.0131955318373567,0.0236304002845726,1.0030559678735198,2.2928000000001703,20.410000000000764,0.0953274403699929,0.55,0.45
2025-05-06,5993.334,6102.922,5993.334,6102.922,220209623,5954.5962,198946113.2,0.0138574688624995,0.024012210606464,1.1068807500583029,43.38220000000001,106.0699999999988,0.0336333829756102,0.6,0.5
2025-05-07,6171.607,6195.14,6063.644,6111.495,233922951,5988.9946,206113171.4,0.0154117197792818,0.0240351128279215,1.134924805683719,-2.090400000000045,-144.23199999999906,-0.0757807265593673,0.65,0.55
2025-05-08,6093.559,6167.146,6087.372,6158.077,203915826,6045.1986,207906158.4,0.0155834575488911,0.020424440882567,0.980807050494758,21.80559999999969,38.009000000000015,-0.1821618108143763,0.65,0.55
2025-05-09,6153.529,6153.529,6054.935,6082.082,189221287,6080.9386,208545737.0,0.0159280793813018,0.0193669286529255,0.907337113297118,-20.463999999999032,-122.57700000000024,0.0806478179913204,0.6,0.6
2025-05-12,6122.669,6167.461,6110.022,6167.461,196847210,6124.4074,208823379.4,0.0155901977810933,0.0157324139048571,0.9426492884349902,7.728799999998955,161.3739999999998,0.1087821123355121,0.6,0.55
2025-05-13,6219.453,6220.445,6141.68,6151.01,203274217,6134.025,205436298.2,0.0145599117267808,0.0153609079923525,0.989475661219834,-33.85120000000006,-101.82999999999991,0.0115141976469718,0.55,0.6
2025-05-14,6144.247,6199.299,6111.112,6160.37,211559083,6143.8,200963524.6,0.0131197189109057,0.0145409109330529,1.0527237886630896,0.1574000000009618,25.81099999999969,0.0164217546584115,0.55,0.55
2025-05-15,6146.002,6146.002,6055.839,6057.036,190523814,6123.5918,198285122.2,0.0135059778787833,0.0147324643590445,0.9608578388842932,-29.98320000000058,-112.6939999999995,-0.1551140772220517,0.55,0.55
2025-05-16,6042.22,6098.878,6042.22,6068.117,176394759,6120.7988,195719816.6,0.0121312641273278,0.0145434668705396,0.9012616201276372,17.41519999999946,114.41499999999996,0.03226973102214,0.6,0.55
2025-05-19,6073.203,6100.801,6009.951,6095.337,184712990,6106.374000000001,193292972.6,0.0132495848240032,0.0140509590245877,0.9556115130074831,-11.631799999998291,16.139000000000124,0.1139461116365023,0.6,0.6
2025-05-20,6097.364,6154.955,6078.218,6146.017,192957294,6105.3754,191229588.0,0.0131856714451113,0.0138441947520836,1.0090347211332171,13.426199999998062,23.459999999999127,-0.0009266847541122,0.65,0.6
2025-05-21,6137.096,6141.726,6109.925,6132.181,196550842,6099.7376,188227939.8,0.011359813124863,0.0135727266688344,1.0442171454930835,-4.639199999998709,-64.51599999999962,-0.0182407837658674,0.6,0.65
2025-05-22,6113.207,6146.202,6062.593,6066.103,186395737,6101.551,187402324.4,0.011139277195572,0.0130029130310111,0.9946287357789036,7.451199999999517,-52.24199999999928,-0.0847708340740462,0.6,0.6
2025-05-23,6060.518,6099.227,5989.675,5989.675,184923774,6085.8626,189108127.4,0.012929905663562,0.0134910767343743,0.9778732228089314,-17.501800000000003,-10.350000000000364,0.0328328967442076,0.55,0.55
2025-05-26,5991.858,6038.806,5981.842,6028.786,155988794,6072.5524000000005,183363288.2,0.0118386720970912,0.0134684966348861,0.8507089697794807,2.3782000000001062,115.53899999999976,-0.1104087400594784,0.6,0.5
2025-05-27,6019.542,6023.143,5971.347,6008.459,157945758,6045.040800000001,176360981.0,0.0110656452913402,0.0131671743314329,0.8955822149798544,-14.20139999999992,-59.4380000000001,0.1720374982298242,0.55,0.55
2025-05-28,6006.889,6023.824,5972.184,5984.455,159105494,6015.4956,168871911.4,0.011754265899757,0.0129113794287019,0.9421667148844742,-2.0336000000006607,-3.67699999999968,0.0017112547042462,0.55,0.5
2025-05-29,5980.857,6091.962,5980.857,6089.578,189376466,6020.1906,169468057.2,0.0126466904471686,0.0132188507676037,1.117475877926097,34.240200000000186,129.1270000000004,0.1287246631370028,0.55,0.5
2025-05-30,6075.45,6075.45,6016.891,6026.56,186918671,6027.5676,169867036.6,0.0109320262988328,0.0129803188677561,1.1003822444972235,2.6820000000006985,-168.14100000000053,-0.192402796470496,0.5,0.5
2025-06-03,6009.185,6086.616,6008.545,6070.037,191764672,6035.8178,177022212.2,0.011614632779757,0.0130732718704862,1.0832802822695715,0.8731999999990876,106.49499999999988,-8.328798778434177e-06,0.5,0.45
2025-06-04,6067.827,6124.703,6067.827,6123.172,186955850,6058.7604,182824230.6,0.0117482600916013,0.0126398721387084,1.0225988611380488,14.692400000000816,9.657999999999449,-0.0435794589038711,0.5,0.45
2025-06-05,6125.89,6174.85,6101.846,6167.015,206077919,6095.2724,192218715.6,0.0123900190481196,0.0121559542459113,1.072101217390509,13.569399999999405,-9.291999999998552,0.1101837773839831,0.5,0.5
2025-06-06,6164.41,6169.568,6137.565,6152.844,178339582,6107.9256000000005,190011338.8,0.0097812646276708,0.0117683025372987,0.9385733668647778,-23.858799999999064,-58.01400000000103,-0.1830302067781912,0.5,0.5
2025-06-09,6161.138,6226.383,6158.903,6218.964,193283632,6146.4064,191284331.0,0.0100080369622419,0.0115003082629911,1.0104519852177545,25.82759999999871,80.29100000000017,0.2054064688787076,0.5,0.5
2025-06-10,6220.042,6220.042,6098.089,6161.692,220060485,6164.7374,196943493.6,0.0113941224987872,0.0120242530499096,1.1173788023023068,-20.14979999999923,-123.39199999999984,0.035048198731576,0.5,0.5
2025-06-11,6162.157,6221.202,6162.157,6186.512,197643580,6177.405400000001,199081039.6,0.0114452225993132,0.0118611998568415,0.992779525348631,-5.662999999999556,82.09199999999964,-0.2315260940382283,0.5,0.5
2025-06-12,6171.558,6202.728,6151.036,6192.221,197018749,6182.4466,197269205.6,0.0107472376909673,0.0115628339409267,0.9987303816668284,-7.626800000000912,-19.11099999999988,0.130550133271873,0.55,0.5
2025-06-13,6174.432,6183.714,6088.571,6106.008,236889547,6173.0794000000005,208979198.6,0.0128233440342407,0.011597644076163,1.1335556293974611,-14.408399999999348,-91.92199999999956,0.1288743914124356,0.5,0.55
2025-06-16,6089.963,6151.513,6089.963,6147.46,197310933,6158.7786,209784658.8,0.0126556607034763,0.0116314074070282,0.9405403337338792,-4.933600000001206,127.66499999999996,-0.3278405433942147,0.5,0.5
2025-06-17,6153.147,6171.165,6120.57,6141.468,208427280,6154.7338,207458017.8,0.0103448866672785,0.0112980785107285,1.0046720884074696,10.256000000001222,-47.444000000000415,0.2571470503371722,0.45,0.5
2025-06-18,6126.18,6143.21,6086.694,6135.386,204105755,6144.508599999999,208750452.8,0.0102783530938491,0.0111343702690259,0.9777499989211998,-6.1804000000011,-0.089999999999236,-0.09105384415986,0.45,0.45
2025-06-19,6127.938,6146.643,6028.717,6048.225,212217336,6115.709400000001,211790170.2,0.0125082986808279,0.0118499553299179,1.0020169293012826,-18.573999999997795,-81.07900000000063,0.0511890198663524,0.45,0.5
2025-06-20,6039.991,6061.841,5997.59,5999.592,180857342,6094.4262,200583729.2,0.0115337710755925,0.0116962675461681,0.901655097954974,7.515999999997803,38.52799999999934,-0.1246287617263912,0.45,0.5
2025-06-23,5966.495,6083.527,5965.663,6078.222,193558490,6080.5786,199833240.6,0.0134095574229774,0.0117513203468821,0.968600065829088,7.435600000000704,127.26300000000084,0.1673067992204224,0.45,0.5
2025-06-24,6082.744,6194.666,6082.744,6194.666,233453403,6091.2182,204838465.2,0.0153754016228932,0.012182260892179,1.139695138664806,24.487200000000485,37.81400000000031,0.1041501049616039,0.5,0.5
2025-06-25,6196.153,6282.112,6194.148,6276.164,247556325,6119.373799999999,213528579.2,0.0163362186421513,0.0124520136067287,1.1593592104976644,17.515999999998712,-34.94600000000082,-0.1514310010028594,0.55,0.55
2025-06-26,6272.443,6310.535,6244.781,6247.791,254246495,6159.286999999999,221934411.0,0.0145415663475089,0.0125467804418559,1.1455929427726284,11.75760000000082,-109.8709999999992,-0.0334303395578945,0.5,0.6
2025-06-27,6265.924,6319.161,6257.587,6276.937,248563352,6214.756,235475613.0,0.0143616330168809,0.0121250031885962,1.0555800188106952,15.555800000001,57.51899999999932,-0.076246656236897,0.55,0.55
2025-06-30,6297.077,6358.025,6292.514,6356.181,237322973,6270.3478000000005,244228509.6,0.0125447257350636,0.0121544952059398,0.9717251003524938,0.122799999999188,50.09799999999996,0.0061580055037318,0.55,0.6
2025-07-01,6358.06,6373.768,6308.061,6373.768,243537330,6306.1682,246245295.0,0.0109930243965296,0.0120268587963721,0.9890029777015638,-19.77140000000054,-61.65699999999924,0.1011327958072713,0.55,0.6
2025-07-02,6358.873,6358.873,6285.0,6309.484,238580903,6312.8322,244450210.6,0.0105315603938274,0.0121478386822853,0.975989762554944,-29.15639999999985,-81.8710000000001,-0.0302910924956898,0.5,0.6
2025-07-03,6306.745,6349.144,6295.225,6342.638,213980765,6331.801600000001,236397064.6,0.0101268958379349,0.0119809996393097,0.905175220183339,12.3054000000011,97.4379999999992,-0.0578013272249849,0.55,0.55
2025-07-04,6338.557,6375.068,6292.136,6312.197,238133210,6338.8536,234311036.2,0.0107926581662934,0.0123778515732519,1.0163123933980538,-11.91740000000118,-63.59499999999935,0.1819517155863197,0.5,0.6
2025-07-07,6305.045,6333.512,6303.862,6327.14,210477361,6333.0454,228941913.8,0.0096685583590885,0.0120696255551515,0.9193483076404684,-12.860200000000075,45.384000000000015,-0.2081012589723002,0.55,0.55
2025-07-08,6321.552,6408.114,6318.523,6407.697,235125583,6339.8312000000005,227259564.4,0.0104031195241031,0.0117791080527011,1.0346124864789188,12.59400000000096,65.61399999999958,0.2122282645960358,0.55,0.6
2025-07-09,6412.145,6431.091,6375.082,6390.466,236175589,6356.027599999999,226778501.6,0.0098143625447032,0.0117401236686328,1.041437293807395,9.41059999999834,-97.78799999999956,-0.1084393715099741,0.5,0.6
2025-07-10,6385.213,6427.739,6367.66,6406.568,240183380,6368.8136,232019024.6,0.0099896991276528,0.0117916149984811,1.0351883015372352,-3.410399999997935,33.33299999999963,-0.013073799598636,0.55,0.55
2025-07-11,6411.313,6487.44,6388.402,6461.099,282561283,6398.594,240904639.2,0.0104276948912641,0.0117789392875077,1.172917565798376,16.994399999998677,38.42900000000009,0.1439782565313005,0.55,0.6
2025-07-14,6465.506,6474.934,6443.555,6462.305,242057801,6425.627,247220727.2,0.0104616021419476,0.0115211109147693,0.9791161272823892,-2.7473999999992884,-53.32499999999982,-0.3315307027771275,0.6,0.6
2025-07-15,6451.997,6472.527,6381.557,6442.834,269869411,6432.6544,254169492.8,0.0104891590291703,0.011815176143174,1.061769483139166,-20.005600000000413,-20.67700000000059,0.2764547943727635,0.6,0.6
2025-07-16,6440.517,6487.83,6433.507,6462.063,220230024,6446.9738,250980379.8,0.010417556222886,0.011774924450892,0.8774790450771324,7.291999999999462,38.70000000000073,-0.2669437939188104,0.65,0.55
2025-07-17,6458.414,6535.671,6451.153,6535.671,227831646,6472.794400000001,248510033.0,0.0111283725486243,0.0114466334654302,0.9167905345696848,11.501200000001518,54.37899999999991,0.2236019275545859,0.7,0.6
2025-07-18,6546.362,6563.817,6521.5,6552.074,234461713,6490.9894,238890119.0,0.0093544152695608,0.0112341003359998,0.9814625819663976,-7.625600000001214,-57.20500000000084,0.0253605579041605,0.7,0.65
2025-07-21,6557.251,6614.606,6555.043,6612.259,276591552,6520.9802,245796869.2,0.0101848687861601,0.010714938755565,1.1252850896768054,11.795799999999872,43.78200000000106,0.0791504603136947,0.7,0.65
2025-07-22,6607.826,6642.235,6597.048,6637.104,301659994,6559.8342,252154985.8,0.0087226042958921,0.0101519768114238,1.1963276991844434,8.863200000000688,-35.340000000000146,-0.0727798982027697,0.7,0.65
2025-07-23,6634.123,6667.858,6594.483,6607.22,294109275,6588.8656,266930836.0,0.0092623697388738,0.0100064622250726,1.1018182814967097,-9.82260000000042,-54.72900000000027,-0.1655520271953718,0.7,0.65
2025-07-24,6602.169,6701.12,6602.169,6701.12,285418219,6621.955400000001,278448150.6,0.0096292769536282,0.01021856111696,1.0250318358551884,4.058400000000802,123.78399999999964,0.0177229720462128,0.7,0.65
2025-07-25,6708.08,6716.703,6674.541,6706.61,264004798,6652.8626,284356767.6,0.0095948905527617,0.01004241471997,0.9284280456140618,-2.182600000001002,-88.40999999999985,-0.0198173445996056,0.7,0.65
2025-07-28,6713.817,6736.079,6679.211,6729.979,252742904,6676.4066,279587038.0,0.0094832878959997,0.009949579295799,0.903986485954331,-7.363199999999779,17.879000000000815,0.0721622305813958,0.7,0.65
2025-07-29,6724.315,6773.884,6684.158,6773.884,259261236,6703.7626,271107286.4,0.0107708141916869,0.0100964242602131,0.9563049353733638,3.811999999999898,20.53599999999915,0.0767600090787636,0.75,0.65
2025-07-30,6758.328,6770.883,6662.906,6718.482,268179559,6726.014999999999,265921343.2,0.0117640863269756,0.0103145937083597,1.0084920441993317,-5.10360000000037,-99.3069999999998,-0.0001313405930651,0.7,0.7
2025-07-31,6701.156,6750.078,6639.123,6661.187,270138677,6718.0284,262865434.8,0.0121422070480447,0.0107223889194875,1.0276690703193203,-30.23899999999867,-1.893000000000029,-0.0330100827059786,0.7,0.65
2025-08-01,6665.641,6702.679,6625.928,6670.472,232484670,6710.8008,256561409.2,0.0131860967867704,0.0106407743750892,0.9061560377491098,0.7589999999991051,66.57999999999993,-0.1406900586901998,0.7,0.65
2025-08-04,6637.839,6739.725,6631.124,6739.693,213491525,6712.7436,248711133.4,0.0147188347665439,0.0112121483976628,0.8583915085805323,9.170399999999972,59.93600000000061,0.0737485034016331,0.7,0.6
2025-08-05,6753.526,6787.481,6744.072,6787.481,223724677,6715.463000000001,241603821.6,0.0133487505152357,0.0108328320079963,0.9259980885997708,0.7766000000010536,-21.433000000000906,0.115371109187816,0.75,0.6
2025-08-06,6784.175,6865.017,6774.033,6861.309,258133888,6744.0284,239594687.4,0.0127865119215506,0.0110576310525715,1.077377344219027,25.84599999999864,26.040000000000877,0.0837726756000178,0.75,0.65
2025-08-07,6864.446,6876.497,6813.774,6862.15,261389600,6784.2210000000005,237844872.0,0.01128320963673,0.0110457665467568,1.0989919513589512,11.627200000000812,-72.98700000000099,-0.1297646484793322,0.75,0.65
2025-08-08,6844.439,6865.838,6816.094,6838.13,251465671,6817.7526,241641072.2,0.0104368938530001,0.0106430741155233,1.0406578182696875,-6.661000000000968,-24.860999999998967,-0.0799487402291878,0.7,0.6
2025-08-11,6850.572,6957.404,6850.572,6943.937,260970241,6858.6014,251136815.4,0.0102911519002482,0.011169535837238,1.0391556514099207,7.317200000000412,129.82699999999932,0.0568319662294969,0.75,0.65
2025-08-12,6943.666,6963.804,6894.846,6963.611,260489869,6893.8274,258489853.8,0.0109925859485066,0.0109586887378303,1.0077373063994517,-5.622799999999188,-86.13299999999981,-0.0299161781507024,0.75,0.7
2025-08-13,6966.273,7070.503,6966.273,7064.334,294653874,6934.4324,265793851.0,0.0112913769872144,0.0112760862436536,1.1085804765287817,5.378999999998996,81.04899999999998,0.1322615151397994,0.75,0.7
2025-08-14,7072.903,7077.81,6957.397,6976.488,317272936,6957.3,276970518.2,0.0129152571270037,0.0114924876913516,1.1455115803007514,-17.73739999999907,-188.5689999999995,-0.0639120663573604,0.7,0.7
2025-08-15,6956.508,7117.51,6956.508,7117.501,304005226,7013.1742,287478429.2,0.0159844724234391,0.0123005884039928,1.057488823930168,33.00659999999971,228.85899999999947,-0.1249538601425532,0.7,0.65
2025-08-18,7158.531,7267.981,7143.066,7237.601,379831263,7071.906999999999,311250633.6,0.0163593203673403,0.012713148732533,1.2203389230305488,2.85859999999866,-20.913000000000466,0.2508728554709645,0.7,0.65
2025-08-19,7231.931,7289.032,7193.595,7242.85,340879045,7127.754800000001,327328468.8,0.0170141400042404,0.0130315726649174,1.041397487513619,-2.88499999999749,-114.85099999999876,-0.3417915346173108,0.75,0.65
2025-08-20,7212.97,7305.461,7166.991,7305.461,324751503,7175.9802,333347994.6,0.0178541230283874,0.013424024566032,0.9742116594692122,-7.622400000002017,57.36199999999917,0.1117556074725231,0.75,0.65
2025-08-21,7318.757,7343.174,7215.338,7253.343,326822891,7231.3512,335257985.6,0.0179270419470548,0.0135669289397083,0.974839989016506,7.145600000000741,-114.72900000000028,0.0678141575917007,0.7,0.65
2025-08-22,7250.191,7362.939,7250.191,7362.939,326807492,7280.438799999999,339818438.8,0.0164655073645337,0.0140182426069358,0.9617120635185497,-6.283400000001166,161.71400000000085,-0.0137562550452504,0.7,0.6
2025-08-25,7418.346,7504.009,7405.939,7477.728,408457655,7328.464199999999,345543717.2,0.0156366622078931,0.0142514923105064,1.1820722955399172,-1.0621999999984837,5.1929999999993015,0.233488157519324,0.7,0.6
2025-08-26,7457.77,7526.166,7435.301,7476.467,363684661,7375.1876,350104840.4,0.0154320119208489,0.0141968720972079,1.038787868755213,-1.30199999999968,-116.05000000000018,-0.3636446588060718,0.7,0.6
2025-08-27,7488.928,7565.354,7336.504,7336.504,416759265,7381.3962,368506392.8,0.0178798154315608,0.0149529568421783,1.1309417506528532,-40.51480000000083,-138.70199999999932,0.2354383086823444,0.7,0.65
2025-08-28,7331.188,7447.11,7216.766,7447.11,381466435,7420.1496,379435101.6,0.020541061687708,0.0156666425996241,1.0053535726964486,32.54479999999967,250.5689999999995,-0.2177420598540447,0.7,0.65
2025-08-29,7449.864,7477.204,7380.83,7438.677,327640881,7435.297199999999,379601779.4,0.0200696399833166,0.0157391284060724,0.8631173476527703,-23.605800000000272,-119.03899999999976,-0.0166480470872738,0.65,0.7
2025-09-01,7475.0,7502.592,7424.341,7501.148,324220712,7439.9812,362754390.8,0.0195330247335257,0.0154550398022518,0.8937747418714359,-10.463599999998223,70.90400000000045,0.172893619262344,0.65,0.7
2025-09-02,7498.444,7499.602,7258.589,7313.882,350435853,7407.464199999999,360104629.2,0.0236928941856654,0.0167829080148153,0.9731500919011236,-37.20100000000184,-249.737000000001,0.048717955811022,0.6,0.7
2025-09-03,7336.386,7361.028,7182.291,7206.876,290288568,7381.5386,334810489.8,0.0224144076167916,0.0173599307659885,0.8670235158205607,6.591400000001158,80.26000000000113,-0.1855019261102505,0.55,0.65
2025-09-04,7214.72,7254.999,6939.665,7041.154,297622754,7300.347400000001,318041753.6,0.0251851604086702,0.0191421302926092,0.93579773923118,-55.26559999999972,-58.71600000000035,0.1749007994911821,0.55,0.65
2025-09-05,7046.958,7248.577,7017.946,7245.667,282765931,7261.7454,309066763.6,0.0289600398962376,0.0203699149168817,0.9149024233675316,42.58919999999853,370.2349999999997,-0.0896695392742676,0.55,0.6
2025-09-08,7257.332,7321.157,7220.591,7311.035,307813289,7223.7228,305785279.0,0.0296247401495224,0.0202884368645704,1.0066321374483171,0.5794000000005326,-139.14500000000044,0.1126250299444341,0.55,0.6
2025-09-09,7287.402,7315.966,7198.319,7226.028,282443061,7206.152,292186720.6,0.0262903782179957,0.0206073560821876,0.9666526268545278,20.45180000000073,-150.3749999999991,-0.131709224674575,0.5,0.6
2025-09-10,7214.226,7296.001,7179.757,7230.167,252674158,7210.8102,284663838.6,0.024545725909788,0.0206735179966319,0.8876229564059563,22.22899999999936,89.14599999999973,-0.0390501598547821,0.55,0.55
2025-09-11,7215.928,7399.886,7161.281,7399.886,293975142,7282.556600000001,283934316.2,0.0220377249850093,0.0214227472571106,1.0353631992581247,67.08820000000105,165.57999999999993,0.2267699133007398,0.55,0.6
2025-09-12,7402.418,7472.874,7387.589,7422.885,315838793,7318.0002,290548888.6,0.0179695794147594,0.0208661916647118,1.087041821160833,-36.3028000000013,-146.72000000000023,-0.09606162094946,0.55,0.6
2025-09-15,7445.499,7454.296,7404.496,7415.572,301307761,7338.9076,289247783.0,0.0165616247691808,0.0203390129650305,1.0416942798140651,-14.536200000000465,-30.311999999999895,-0.0970261632494762,0.5,0.6
2025-09-16,7426.409,7487.066,7364.733,7483.628,309010590,7390.4276,294561288.8,0.0165747738204334,0.0204975145362358,1.0490536324676754,30.612600000001294,75.36899999999969,0.052706894000378,0.5,0.6
2025-09-17,7478.408,7564.816,7461.41,7554.813,301706485,7455.3568,304367754.2,0.0160967331192233,0.0202341705193409,0.9912564022854692,13.409199999999146,3.129000000000815,-0.0651565828358163,0.55,0.6
2025-09-18,7552.23,7665.97,7393.18,7476.402,398600102,7470.660000000001,325292746.2,0.0169452104025896,0.0211772893709943,1.2253581017602169,-49.62599999999839,-149.59600000000046,0.2918989296569538,0.5,0.65
2025-09-19,7473.022,7520.92,7405.291,7438.189,295895870,7473.7208,321304161.6,0.0177563800349035,0.0211889098323043,0.9209213740853084,-12.242400000001908,40.19800000000032,-0.5385384271496562,0.45,0.6
2025-09-22,7457.887,7489.479,7418.465,7489.479,270362602,7488.5022,315115129.8,0.0183096273383146,0.0210072542476359,0.8579803901247016,11.72060000000056,89.5029999999997,0.2414957437143017,0.5,0.55
2025-09-23,7500.619,7504.231,7261.666,7408.07,313260280,7473.390600000001,315965067.8,0.0215889464531932,0.0220367481693219,0.9914395986276808,-29.89299999999912,-132.69900000000052,0.1964001924635861,0.5,0.55
2025-09-24,7375.911,7534.222,7342.47,7534.222,278912761,7469.2724,311406323.0,0.0239416203707316,0.0217496217541336,0.8956554199447003,10.993399999998474,207.5610000000006,-0.2292433871859599,0.5,0.55
2025-09-25,7521.316,7563.079,7487.119,7506.512,264403712,7475.294400000001,284567045.0,0.0186681027207112,0.0207090496292451,0.9291438226798188,10.14020000000164,-153.86200000000008,0.129272581418099,0.5,0.55
2025-09-26,7476.937,7516.111,7396.585,7397.59,258750259,7467.1746,277137922.8,0.0187905243280893,0.0208691309184975,0.933651578195346,-14.14180000000124,-81.21199999999953,-0.0289806472195911,0.45,0.5
2025-09-29,7415.128,7517.118,7376.909,7497.831,258680184,7468.844999999999,274801439.2,0.0206341457092238,0.0212825344915604,0.941334895308656,9.79019999999946,209.1629999999996,0.0031755615977827,0.5,0.45
2025-09-30,7525.624,7592.913,7524.915,7574.963,255173785,7502.2236,263184140.2,0.0158808119896545,0.0200837276203192,0.9695636857376256,31.70820000000185,-23.10900000000038,0.0205454733156594,0.55,0.5
2025-10-09,7623.299,7671.171,7590.473,7648.053,303491380,7524.9898,268099864.0,0.0129009401096322,0.0193712548773437,1.132008705532204,-10.61240000000089,-4.041999999999462,0.1342162293656089,0.6,0.55
2025-10-10,7608.292,7621.976,7513.166,7533.82,290429922,7530.4514,273305106.0,0.013765671799768,0.0178541774770195,1.0626582366156012,-17.30460000000039,-187.32300000000032,-0.2317954887111813,0.55,0.55
2025-10-13,7250.579,7535.207,7250.579,7519.764,288400411,7554.886199999999,279235136.4,0.0181043181416115,0.0181552004798409,1.0328227841172213,18.97319999999945,100.1770000000006,0.0395150164182229,0.5,0.5
2025-10-14,7580.393,7611.826,7342.6,7373.153,304412013,7529.950599999999,288381502.2,0.0216672028745997,0.0192931501728297,1.0555878607944915,-49.37039999999888,-132.5550000000003,0.0526005291756503,0.5,0.5
2025-10-15,7384.012,7484.049,7315.483,7483.449,244853965,7511.647800000001,286317538.2,0.0243769024173008,0.0196053586701455,0.8551832575095814,6.632800000001225,256.90699999999924,-0.2231696799621808,0.5,0.5
2025-10-16,7460.763,7472.755,7378.297,7401.837,234643070,7462.4046,272547876.2,0.0248188990254753,0.0194395481562656,0.8609242283282925,-30.940400000002228,-191.9079999999985,0.2061455741036215,0.45,0.5
2025-10-17,7395.866,7426.21,7176.959,7185.478,254327325,7392.736199999999,265327356.8,0.0288679562771679,0.0195617353000592,0.9585416598851068,-20.42519999999968,-134.7470000000012,0.0918764607381031,0.4,0.45
2025-10-20,7259.486,7301.988,7196.28,7239.184,218579676,7336.6202,251363209.8,0.0242182647386424,0.0197173718108117,0.8695770402276268,13.552400000001398,270.0650000000005,-0.1865820512142944,0.45,0.4
2025-10-21,7257.112,7350.922,7236.634,7344.046,237250165,7330.798800000001,237930840.2,0.0200277905401604,0.0201596916155746,0.9971391888524084,50.29460000000017,51.15599999999995,0.2165267682822617,0.45,0.4
2025-10-22,7304.964,7349.797,7278.713,7312.21,227324503,7296.551000000001,234424947.8,0.0174670103787611,0.0198284178097274,0.9697112237130248,-28.426400000001195,-136.69800000000032,-0.1549901137641652,0.4,0.4
2025-10-23,7292.39,7319.55,7192.416,7308.099,231568976,7277.8034,233810129.0,0.018393988259382,0.0200138619413053,0.9904146453809108,15.500199999998586,27.725000000000364,0.0481313868072694,0.4,0.35
2025-10-24,7340.669,7419.407,7340.669,7419.235,245559953,7324.5548,232056654.6,0.0135788934450455,0.0187201560606732,1.0581896624480598,65.49900000000162,115.2469999999994,0.0470715953992632,0.45,0.4
2025-10-27,7483.296,7511.415,7430.62,7495.384,265344749,7375.794800000001,241409669.2,0.012814313986704,0.0184818552987618,1.0991471463397375,4.488600000000588,-34.98699999999917,-0.0268175331754713,0.45,0.45
2025-10-28,7462.911,7534.051,7443.701,7479.221,251804249,7402.829799999999,244320486.0,0.0121179421976405,0.0186117703304061,1.0306309271175893,-24.205000000002656,-92.3120000000008,-0.1094737031138259,0.45,0.4
2025-10-29,7481.237,7569.117,7469.07,7569.117,265846129,7454.2112,252024811.2,0.0128172453410196,0.017635492531684,1.0548410997083608,24.346400000003086,106.0590000000011,0.0927263918129197,0.45,0.45
2025-10-30,7560.6,7569.156,7476.701,7485.085,297385269,7489.6084,265188069.8,0.011808361556957,0.0169805472378616,1.1214126986341524,-15.984200000000785,-173.9280000000008,0.04236142633502,0.45,0.45
2025-10-31,7480.658,7583.032,7480.658,7506.674,299745206,7507.0962,276025120.4,0.0124133708455814,0.0171564730918907,1.0859345177193518,-17.90940000000046,105.6210000000001,-0.1020497798405921,0.5,0.45
2025-11-03,7507.374,7539.326,7417.273,7538.117,278241705,7515.6428,278604511.6,0.0134957994715041,0.0171581740846155,0.998697771985398,-8.941200000000208,9.85400000000027,-0.0517585648191532,0.5,0.5
2025-11-04,7523.64,7523.64,7387.378,7435.731,251677413,7506.9448,278579144.4,0.0147448324199738,0.0171394420080936,0.9034323568695692,-17.24459999999908,-133.82900000000063,-0.008028669381875,0.45,0.5
2025-11-05,7332.104,7490.904,7332.104,7464.864,258548178,7486.0942,277119554.2,0.01635587300356,0.0177542577851604,0.9329842448194874,-12.152600000001256,131.51900000000023,0.1248173030657471,0.45,0.45
2025-11-06,7482.907,7551.83,7466.752,7551.83,263612959,7499.4432,270365092.2,0.0161386692959932,0.0177899795344519,0.9750258691125512,34.19960000000083,57.83300000000054,0.0124897363431454,0.5,0.5
2025-11-07,7519.748,7581.56,7492.926,7541.879,267888664,7506.484200000001,263993783.8,0.015761571856045,0.01765544810596,1.0147536814842228,-6.307999999999083,-96.91700000000036,-0.0023138119213919,0.5,0.55
2025-11-10,7568.751,7592.757,7515.684,7563.254,274361317,7511.5116,263217706.2,0.014561374048851,0.0162724380614254,1.0423360987407615,-2.013600000002043,31.326000000000025,-0.0121453951151329,0.55,0.55
2025-11-11,7579.909,7598.988,7530.144,7540.791,265250731,7532.5236,265932369.8,0.0127222233284633,0.0149031971215595,0.9974367964286835,15.984600000001592,-43.83799999999974,-0.072481719568617,0.5,0.6
2025-11-12,7520.179,7537.761,7421.459,7486.377,266963363,7536.8262,267615406.8,0.0115746549946882,0.0145536959295072,0.9975635042548678,-16.70940000000064,-31.951000000000025,0.0450260101382624,0.5,0.55
2025-11-13,7483.664,7604.891,7475.511,7590.577,275636073,7544.575599999999,270020029.6,0.0127304427826739,0.0147678654737515,1.0207986178222386,3.4467999999988024,158.61399999999958,0.0231084057411864,0.55,0.55
2025-11-14,7527.835,7591.316,7502.757,7502.757,271972783,7536.751200000001,270836853.4,0.0127406995796945,0.0136236339315916,1.0041941470879605,-15.57379999999739,-192.02000000000044,-0.0398395843016488,0.5,0.6
2025-11-17,7514.84,7544.724,7487.808,7523.076,261156118,7528.7156,268195813.6,0.012215713047681,0.013271800138685,0.9737516573972352,-0.2112000000015541,108.13900000000103,-0.013838018956447,0.5,0.6
2025-11-18,7508.531,7521.656,7412.276,7448.101,277480409,7510.1776,270641749.2,0.0133269283128742,0.0132279815647379,1.0252683106734812,-10.502400000000309,-95.29400000000078,0.081959142966971,0.5,0.55
2025-11-19,7438.139,7471.732,7348.037,7387.208,238393820,7490.3438,264927840.6,0.0135687952110969,0.0135791421375912,0.899844348031122,-1.295799999999872,14.082000000000336,-0.1769406159186051,0.5,0.55
2025-11-20,7429.7,7439.044,7332.321,7340.412,227536090,7440.310799999999,255307844.0,0.0130676521357567,0.0134362814428452,0.8912224804185804,-30.19920000000002,14.097000000000662,0.1168020950298176,0.45,0.5
2025-11-21,7235.326,7274.334,7067.703,7067.703,284800690,7353.3,257873425.4,0.0165541362717085,0.0143674446382574,1.1044204712379022,-36.97779999999875,-225.9130000000005,0.2218198584318633,0.4,0.45
2025-11-24,7105.642,7190.723,7064.598,7156.409,240655062,7279.9666,253773214.2,0.0185658443057823,0.0147096827184546,0.9483075775299852,13.67739999999867,361.4149999999991,-0.3693108845272389,0.45,0.45
2025-11-25,7195.1,7311.727,7194.766,7249.947,245429429,7240.335799999999,247363018.2,0.018855253727693,0.0149123094472511,0.9921831920791142,33.70259999999962,4.832000000001244,0.1999885082570462,0.45,0.45
2025-11-26,7236.656,7307.199,7225.087,7248.449,231776824,7212.584,246039619.0,0.0177719998651166,0.0148178307686154,0.9420304946903694,11.879000000001724,-95.03600000000095,-0.0940283119378739,0.45,0.45
2025-11-27,7243.714,7330.6,7243.714,7257.454,211277412,7195.9924,242787883.4,0.0172585728378806,0.0147988342630761,0.8702139869637333,11.16019999999935,10.503000000000611,-0.0216638103378912,0.45,0.5
2025-11-28,7257.165,7334.209,7239.854,7334.209,200680508,7249.293599999999,225963847.0,0.013984394104872,0.01476020045308,0.88810891947684,69.89279999999872,67.75,0.0897114402397427,0.45,0.5
2025-12-01,7356.513,7388.618,7342.596,7386.681,234411583,7295.348,224715151.2,0.0117056622052175,0.0142621484018829,1.0431498799623442,-7.246799999998075,-24.28300000000036,0.1371460279723975,0.5,0.5
2025-12-02,7364.204,7364.204,7299.272,7313.178,200512477,7307.994199999999,215731760.8,0.0102548815778284,0.0137898217367147,0.9294527437983068,-33.40820000000167,-125.97499999999944,-0.2687380966495417,0.45,0.55
2025-12-03,7312.667,7324.211,7220.976,7248.274,214633400,7307.9592,212303076.0,0.0108377784837097,0.0134383071386529,1.0109764024332837,-12.68119999999817,8.59900000000016,0.1952207947990145,0.4,0.5
2025-12-04,7246.862,7269.902,7185.911,7248.657,194839254,7306.199799999999,209015444.4,0.0107608074639456,0.0134543688050642,0.9321763497396368,-1.7244000000018789,65.28699999999935,-0.160323711328624,0.45,0.45
2025-12-05,7244.277,7346.999,7194.661,7342.493,215727663,7307.856600000001,212024875.4,0.0123372863488919,0.0139041290762917,1.0174639300837434,3.416200000002391,93.45300000000044,0.1640876330377536,0.45,0.4
2025-12-08,7359.488,7446.192,7359.488,7423.046,240918995,7315.1296,213326357.8,0.0134272817872135,0.0139786253364736,1.129344716164277,5.6161999999976615,-13.283000000000357,0.0265932057364268,0.5,0.4
2025-12-09,7400.934,7439.546,7370.296,7380.583,228491428,7328.6106,218922148.0,0.013528074007626,0.0139912844065054,1.043710881185032,6.208000000000538,-123.01600000000052,-0.1975146210597784,0.5,0.45
2025-12-10,7367.493,7421.423,7332.053,7408.245,215611134,7360.604800000001,219117694.8,0.0130922509716422,0.0138177061328913,0.9839969072182846,18.513200000001238,70.12500000000091,0.0259198610124975,0.5,0.45
2025-12-11,7421.787,7425.441,7311.995,7311.995,234020873,7373.2724,226954018.6,0.0138778394602719,0.0137412179744637,1.0311378244967546,-19.326600000002145,-123.91200000000026,0.1068548912452174,0.5,0.45
2025-12-12,7312.871,7384.848,7284.555,7370.941,243525183,7378.961999999999,232513522.6,0.0124496575379683,0.0138313685658602,1.0473592257210076,-6.9780000000000655,155.1959999999999,-0.030919516054217,0.5,0.45
2025-12-15,7324.48,7375.612,7305.832,7309.078,220957697,7356.1684,228521263.0,0.0120229878425011,0.0139304440351786,0.9669021346166812,-28.48319999999785,-120.80899999999929,-0.0966784923285793,0.5,0.5
2025-12-16,7302.159,7302.159,7143.615,7181.62,230526007,7316.3758,228928178.8,0.0145617135237925,0.014299980709235,1.0069796047318225,-16.999000000000706,-65.59500000000116,0.1205345612194677,0.5,0.5
2025-12-17,7178.307,7303.376,7149.019,7288.739,220498775,7292.4746,229905707.0,0.0163844889283656,0.0145216295622085,0.959083521141126,15.89139999999952,234.57700000000025,-0.0879735537058378,0.55,0.5
2025-12-18,7244.639,7336.731,7241.861,7272.402,200044662,7284.556,223110464.8,0.015890519743158,0.014446934876314,0.8966171182482338,15.982600000000277,-123.45599999999922,-0.0145703193021956,0.55,0.55
2025-12-19,7295.671,7357.042,7279.987,7329.806,219205547,7276.329,218246537.6,0.0152717231475337,0.0135107652848165,1.0043941563084848,-0.3083999999998923,73.74099999999908,0.1702434409531432,0.55,0.6
2025-12-22,7363.064,7433.428,7363.064,7408.349,221601886,7296.183199999999,218375375.4,0.0152619033241822,0.0131044587897786,1.0147750660718498,28.08119999999872,21.139000000001037,-0.0973961282968861,0.55,0.6
2025-12-23,7410.224,7441.413,7363.934,7392.421,224288566,7338.3434,217127887.2,0.0129428060236439,0.0128218687832227,1.0329790838585566,22.306000000002317,-94.47100000000046,0.0078231080233419,0.55,0.6
